Data downloaded from OMNIWeb and processed by omniweb_read.py

No AlphaRatio was considered

#TIMEDELAY
0.0

#START
 2024 10 09 00 00 00 000    1.88     9.18    -1.97  -442.30    -31.60    -17.00    7.50    203737.0
 2024 10 09 00 01 00 000    3.05     8.55    -0.19  -448.00    -38.60    -39.80    7.53    183425.0
 2024 10 09 00 02 00 000    3.24     7.70    -0.67  -449.80    -33.30    -56.30    8.06    204592.0
 2024 10 09 00 03 00 000    3.35     5.82    -6.05  -454.60    -37.80    -28.70    7.52    198783.0
 2024 10 09 00 04 00 000    2.16     6.75    -4.40  -457.40    -39.00    -19.40    7.36    195879.0
 2024 10 09 00 05 00 000    1.83     7.86    -1.40  -451.20    -22.90    -11.40    9.08    296958.0
 2024 10 09 00 06 00 000    2.24     8.43    -2.21  -451.20    -22.90    -11.40    9.08    296958.0
 2024 10 09 00 07 00 000    3.05     6.49    -5.87  -452.20    -36.60    -14.90    7.42    192585.0
 2024 10 09 00 08 00 000    3.40     5.66    -6.23  -452.20    -36.20    -11.40    7.34    177747.0
 2024 10 09 00 09 00 000    2.54     6.96    -5.22  -452.00    -32.90     14.10    6.68     69855.0
 2024 10 09 00 10 00 000    2.27     7.17    -4.33  -453.30    -40.00    -15.00    7.15    146668.0
 2024 10 09 00 11 00 000    2.82     5.78    -6.62  -453.40    -40.40    -16.50    7.17    150646.0
 2024 10 09 00 12 00 000    1.78     6.06    -6.78  -442.10    -34.50    -11.70    6.78    172843.0
 2024 10 09 00 13 00 000    1.52     6.33    -4.85  -437.20    -33.10    -19.70    6.93    175453.0
 2024 10 09 00 14 00 000   -1.45     7.58    -3.07  -423.80    -29.30    -41.40    7.33    182578.0
 2024 10 09 00 15 00 000   -1.00     7.05    -4.97  -423.80    -29.30    -41.40    7.33    182578.0
 2024 10 09 00 16 00 000   -1.40     7.60    -3.43  -423.80    -29.30    -41.40    7.33    182578.0
 2024 10 09 00 17 00 000   -4.35     7.53    -1.78  -423.80    -29.30    -41.40    7.33    182578.0
 2024 10 09 00 18 00 000   -4.36     7.54    -2.00  -423.80    -29.30    -41.40    7.33    182578.0
 2024 10 09 00 19 00 000   -2.06     7.71    -3.61  -416.00    -33.80    -17.20    7.40    195119.0
 2024 10 09 00 20 00 000   -0.23     7.77    -3.75  -424.70    -35.30    -10.70    7.32    190638.0
 2024 10 09 00 21 00 000   -1.05     8.60     0.12  -437.60    -37.60     -0.90    7.19    183945.0
 2024 10 09 00 22 00 000   -1.04     8.84    -0.79  -431.30    -30.90    -26.60    7.43    197255.0
 2024 10 09 00 23 00 000   -2.13     6.97    -4.24  -431.30    -30.90    -26.60    7.43    197255.0
 2024 10 09 00 24 00 000   -1.11     7.49    -3.59  -431.30    -30.90    -26.60    7.43    197255.0
 2024 10 09 00 25 00 000   -1.77     8.21    -2.90  -424.40    -43.70    -27.50    7.75    186087.0
 2024 10 09 00 26 00 000   -3.31     7.46    -3.33  -424.40    -43.70    -27.50    7.75    186087.0
 2024 10 09 00 27 00 000    0.02     8.34    -0.66  -424.40    -43.70    -27.50    7.75    186087.0
 2024 10 09 00 28 00 000    2.06     7.77     1.38  -438.40    -35.60    -52.50    7.29    150223.0
 2024 10 09 00 29 00 000   -1.55     5.24    -6.99  -445.20    -28.00    -61.40    6.67    130101.0
 2024 10 09 00 30 00 000   -2.03     3.65    -7.97  -422.50    -19.60      3.30    7.43    224825.0
 2024 10 09 00 31 00 000   -1.28     5.14    -7.29  -423.10    -21.00      4.80    7.38    224273.0
 2024 10 09 00 32 00 000   -1.87     4.48    -7.57  -426.00    -28.50     12.70    7.04    221372.0
 2024 10 09 00 33 00 000    3.07     7.68     1.30  -426.00    -28.50     12.70    7.04    221372.0
 2024 10 09 00 34 00 000    0.93     6.99    -5.25  -426.00    -28.50     12.70    7.04    221372.0
 2024 10 09 00 35 00 000   -0.26     4.53    -7.71  -426.00    -28.50     12.70    7.04    221372.0
 2024 10 09 00 36 00 000   -0.42     3.72    -7.93  -434.40    -14.10      8.50    7.03    202331.0
 2024 10 09 00 37 00 000    0.61     6.62    -3.85  -434.40    -14.10      8.50    7.03    202331.0
 2024 10 09 00 38 00 000    2.98     8.63    -1.11  -434.40    -14.10      8.50    7.03    202331.0
 2024 10 09 00 39 00 000    1.06     6.76    -3.20  -434.40    -14.10      8.50    7.03    202331.0
 2024 10 09 00 40 00 000   -3.43     2.50    -7.50  -424.00    -10.90     12.00    7.23    263298.0
 2024 10 09 00 41 00 000   -3.12     4.26    -7.04  -424.00    -10.90     12.00    7.23    263298.0
 2024 10 09 00 42 00 000   -3.32     3.33    -7.43  -424.00    -10.90     12.00    7.23    263298.0
 2024 10 09 00 43 00 000   -3.52     3.73    -7.38  -416.70     -9.10      6.30    7.27    238754.0
 2024 10 09 00 44 00 000   -3.02     4.88    -7.42  -416.70     -9.10      6.30    7.27    238754.0
 2024 10 09 00 45 00 000   -1.76     6.15    -6.78  -419.40    -13.10      3.40    6.97    220282.0
 2024 10 09 00 46 00 000   -2.71     5.83    -6.75  -425.80    -22.70     -3.70    6.27    175830.0
 2024 10 09 00 47 00 000   -1.13     6.31    -6.44  -425.80    -22.70     -3.70    6.27    175830.0
 2024 10 09 00 48 00 000   -1.37     7.01    -5.77  -425.80    -22.70     -3.70    6.27    175830.0
 2024 10 09 00 49 00 000   -1.86     6.92    -5.88  -427.60    -31.80     -7.90    7.01    200585.0
 2024 10 09 00 50 00 000   -2.32     6.71    -5.84  -427.60    -31.80     -7.90    7.01    200585.0
 2024 10 09 00 51 00 000   -1.89     7.00    -5.82  -431.00    -29.50    -11.40    7.22    200363.0
 2024 10 09 00 52 00 000   -1.53     7.31    -5.54  -431.90    -28.90    -12.30    7.27    200307.0
 2024 10 09 00 53 00 000   -1.24     7.47    -5.32  -426.00    -29.50    -13.00    7.60    204506.0
 2024 10 09 00 54 00 000   -1.19     7.61    -5.15  -426.00    -29.50    -13.00    7.60    204506.0
 2024 10 09 00 55 00 000   -1.06     7.89    -4.71  -427.90    -29.40    -17.50    7.33    201082.0
 2024 10 09 00 56 00 000   -1.34     8.01    -4.32  -428.40    -29.40    -18.60    7.26    200237.0
 2024 10 09 00 57 00 000   -0.91     7.99    -4.59  -431.20    -28.00    -19.50    7.67    199960.0
 2024 10 09 00 58 00 000   -1.23     8.04    -4.17  -431.40    -27.80    -20.00    7.61    197220.0
 2024 10 09 00 59 00 000   -1.09     8.02    -4.33  -432.30    -26.90    -22.30    7.33    184814.0
 2024 10 09 01 00 00 000   -1.58     7.59    -5.05  -432.30    -26.90    -22.30    7.33    184814.0
 2024 10 09 01 01 00 000   -1.47     7.47    -5.23  -428.80    -29.70    -16.30    6.97    184948.0
 2024 10 09 01 02 00 000   -1.41     7.42    -4.88  -428.80    -29.70    -16.30    6.97    184948.0
 2024 10 09 01 03 00 000    0.71     8.13    -2.25  -436.50    -61.40    -32.30    8.07    235724.0
 2024 10 09 01 04 00 000    0.95     7.98    -0.76  -436.30    -60.40    -31.60    8.03    234692.0
 2024 10 09 01 05 00 000    1.31     7.90    -0.57  -431.40    -48.70    -21.50    7.54    222467.0
 2024 10 09 01 06 00 000    1.09     7.87    -0.75  -430.10    -53.90    -24.10    7.95    228649.0
 2024 10 09 01 07 00 000    1.58     7.27    -0.18  -435.70    -40.10    -26.10    7.20    207167.0
 2024 10 09 01 08 00 000    2.10     7.49     0.30  -435.80    -40.00    -26.30    7.17    206834.0
 2024 10 09 01 09 00 000    0.35     5.88    -2.26  -435.80    -40.00    -26.30    7.17    206834.0
 2024 10 09 01 10 00 000   -0.15     2.08    -3.60  -435.80    -40.00    -26.30    7.17    206834.0
 2024 10 09 01 11 00 000   -2.32     0.60    -5.44  -435.80    -40.00    -26.30    7.17    206834.0
 2024 10 09 01 12 00 000    0.74     2.28    -0.83  -435.80    -40.00    -26.30    7.17    206834.0
 2024 10 09 01 13 00 000    3.64     5.54     2.98  -455.40    -22.20    -46.20    7.92    201632.0
 2024 10 09 01 14 00 000    3.91     6.19     1.04  -455.40    -22.30    -46.20    7.92    201612.0
 2024 10 09 01 15 00 000    3.96     5.54     2.63  -460.20    -35.00    -49.10    8.03    198782.0
 2024 10 09 01 16 00 000    4.17     5.37     1.76  -461.20    -31.70    -48.70    8.11    200548.0
 2024 10 09 01 17 00 000    3.90     4.86     3.27  -465.60    -22.00    -52.50    8.13    190882.0
 2024 10 09 01 18 00 000    3.76     4.51     3.88  -462.40    -17.20    -61.30    7.78    196449.0
 2024 10 09 01 19 00 000    3.24     4.45     3.59  -460.70    -23.00    -49.40    7.93    178649.0
 2024 10 09 01 20 00 000    3.14     5.57     3.09  -454.60    -23.40    -51.00    8.14    222916.0
 2024 10 09 01 21 00 000    3.27     3.77     3.75  -457.00    -25.40    -49.90    7.90    210301.0
 2024 10 09 01 22 00 000    2.63     3.79     4.03  -463.60    -29.60    -51.40    8.51    224530.0
 2024 10 09 01 23 00 000    2.21     2.79     5.49  -463.60    -29.60    -51.40    8.51    224604.0
 2024 10 09 01 24 00 000    0.98     3.42     1.22  -463.60    -29.60    -51.40    8.51    224604.0
 2024 10 09 01 25 00 000    0.30     1.09     6.08  -463.60    -29.60    -51.40    8.51    224604.0
 2024 10 09 01 26 00 000    0.76     1.45     6.17  -463.60    -29.60    -51.40    8.51    224604.0
 2024 10 09 01 27 00 000    1.63     3.51     5.05  -444.80     -1.20    -56.00    8.70    236253.0
 2024 10 09 01 28 00 000    2.02     4.69     4.46  -444.80     -1.20    -56.00    8.70    236253.0
 2024 10 09 01 29 00 000    1.95     4.41     4.91  -444.80     -1.20    -56.00    8.70    236253.0
 2024 10 09 01 30 00 000    2.19     4.65     4.61  -444.80     -1.20    -56.00    8.70    236253.0
 2024 10 09 01 31 00 000    2.25     5.75     2.87  -446.30    -20.90    -50.30    8.10    222838.0
 2024 10 09 01 32 00 000    2.59     5.62     3.65  -450.50    -21.30    -52.80    8.05    217450.0
 2024 10 09 01 33 00 000    2.91     6.23     1.95  -452.80    -21.30    -54.40    7.99    213327.0
 2024 10 09 01 34 00 000    3.28     5.55     2.82  -456.40    -32.60    -52.70    7.72    207972.0
 2024 10 09 01 35 00 000    3.01     6.01     1.91  -455.90    -31.70    -52.60    7.74    210435.0
 2024 10 09 01 36 00 000    3.17     5.59     2.57  -454.80    -29.70    -52.30    7.80    216061.0
 2024 10 09 01 37 00 000    2.56     5.47     3.53  -453.50    -21.40    -59.20    7.61    207036.0
 2024 10 09 01 38 00 000    2.54     5.50     3.76  -453.20    -19.40    -60.80    7.57    204928.0
 2024 10 09 01 39 00 000    2.53     5.48     3.62  -449.90    -19.40    -59.70    7.86    211055.0
 2024 10 09 01 40 00 000    2.66     5.10     3.78  -449.70    -19.40    -59.60    7.88    211458.0
 2024 10 09 01 41 00 000    1.40     2.28     3.73  -449.70    -19.40    -59.60    7.88    211458.0
 2024 10 09 01 42 00 000    0.27     0.88     3.88  -449.70    -19.40    -59.60    7.88    211458.0
 2024 10 09 01 43 00 000    3.07     5.25     3.86  -451.50    -19.30    -65.80    7.94    236026.0
 2024 10 09 01 44 00 000    3.33     5.19     3.45  -451.90    -19.90    -65.50    7.93    234293.0
 2024 10 09 01 45 00 000    3.67     5.83     2.55  -456.10    -27.20    -62.30    7.83    213969.0
 2024 10 09 01 46 00 000    2.29     5.95     2.99  -454.50    -25.50    -58.50    7.69    207314.0
 2024 10 09 01 47 00 000    1.91     6.15     2.85  -452.90    -23.70    -54.60    7.54    200515.0
 2024 10 09 01 48 00 000    2.03     5.87     3.33  -452.90    -23.70    -54.60    7.54    200515.0
 2024 10 09 01 49 00 000    2.49     6.09     2.73  -448.70    -21.70    -50.50    8.49    250214.0
 2024 10 09 01 50 00 000    2.79     6.30     1.46  -448.70    -21.70    -50.50    8.49    250214.0
 2024 10 09 01 51 00 000    2.72     6.43     0.56  -448.70    -21.70    -50.50    8.49    250214.0
 2024 10 09 01 52 00 000    3.10     6.11     0.23  -448.70    -21.70    -50.50    8.49    250214.0
 2024 10 09 01 53 00 000    3.58     5.09     0.92  -448.70    -21.70    -50.50    8.49    250214.0
 2024 10 09 01 54 00 000    2.65     1.57     3.60  -460.50      0.70    -60.30    7.82    223353.0
 2024 10 09 01 55 00 000    2.55     1.16     4.32  -460.50      0.70    -60.30    7.82    223353.0
 2024 10 09 01 56 00 000    2.76     1.55     5.00  -460.50      0.70    -60.30    7.82    223353.0
 2024 10 09 01 57 00 000    2.54     1.49     5.76  -460.50      0.70    -60.30    7.82    223353.0
 2024 10 09 01 58 00 000    2.75     1.84     5.83  -460.50      0.70    -60.30    7.82    223353.0
 2024 10 09 01 59 00 000    3.13     2.42     5.31  -453.80      4.60    -66.30    8.05    236706.0
 2024 10 09 02 00 00 000    2.41     4.61     0.54  -450.40    -10.60    -48.40    7.90    220136.0
 2024 10 09 02 01 00 000    1.76     6.37    -0.64  -448.90    -17.20    -40.60    7.84    212949.0
 2024 10 09 02 02 00 000    0.80     5.84    -2.53  -443.70    -21.10    -23.30    7.33    200655.0
 2024 10 09 02 03 00 000    0.34     5.55    -2.58  -443.70    -21.10    -23.30    7.33    200655.0
 2024 10 09 02 04 00 000   -0.36     5.38    -2.34  -443.70    -21.10    -23.30    7.33    200655.0
 2024 10 09 02 05 00 000   -0.82     5.44    -1.40  -429.90    -24.90    -17.60    7.75    206975.0
 2024 10 09 02 06 00 000   -1.56     5.33    -0.96  -429.90    -24.90    -17.60    7.75    206975.0
 2024 10 09 02 07 00 000   -0.17     5.87    -0.35  -429.90    -24.90    -17.60    7.75    206975.0
 2024 10 09 02 08 00 000    0.35     5.68     0.50  -429.90    -24.90    -17.60    7.75    206975.0
 2024 10 09 02 09 00 000    0.25     5.70     0.30  -434.40    -19.40    -36.30    8.06    224825.0
 2024 10 09 02 10 00 000   -0.13     5.75     0.64  -434.40    -19.40    -36.30    8.06    224825.0
 2024 10 09 02 11 00 000   -1.29     5.97     0.43  -434.40    -19.40    -36.30    8.06    224825.0
 2024 10 09 02 12 00 000   -1.10     6.08     0.93  -434.40    -19.40    -36.30    8.06    224825.0
 2024 10 09 02 13 00 000   -2.20     5.87     1.05  -423.30    -21.20    -35.20    7.37    221885.0
 2024 10 09 02 14 00 000   -1.05     3.27    -1.79  -426.20    -20.50    -24.30    7.70    233616.0
 2024 10 09 02 15 00 000   -1.15     3.14    -2.22  -426.00    -21.50    -15.90    8.14    246059.0
 2024 10 09 02 16 00 000    0.34     4.87    -0.43  -431.50    -25.00    -29.20    7.63    219823.0
 2024 10 09 02 17 00 000    1.53     5.02     0.16  -453.70    -24.90    -40.90    7.46    209741.0
 2024 10 09 02 18 00 000   -1.05     5.14    -0.93  -451.70    -32.70    -38.00    7.05    209925.0
 2024 10 09 02 19 00 000   -3.88     3.81    -0.86  -425.00    -16.00    -27.60    6.82    196912.0
 2024 10 09 02 20 00 000   -4.57     3.71    -0.84  -400.30    -18.00    -25.20    8.02    245033.0
 2024 10 09 02 21 00 000    0.55     4.21    -4.42  -431.80    -18.60    -14.80    7.34    228306.0
 2024 10 09 02 22 00 000    1.69     5.42    -3.58  -433.70    -19.40    -15.60    7.15    222333.0
 2024 10 09 02 23 00 000   -1.48     3.82    -4.88  -433.50    -19.10    -14.70    6.45    210176.0
 2024 10 09 02 24 00 000   -2.67     2.91    -5.31  -422.60     -8.80    -10.30    6.34    227266.0
 2024 10 09 02 25 00 000   -3.25     3.04    -5.95  -420.90      0.00     -8.90    6.36    234333.0
 2024 10 09 02 26 00 000   -4.97     1.90    -6.06  -425.00     -5.50      0.50    6.05    215989.0
 2024 10 09 02 27 00 000   -5.40     1.68    -5.61  -410.60     -1.30    -14.50    5.91    134863.0
 2024 10 09 02 28 00 000   -4.29     1.88    -6.51  -413.40     -7.30     -7.00    6.31    195389.0
 2024 10 09 02 29 00 000   -1.81     1.96    -2.96  -417.00    -14.20      2.00    6.78    266903.0
 2024 10 09 02 30 00 000    0.39     2.87    -2.87  -436.60    -17.70     -6.00    8.27    317828.0
 2024 10 09 02 31 00 000    4.58     2.71    -1.35  -436.60    -17.70     -6.00    8.27    317828.0
 2024 10 09 02 32 00 000    4.91     2.84    -0.57  -465.80    -23.00    -23.00    7.22    236390.0
 2024 10 09 02 33 00 000    4.15     3.67    -1.62  -465.90    -23.00    -23.10    7.22    236101.0
 2024 10 09 02 34 00 000    3.94     4.76    -1.37  -465.90    -23.00    -23.10    7.22    236101.0
 2024 10 09 02 35 00 000   -1.93     0.82    -3.51  -417.70     52.80      6.20    6.99    319017.0
 2024 10 09 02 36 00 000   -0.85     2.03    -3.52  -431.80     18.10    -11.70    6.13    234327.0
 2024 10 09 02 37 00 000   -4.10    -0.90    -4.16  -434.80     -4.70    -20.60    6.64    223018.0
 2024 10 09 02 38 00 000   -3.50    -2.88    -2.99  -447.70    -16.80    -30.70    6.88    226098.0
 2024 10 09 02 39 00 000   -3.54    -1.31    -4.29  -447.70    -16.80    -30.70    6.88    226098.0
 2024 10 09 02 40 00 000   -3.38     1.32    -4.68  -447.70    -16.80    -30.70    6.88    226098.0
 2024 10 09 02 42 00 000   -2.68     2.47    -4.47  -447.70    -16.80    -30.70    6.88    226098.0
 2024 10 09 02 43 00 000   -2.76     1.99    -4.47  -429.30    -27.30    -18.50    6.62    267546.0
 2024 10 09 02 44 00 000   -3.55     1.74    -4.17  -429.30    -27.30    -18.50    6.62    267546.0
 2024 10 09 02 45 00 000   -4.25    -1.06    -3.91  -429.30    -27.30    -18.50    6.62    267546.0
 2024 10 09 02 46 00 000   -4.39     0.60    -4.58  -429.30    -27.30    -18.50    6.62    267546.0
 2024 10 09 02 47 00 000   -3.64     2.98    -4.51  -424.50     -0.70    -27.30    6.78    278437.0
 2024 10 09 02 48 00 000   -4.74    -2.99    -3.73  -425.00     13.60     -2.10    6.70    265816.0
 2024 10 09 02 49 00 000   -4.57    -2.78    -4.34  -424.20     27.60     11.70    6.61    245070.0
 2024 10 09 02 50 00 000   -4.41    -2.18    -4.68  -420.00     34.10    -10.90    6.56    213178.0
 2024 10 09 02 51 00 000   -4.77    -2.58    -4.62  -429.30     23.40     -9.00    5.71    178010.0
 2024 10 09 02 52 00 000   -5.11    -2.99    -3.43  -429.50     23.10     -9.00    5.69    177072.0
 2024 10 09 02 53 00 000   -5.21    -1.19    -4.24  -423.00     40.70    -17.80    6.56    237767.0
 2024 10 09 02 54 00 000   -4.92    -0.80    -4.61  -423.00     40.70    -17.80    6.56    237767.0
 2024 10 09 02 55 00 000   -4.62     0.57    -4.94  -416.40      9.50    -14.80    6.83    196001.0
 2024 10 09 02 56 00 000   -5.15     0.43    -4.90  -422.80     -1.40    -12.40    6.50    203839.0
 2024 10 09 02 57 00 000   -5.90    -0.81    -4.00  -427.80     -9.00    -10.70    6.24    210958.0
 2024 10 09 02 58 00 000   -5.76    -0.83    -4.32  -427.80     -9.00    -10.70    6.24    210958.0
 2024 10 09 02 59 00 000   -6.09    -0.47    -3.84  -427.80     -9.00    -10.70    6.24    210958.0
 2024 10 09 03 00 00 000   -5.10     0.14    -3.13  -417.10      1.90    -18.30    7.09    283425.0
 2024 10 09 03 01 00 000   -0.28     3.19    -3.78  -440.60     -4.60    -22.80    6.94    211304.0
 2024 10 09 03 02 00 000   -1.02     3.91    -4.19  -428.40     -1.00    -20.20    7.22    251324.0
 2024 10 09 03 03 00 000   -3.33     2.88    -5.30  -438.60    -28.60     -8.10    6.29    191834.0
 2024 10 09 03 04 00 000   -4.40     1.02    -5.90  -438.60    -28.60     -8.10    6.29    191834.0
 2024 10 09 03 05 00 000   -4.85    -0.88    -5.11  -438.60    -28.60     -8.10    6.29    191834.0
 2024 10 09 03 06 00 000   -5.08     1.70    -5.22  -438.60    -28.60     -8.10    6.29    191834.0
 2024 10 09 03 07 00 000   -5.90     1.90    -4.47  -438.60    -28.60     -8.10    6.29    191834.0
 2024 10 09 03 08 00 000   -6.61     2.01    -3.66  -438.60    -28.60     -8.10    6.29    191834.0
 2024 10 09 03 09 00 000   -6.73     1.12    -3.52  -408.80    -16.40    -14.30    6.12    177007.0
 2024 10 09 03 10 00 000   -6.16     0.36    -4.55  -408.80    -16.40    -14.30    6.12    177007.0
 2024 10 09 03 11 00 000   -5.71     2.70    -3.85  -419.90    -14.40    -17.70    7.02    231841.0
 2024 10 09 03 12 00 000   -3.83     2.40    -5.38  -419.00    -12.70    -20.30    7.11    240326.0
 2024 10 09 03 13 00 000   -4.62     1.78    -6.21  -429.70    -19.30    -15.30    6.21    199532.0
 2024 10 09 03 14 00 000   -4.04     1.97    -6.67  -431.70    -19.20    -12.50    6.17    194410.0
 2024 10 09 03 15 00 000   -3.07     1.71    -7.46  -432.50    -18.00    -10.10    6.23    193405.0
 2024 10 09 03 16 00 000   -5.62     2.11    -5.42  -432.50    -18.00    -10.10    6.23    193405.0
 2024 10 09 03 17 00 000   -5.16     3.18    -5.51  -422.50    -29.40     -5.70    6.69    192653.0
 2024 10 09 03 18 00 000   -3.39     3.66    -6.16  -425.60    -29.60     -8.80    6.81    213205.0
 2024 10 09 03 19 00 000   -1.18     3.27    -7.09  -430.60    -28.20    -10.90    6.84    226376.0
 2024 10 09 03 20 00 000   -1.07     2.78    -7.47  -444.00    -19.90     -8.80    6.46    207684.0
 2024 10 09 03 21 00 000   -1.56     2.92    -7.56  -446.00    -20.10     -9.80    6.10    123946.0
 2024 10 09 03 22 00 000   -2.63     3.10    -7.28  -446.30    -20.10     -9.90    6.05    112073.0
 2024 10 09 03 23 00 000   -1.15     3.04    -7.45  -446.40    -17.90     -8.50    6.51    203662.0
 2024 10 09 03 24 00 000   -2.23     2.57    -6.18  -444.50    -17.90    -10.10    6.56    203653.0
 2024 10 09 03 25 00 000   -3.62     4.14    -4.68  -436.20    -16.70    -15.60    6.87    219551.0
 2024 10 09 03 26 00 000   -2.84     3.34    -5.52  -435.40    -15.80    -16.40    7.11    246396.0
 2024 10 09 03 27 00 000   -2.21     3.23    -5.90  -435.40    -15.80    -16.40    7.11    246396.0
 2024 10 09 03 28 00 000   -3.22    -1.05    -5.85  -441.20     -3.20      0.10    6.72    221889.0
 2024 10 09 03 29 00 000   -2.72    -1.80    -6.33  -441.20     -2.30     -6.30    6.58    215534.0
 2024 10 09 03 30 00 000   -3.03    -0.08    -5.87  -441.20     -1.20    -17.80    5.96    188390.0
 2024 10 09 03 31 00 000   -3.56     0.40    -6.09  -441.10     -9.10    -19.30    5.48    166789.0
 2024 10 09 03 32 00 000   -2.67     0.50    -6.66  -442.50    -15.40    -12.50    6.36    214620.0
 2024 10 09 03 33 00 000   -4.23     0.96    -5.51  -443.70     -9.90    -20.90    6.44    202852.0
 2024 10 09 03 34 00 000   -2.70     0.87    -6.48  -435.00     -0.50    -30.30    6.06    166102.0
 2024 10 09 03 35 00 000   -2.98     0.93    -6.73  -435.00     -0.50    -30.30    6.06    166102.0
 2024 10 09 03 36 00 000   -2.55     1.20    -6.87  -441.90    -14.00    -16.00    6.32    199789.0
 2024 10 09 03 37 00 000   -1.61     2.20    -6.85  -444.00    -15.30    -16.50    6.41    209834.0
 2024 10 09 03 38 00 000   -1.69     2.40    -6.92  -446.60    -17.00    -16.70    6.53    220219.0
 2024 10 09 03 39 00 000   -1.66     2.66    -6.85  -449.90    -19.10    -16.00    6.78    224383.0
 2024 10 09 03 40 00 000   -1.68     2.37    -6.18  -449.90    -19.10    -16.00    6.78    224383.0
 2024 10 09 03 41 00 000    0.25     3.22    -6.65  -449.90    -19.10    -16.00    6.78    224383.0
 2024 10 09 03 42 00 000   -0.33     2.46    -6.79  -449.90    -19.10    -16.00    6.78    224383.0
 2024 10 09 03 43 00 000   -1.12     2.44    -6.34  -449.90    -19.10    -16.00    6.78    224383.0
 2024 10 09 03 44 00 000   -0.65     2.77    -6.22  -449.90    -19.10    -16.00    6.78    224383.0
 2024 10 09 03 45 00 000   -1.19     3.40    -5.67  -449.90    -19.10    -16.00    6.78    224383.0
 2024 10 09 03 46 00 000   -2.79     0.44    -5.26  -445.10    -19.40    -19.90    6.56    221811.0
 2024 10 09 03 47 00 000   -4.51    -2.97    -3.54  -440.20     -9.70    -17.10    6.46    209766.0
 2024 10 09 03 48 00 000   -3.62    -4.89    -2.53  -434.00      2.70    -13.50    6.33    194295.0
 2024 10 09 03 49 00 000   -4.24    -4.66    -2.21  -438.50     24.70    -19.40    5.89    172843.0
 2024 10 09 03 50 00 000   -4.44    -3.66    -2.66  -438.50     24.70    -19.40    5.89    172843.0
 2024 10 09 03 51 00 000   -4.57    -3.07    -3.36  -438.50     24.70    -19.40    5.89    172843.0
 2024 10 09 03 52 00 000   -4.04    -3.83    -3.23  -443.80     12.80    -10.00    7.28    228454.0
 2024 10 09 03 53 00 000   -4.97    -3.11    -2.82  -443.80     12.80    -10.00    7.28    228454.0
 2024 10 09 03 54 00 000   -5.18    -2.08    -3.46  -443.80     12.80    -10.00    7.28    228454.0
 2024 10 09 03 55 00 000   -5.30    -1.52    -3.63  -443.80     12.80    -10.00    7.28    228454.0
 2024 10 09 03 56 00 000   -5.33    -1.13    -3.80  -439.60      0.10    -15.00    6.68    213107.0
 2024 10 09 03 57 00 000   -4.71     0.01    -4.60  -439.60      0.10    -15.00    6.68    213107.0
 2024 10 09 03 59 00 000   -2.54     2.50    -3.83  -457.40    -19.60    -32.60    5.41    209684.0
 2024 10 09 04 00 00 000    2.66     6.47    -3.74  -455.10    -17.30    -27.20    5.36    187211.0
 2024 10 09 04 01 00 000    0.83     6.28    -4.08  -462.30    -21.60    -37.80    5.20    190571.0
 2024 10 09 04 02 00 000    2.26     6.62    -4.35  -463.10    -15.70    -38.10    5.76    229400.0
 2024 10 09 04 03 00 000   -1.24     3.52    -4.88  -453.40    -18.60    -34.60    6.94    231283.0
 2024 10 09 04 04 00 000   -0.74     4.64    -4.31  -454.80    -17.00    -30.00    6.76    218755.0
 2024 10 09 04 05 00 000    1.77     4.48    -4.76  -451.10    -15.80    -30.40    7.09    223029.0
 2024 10 09 04 06 00 000    2.93     5.50    -4.11  -454.80     -8.50    -27.50    7.36    231556.0
 2024 10 09 04 07 00 000    5.20     6.87    -3.66  -463.30    -16.30    -34.00    5.70    201408.0
 2024 10 09 04 08 00 000    5.33     6.57    -3.70  -469.50    -22.10    -38.80    4.50    179436.0
 2024 10 09 04 09 00 000    5.52     6.01    -3.87  -476.70    -18.80    -35.40    4.93    185833.0
 2024 10 09 04 10 00 000    1.91     8.04    -2.79  -466.80    -19.30    -47.70    5.21    197109.0
 2024 10 09 04 11 00 000    1.04     8.48    -1.95  -460.00    -19.60    -56.10    5.40    204858.0
 2024 10 09 04 12 00 000    3.36     7.57    -2.85  -460.00    -19.60    -56.10    5.40    204858.0
 2024 10 09 04 13 00 000    5.00     6.47    -2.98  -460.00    -19.60    -56.10    5.40    204858.0
 2024 10 09 04 14 00 000    5.02     6.76    -2.33  -460.00    -19.60    -56.10    5.40    204858.0
 2024 10 09 04 15 00 000    5.18     6.67    -2.02  -469.10    -10.70    -45.00    5.74    260036.0
 2024 10 09 04 16 00 000    5.82     6.15    -1.80  -469.10    -10.70    -45.00    5.74    260036.0
 2024 10 09 04 17 00 000    5.08     6.56    -1.97  -469.10    -10.70    -45.00    5.74    260036.0
 2024 10 09 04 18 00 000    4.16     6.83    -2.91  -470.80    -11.30    -33.30    5.62    221958.0
 2024 10 09 04 19 00 000    3.77     7.22    -2.65  -468.20     -9.30    -36.70    5.64    215362.0
 2024 10 09 04 20 00 000    3.86     6.75    -3.71  -462.90    -10.50    -44.80    5.84    204811.0
 2024 10 09 04 21 00 000    4.44     6.69    -3.44  -468.30    -12.90    -43.60    5.51    191651.0
 2024 10 09 04 22 00 000    3.13     7.18    -2.50  -466.50    -12.40    -45.20    5.39    178370.0
 2024 10 09 04 23 00 000    2.17     7.88    -1.52  -455.20    -17.00    -52.90    5.41    160514.0
 2024 10 09 04 24 00 000    3.00     7.73    -1.32  -463.80    -14.10    -51.80    5.32    171117.0
 2024 10 09 04 25 00 000    2.21     8.07    -1.25  -465.00    -17.10    -53.30    5.37    179245.0
 2024 10 09 04 26 00 000    1.19     8.34    -0.42  -465.10    -18.90    -49.00    5.80    176408.0
 2024 10 09 04 27 00 000    1.39     8.51    -0.29  -454.80    -14.00    -52.00    6.67    222104.0
 2024 10 09 04 29 00 000   -0.49     8.78    -1.32  -454.80    -14.00    -52.00    6.67    222104.0
 2024 10 09 04 30 00 000    3.90     8.05    -2.00  -467.60    -18.90    -52.30    5.24    180955.0
 2024 10 09 04 31 00 000    0.72     8.41    -1.21  -462.80    -16.50    -50.90    4.99    162119.0
 2024 10 09 04 32 00 000    2.23     7.52    -1.17  -456.30    -13.30    -49.10    4.65    136331.0
 2024 10 09 04 33 00 000    0.02     8.01    -0.95  -456.30    -13.30    -49.10    4.65    136331.0
 2024 10 09 04 34 00 000    1.08     7.73    -0.94  -472.20    -24.80    -47.20    6.43    160835.0
 2024 10 09 04 35 00 000    4.22     6.30    -1.34  -472.20    -24.80    -47.20    6.43    160835.0
 2024 10 09 04 36 00 000    4.26     6.14    -1.53  -472.20    -24.80    -47.20    6.43    160835.0
 2024 10 09 04 37 00 000    4.02     6.35    -1.58  -472.20    -24.80    -47.20    6.43    160835.0
 2024 10 09 04 38 00 000    3.47     6.62    -1.78  -472.20    -24.80    -47.20    6.43    160835.0
 2024 10 09 04 39 00 000    3.34     6.65    -1.86  -472.20    -24.80    -47.20    6.43    160835.0
 2024 10 09 04 40 00 000    2.80     6.79    -2.20  -472.20    -24.80    -47.20    6.43    160835.0
 2024 10 09 04 41 00 000    2.85     6.69    -1.84  -472.20    -24.80    -47.20    6.43    160835.0
 2024 10 09 04 42 00 000    3.02     6.73    -1.80  -464.70    -22.10    -46.10    7.12    187633.0
 2024 10 09 04 43 00 000    2.65     6.80    -2.22  -464.70    -22.10    -46.10    7.12    187633.0
 2024 10 09 04 44 00 000    2.31     7.19    -1.99  -464.70    -22.10    -46.10    7.12    187633.0
 2024 10 09 04 45 00 000    2.03     7.13    -1.78  -464.70    -22.10    -46.10    7.12    187633.0
 2024 10 09 04 46 00 000    2.03     7.13    -1.79  -464.70    -22.10    -46.10    7.12    187633.0
 2024 10 09 04 47 00 000    1.71     7.14    -1.67  -464.70    -22.10    -46.10    7.12    187633.0
 2024 10 09 04 48 00 000    2.71     7.06    -1.89  -464.70    -22.10    -46.10    7.12    187633.0
 2024 10 09 04 49 00 000    2.40     7.26    -1.89  -456.30    -16.00    -45.60    6.24    176483.0
 2024 10 09 04 50 00 000    2.22     7.10    -1.82  -456.30    -16.00    -45.60    6.24    176483.0
 2024 10 09 04 51 00 000    2.22     7.09    -1.82  -456.30    -16.00    -45.60    6.24    176483.0
 2024 10 09 04 52 00 000    1.81     6.88    -1.99  -456.30    -16.00    -45.60    6.24    176483.0
 2024 10 09 04 53 00 000    1.59     6.91    -2.13  -456.30    -16.00    -45.60    6.24    176483.0
 2024 10 09 04 54 00 000    1.30     7.00    -2.28  -456.30    -16.00    -45.60    6.24    176483.0
 2024 10 09 04 55 00 000    0.23     7.46    -1.75  -456.30    -16.00    -45.60    6.24    176483.0
 2024 10 09 04 56 00 000    0.23     7.45    -1.76  -456.30    -16.00    -45.60    6.24    176483.0
 2024 10 09 04 57 00 000    0.20     7.56    -1.91  -456.30    -16.00    -45.60    6.24    176483.0
 2024 10 09 04 58 00 000    0.75     7.48    -1.59  -450.30    -21.20    -44.80    6.13    205069.0
 2024 10 09 04 59 00 000    0.78     7.51    -1.79  -450.30    -21.20    -44.80    6.13    205069.0
 2024 10 09 05 00 00 000    0.68     7.34    -2.28  -450.30    -21.20    -44.80    6.13    205069.0
 2024 10 09 05 01 00 000    1.69     7.38    -0.59  -450.30    -21.20    -44.80    6.13    205069.0
 2024 10 09 05 02 00 000    1.35     7.31    -0.88  -450.30    -21.20    -44.80    6.13    205069.0
 2024 10 09 05 03 00 000    0.49     6.80    -3.47  -451.80    -18.20    -26.20    5.40    139624.0
 2024 10 09 05 04 00 000    0.22     6.96    -3.41  -451.80    -18.20    -26.20    5.40    139624.0
 2024 10 09 05 05 00 000    0.43     7.31    -2.92  -451.80    -18.20    -26.20    5.40    139624.0
 2024 10 09 05 06 00 000    0.93     7.21    -2.49  -451.80    -18.20    -26.20    5.40    139624.0
 2024 10 09 05 07 00 000    1.99     7.28    -1.67  -451.80    -18.20    -26.20    5.40    139624.0
 2024 10 09 05 08 00 000    0.48     6.96    -2.09  -453.90    -17.80    -35.30    5.43    150887.0
 2024 10 09 05 09 00 000    0.04     6.79    -2.57  -453.90    -17.80    -35.30    5.43    150887.0
 2024 10 09 05 10 00 000    0.39     6.92    -2.20  -444.90    -13.90    -27.70    6.09    151492.0
 2024 10 09 05 11 00 000   -0.21     6.78    -2.31  -444.90    -13.90    -27.70    6.09    151492.0
 2024 10 09 05 12 00 000   -2.41     5.83    -2.88  -438.60    -16.70    -41.10    5.66    168217.0
 2024 10 09 05 13 00 000   -0.75     6.62    -2.02  -438.60    -16.70    -41.10    5.66    168217.0
 2024 10 09 05 14 00 000   -2.11     6.45    -2.08  -438.90    -16.70    -41.20    5.66    168006.0
 2024 10 09 05 15 00 000   -1.03     6.79    -1.45  -455.80    -18.60    -45.50    5.55    155944.0
 2024 10 09 05 16 00 000   -0.65     6.77    -1.46  -455.80    -18.60    -45.50    5.55    155944.0
 2024 10 09 05 17 00 000   -0.89     6.67    -0.90  -442.30     -9.70    -29.40    6.01    168281.0
 2024 10 09 05 18 00 000    0.72     6.91    -1.73  -445.60     -7.70    -29.90    5.71    147027.0
 2024 10 09 05 19 00 000   -1.17     5.75    -4.02  -456.80     -1.60    -31.70    4.75     80171.0
 2024 10 09 05 20 00 000   -0.21     2.80    -2.34  -451.30     -7.20    -37.50    6.44    248412.0
 2024 10 09 05 21 00 000    1.16     4.42    -0.75  -452.70     -4.20    -40.20    6.54    274430.0
 2024 10 09 05 22 00 000   -0.23     3.15    -1.72  -452.70     -4.20    -40.20    6.54    274430.0
 2024 10 09 05 23 00 000    0.31     4.44    -1.56  -451.10     -3.90    -43.10    6.11    245413.0
 2024 10 09 05 24 00 000    0.79     6.06    -1.88  -456.30     -8.00    -46.80    6.23    196052.0
 2024 10 09 05 25 00 000    1.99     5.03    -2.21  -458.00     -9.30    -48.00    6.26    180162.0
 2024 10 09 05 26 00 000   -0.01     3.02    -2.66  -458.00     -9.30    -48.00    6.26    180162.0
 2024 10 09 05 27 00 000    1.19     4.77    -2.96  -472.30     -9.70    -54.10    5.15    210702.0
 2024 10 09 05 28 00 000    2.82     4.81     0.73  -475.50    -18.20    -58.20    5.42    195221.0
 2024 10 09 05 29 00 000    2.44     5.19     1.79  -473.90    -15.80    -57.50    5.47    186761.0
 2024 10 09 05 30 00 000    3.23     4.91     1.80  -479.70    -13.70    -65.80    5.45    192311.0
 2024 10 09 05 31 00 000    2.92     4.95     0.97  -483.60     -5.50    -66.20    4.90    167457.0
 2024 10 09 05 32 00 000   -1.29     3.27    -1.28  -466.30     -8.80    -52.50    5.19    216121.0
 2024 10 09 05 33 00 000   -1.88     2.99    -0.97  -460.40    -18.40    -50.80    5.37    239940.0
 2024 10 09 05 34 00 000    0.03     4.07     1.76  -454.70    -14.40    -63.60    5.41    213940.0
 2024 10 09 05 35 00 000    0.98     5.95     2.52  -462.40    -11.80    -63.40    5.22    198226.0
 2024 10 09 05 36 00 000   -0.43     6.36     0.86  -475.00     -7.90    -60.50    4.94    183012.0
 2024 10 09 05 37 00 000   -1.36     6.24    -0.55  -475.00     -7.90    -60.50    4.94    183012.0
 2024 10 09 05 38 00 000   -2.28     3.82    -1.94  -475.00     -7.90    -60.50    4.94    183012.0
 2024 10 09 05 39 00 000   -3.03     3.22    -2.58  -454.40    -14.90    -46.20    5.30    219692.0
 2024 10 09 05 40 00 000   -3.38     3.53    -3.63  -454.40    -14.90    -46.20    5.30    219692.0
 2024 10 09 05 41 00 000   -3.73     3.10    -3.37  -456.20    -44.80    -32.90    5.38    223545.0
 2024 10 09 05 42 00 000   -3.42     4.03    -2.95  -456.20    -45.00    -32.80    5.38    223573.0
 2024 10 09 05 43 00 000   -4.78     4.12    -1.34  -456.20    -45.00    -32.80    5.38    223573.0
 2024 10 09 05 44 00 000   -5.31     3.33    -2.09  -456.20    -45.00    -32.80    5.38    223573.0
 2024 10 09 05 45 00 000   -5.50     2.38    -2.72  -456.20    -45.00    -32.80    5.38    223573.0
 2024 10 09 05 46 00 000   -5.09     2.24    -2.86  -456.20    -45.00    -32.80    5.38    223573.0
 2024 10 09 05 47 00 000   -5.31     3.16    -1.55  -456.20    -45.00    -32.80    5.38    223573.0
 2024 10 09 05 48 00 000   -5.08     3.43    -0.86  -456.20    -45.00    -32.80    5.38    223573.0
 2024 10 09 05 49 00 000   -5.26     4.22    -0.76  -456.20    -45.00    -32.80    5.38    223573.0
 2024 10 09 05 50 00 000   -1.86     2.29    -5.16  -450.30    -21.90    -43.80    5.39    227083.0
 2024 10 09 05 51 00 000   -1.51     1.49    -5.69  -464.60    -10.30    -23.50    5.22    189568.0
 2024 10 09 05 52 00 000   -0.19     3.18    -6.02  -462.20      6.20    -22.80    5.03    172398.0
 2024 10 09 05 53 00 000   -0.73     0.01    -6.61  -465.30    -21.80    -42.00    5.71    202637.0
 2024 10 09 05 54 00 000   -1.90    -0.78    -6.04  -465.30    -21.80    -42.00    5.71    202637.0
 2024 10 09 05 55 00 000   -2.56    -0.50    -6.65  -452.90     -8.00    -26.60    5.90    179300.0
 2024 10 09 05 56 00 000   -2.53    -0.91    -6.97  -453.30     -6.10    -16.90    5.74    192921.0
 2024 10 09 05 58 00 000   -2.61    -2.03    -6.27  -453.40     -5.30    -12.40    5.66    199264.0
 2024 10 09 06 01 00 000   -3.94    -2.18    -5.44  -453.40     -5.30    -12.40    5.66    199264.0
 2024 10 09 06 04 00 000   -3.33    -1.07    -6.27  -453.40     -5.30    -12.40    5.66    199264.0
 2024 10 09 06 07 00 000   -2.11     0.62    -6.18  -453.40     -5.30    -12.40    5.66    199264.0
 2024 10 09 06 09 00 000   -1.33     1.39    -6.79  -453.40     -5.30    -12.40    5.66    199264.0
 2024 10 09 06 10 00 000   -1.33     1.38    -6.80  -453.40     -5.30    -12.40    5.66    199264.0
 2024 10 09 06 12 00 000   -2.78     0.27    -4.63  -462.00     -9.00    -24.40    5.02    160893.0
 2024 10 09 06 13 00 000   -3.39     0.28    -3.24  -450.50    -14.80    -16.10    4.79    150460.0
 2024 10 09 06 14 00 000   -2.86     0.79    -3.07  -441.10    -26.00     -7.70    4.90    156871.0
 2024 10 09 06 15 00 000   -1.92     1.87    -3.06  -446.60      1.40    -36.30    5.62    235648.0
 2024 10 09 06 16 00 000    1.49     4.69    -2.08  -446.60      1.40    -36.30    5.62    235648.0
 2024 10 09 06 17 00 000   -2.04    -1.40    -6.60  -462.20     10.40    -17.50    5.14    188173.0
 2024 10 09 06 18 00 000   -0.22     1.52    -4.35  -462.20     10.40    -17.50    5.14    188173.0
 2024 10 09 06 19 00 000   -1.14    -1.13    -5.05  -472.20     -9.30    -44.30    5.26    153131.0
 2024 10 09 06 20 00 000    0.39     5.61    -2.18  -472.20     -9.30    -44.30    5.26    153131.0
 2024 10 09 06 21 00 000   -0.96     1.64    -4.47  -472.20     -9.30    -44.30    5.26    153131.0
 2024 10 09 06 22 00 000   -1.46     4.89    -4.04  -461.10    -17.60    -30.70    5.14    172972.0
 2024 10 09 06 23 00 000   -1.29     5.08    -3.89  -460.70    -15.50    -32.50    5.19    172829.0
 2024 10 09 06 24 00 000   -2.17     2.62    -5.35  -459.60     -9.40    -37.90    5.34    172415.0
 2024 10 09 06 25 00 000   -3.26     2.19    -5.10  -456.30    -18.90    -25.90    5.54    207542.0
 2024 10 09 06 26 00 000   -4.36     1.60    -4.22  -452.10    -13.90    -27.80    5.48    184941.0
 2024 10 09 06 27 00 000   -4.53     2.59    -3.77  -446.40    -17.20    -36.40    5.86    208574.0
 2024 10 09 06 28 00 000   -4.25     2.59    -4.58  -451.90    -18.70    -32.50    5.62    213842.0
 2024 10 09 06 29 00 000   -4.22     2.82    -4.00  -450.20    -14.50    -30.40    5.51    196729.0
 2024 10 09 06 30 00 000   -3.03     2.96    -4.26  -447.40     -9.50    -28.70    5.42    177793.0
 2024 10 09 06 31 00 000   -2.60     1.38    -5.63  -459.60      5.80    -44.10    5.49    160773.0
 2024 10 09 06 32 00 000   -1.97     5.20    -2.47  -459.60      5.80    -44.10    5.49    160773.0
 2024 10 09 06 33 00 000   -2.20     4.29    -0.86  -458.70      7.10    -42.70    5.78    175656.0
 2024 10 09 06 34 00 000   -0.78     6.00     0.39  -457.70      6.80    -44.00    6.77    218309.0
 2024 10 09 06 35 00 000   -1.31     6.07     0.91  -462.90     -3.90    -57.40    6.30    176607.0
 2024 10 09 06 36 00 000   -2.13     5.49     0.74  -462.90     -3.90    -57.40    6.30    176607.0
 2024 10 09 06 37 00 000   -2.77     5.29     1.22  -462.90     -3.90    -57.40    6.30    176607.0
 2024 10 09 06 38 00 000   -2.62     5.52    -0.76  -462.90     -3.90    -57.40    6.30    176607.0
 2024 10 09 06 39 00 000   -1.80     5.61     1.11  -462.90     -3.90    -57.40    6.30    176607.0
 2024 10 09 06 40 00 000   -0.28     5.99    -0.30  -464.10     -0.90    -59.40    5.77    160312.0
 2024 10 09 06 41 00 000    1.27     5.97     0.61  -469.50     -3.60    -55.60    5.96    161298.0
 2024 10 09 06 42 00 000    2.24     5.50     1.19  -471.50     -5.40    -53.10    6.08    161647.0
 2024 10 09 06 43 00 000   -1.78     4.90    -0.91  -457.80    -26.40    -38.30    5.35    188463.0
 2024 10 09 06 44 00 000    0.14     5.23     1.15  -469.50    -11.10    -55.90    5.72    179024.0
 2024 10 09 06 45 00 000   -3.37     5.13    -2.61  -474.10     -9.60    -60.70    5.85    177731.0
 2024 10 09 06 46 00 000   -2.93     4.92    -2.77  -460.00    -35.70    -44.60    5.22    178975.0
 2024 10 09 06 47 00 000   -3.39     3.48    -3.50  -449.70    -33.00    -30.80    6.03    194493.0
 2024 10 09 06 48 00 000   -3.72     2.61    -4.24  -453.40    -21.10    -49.20    5.80    185533.0
 2024 10 09 06 49 00 000   -3.07    -0.30    -5.85  -459.80     -2.50    -78.80    5.39    170612.0
 2024 10 09 06 50 00 000   -3.07     1.24    -5.79  -459.60     -6.90     -7.50    5.36    193313.0
 2024 10 09 06 51 00 000   -2.68     0.20    -6.02  -460.10     -3.30     -8.00    5.36    191699.0
 2024 10 09 06 52 00 000   -3.29     1.00    -5.53  -458.10     -0.30    -15.10    5.86    191154.0
 2024 10 09 06 53 00 000   -3.00     1.47    -5.72  -456.20    -10.40    -23.10    5.87    217412.0
 2024 10 09 06 54 00 000   -2.26     2.72    -5.77  -461.20    -28.00    -27.90    5.78    235779.0
 2024 10 09 06 55 00 000   -2.50     2.19    -5.87  -472.80    -31.10    -17.00    5.61    203312.0
 2024 10 09 06 56 00 000   -3.82     2.63    -3.22  -446.60     51.80    -18.10    5.28    176222.0
 2024 10 09 06 57 00 000   -5.39    -2.53    -1.46  -446.60     51.80    -18.10    5.28    176222.0
 2024 10 09 06 58 00 000   -4.85    -2.48    -1.62  -446.60     51.80    -18.10    5.28    176222.0
 2024 10 09 06 59 00 000   -3.85    -1.54    -2.32  -443.50     47.50    -19.50    4.94    158597.0
 2024 10 09 07 00 00 000   -3.44    -3.10    -3.96  -446.50     25.10    -20.40    5.03    163115.0
 2024 10 09 07 01 00 000   -3.00    -2.76    -5.21  -456.20     26.20    -14.10    5.01    168817.0
 2024 10 09 07 02 00 000   -4.01    -1.96    -4.37  -468.20     19.60     -4.70    4.47    116527.0
 2024 10 09 07 03 00 000   -3.71    -0.89    -4.68  -452.20      3.80    -10.70    4.93    150352.0
 2024 10 09 07 04 00 000   -4.06    -0.48    -4.48  -454.60      8.40    -19.10    5.18    166720.0
 2024 10 09 07 05 00 000   -4.55    -2.16    -3.79  -450.90      4.70    -19.30    5.34    168653.0
 2024 10 09 07 06 00 000   -4.82    -2.73    -2.97  -446.10     24.10    -14.60    5.17    151258.0
 2024 10 09 07 07 00 000   -3.38    -2.65    -3.29  -441.20     29.80    -22.70    4.98    140451.0
 2024 10 09 07 08 00 000   -2.69    -2.21    -3.70  -445.00     41.80    -22.50    5.49    178183.0
 2024 10 09 07 09 00 000   -3.26    -2.71    -3.86  -448.40     34.10    -16.90    5.43    152621.0
 2024 10 09 07 10 00 000   -2.46    -2.33    -4.31  -458.10     17.20     -5.90    4.47    141608.0
 2024 10 09 07 11 00 000   -1.41    -1.86    -3.94  -455.40     19.30     -8.50    4.63    142573.0
 2024 10 09 07 12 00 000   -4.08    -2.35    -4.42  -448.50     24.90    -15.60    5.03    144164.0
 2024 10 09 07 13 00 000   -2.79    -2.20    -4.12  -445.80     42.70    -30.30    5.02     99431.0
 2024 10 09 07 14 00 000   -4.49    -2.94    -3.57  -445.80     42.70    -30.30    5.02     99431.0
 2024 10 09 07 15 00 000    2.59    -0.80    -5.56  -488.00     15.40    -12.80    5.00    145498.0
 2024 10 09 07 16 00 000    2.79    -0.67    -5.43  -488.00     15.40    -12.80    5.00    145498.0
 2024 10 09 07 17 00 000    2.95    -0.98    -5.42  -486.00      8.90     -9.40    5.03    154285.0
 2024 10 09 07 18 00 000    1.92    -1.44    -5.40  -486.00      8.90     -9.40    5.03    154290.0
 2024 10 09 07 19 00 000    1.59    -2.30    -5.21  -485.80      9.20     -9.20    5.03    154348.0
 2024 10 09 07 20 00 000    1.08    -1.93    -5.47  -478.30     19.00     -1.70    4.93    156190.0
 2024 10 09 07 21 00 000    1.22    -2.93    -4.86  -478.30     19.00     -1.70    4.93    156190.0
 2024 10 09 07 22 00 000    0.81    -1.73    -5.56  -478.30     19.00     -1.70    4.93    156190.0
 2024 10 09 07 23 00 000    1.12    -0.83    -5.71  -478.30     19.00     -1.70    4.93    156190.0
 2024 10 09 07 24 00 000    1.12    -0.84    -5.71  -478.30     19.00     -1.70    4.93    156190.0
 2024 10 09 07 27 00 000    3.07    -0.53    -5.10  -478.30     19.00     -1.70    4.93    156190.0
 2024 10 09 07 29 00 000   -2.04     0.17    -4.90  -478.30     19.00     -1.70    4.93    156190.0
 2024 10 09 07 30 00 000   -0.82    -1.25    -5.32  -453.30     18.90    -10.50    4.14    143959.0
 2024 10 09 07 31 00 000   -2.28    -0.64    -4.96  -453.30     18.90    -10.50    4.14    143959.0
 2024 10 09 07 32 00 000   -3.03    -2.61    -4.95  -453.30     18.90    -10.50    4.14    143959.0
 2024 10 09 07 33 00 000    0.88     0.40    -5.87  -453.30     18.90    -10.50    4.14    143959.0
 2024 10 09 07 34 00 000   -2.57    -0.55    -4.85  -453.30     18.90    -10.50    4.14    143959.0
 2024 10 09 07 35 00 000   -3.14    -2.94    -4.70  -453.30     18.90    -10.50    4.14    143959.0
 2024 10 09 07 36 00 000   -0.23     0.59    -5.60  -475.70     -0.20    -11.40    4.82    144254.0
 2024 10 09 07 37 00 000    0.32     0.38    -3.98  -475.70     -0.20    -11.40    4.82    144254.0
 2024 10 09 07 38 00 000   -0.81     1.63    -4.99  -475.70     -0.20    -11.40    4.82    144254.0
 2024 10 09 07 39 00 000    1.72     1.55    -4.68  -475.70     -0.20    -11.40    4.82    144254.0
 2024 10 09 07 40 00 000    0.06    -0.31    -5.13  -475.70     -0.20    -11.40    4.82    144254.0
 2024 10 09 07 41 00 000    1.11     1.55    -4.61  -473.00    -29.20    -16.30    6.35    224162.0
 2024 10 09 07 42 00 000   -0.01     1.87    -4.85  -473.00    -29.20    -16.30    6.35    224162.0
 2024 10 09 07 43 00 000   -1.66    -0.13    -4.61  -453.20      6.70    -14.30    4.25     82487.0
 2024 10 09 07 44 00 000   -2.70    -1.97    -4.45  -452.80      7.50    -14.30    4.20     79282.0
 2024 10 09 07 45 00 000   -0.74    -0.74    -5.08  -452.80      7.50    -14.30    4.20     79282.0
 2024 10 09 07 46 00 000    0.89     0.68    -5.27  -452.80      7.50    -14.30    4.20     79282.0
 2024 10 09 07 47 00 000   -2.13    -1.61    -4.82  -452.80      7.50    -14.30    4.20     79282.0
 2024 10 09 07 48 00 000   -2.09    -1.47    -4.50  -452.80      7.50    -14.30    4.20     79282.0
 2024 10 09 07 49 00 000   -3.38    -1.74    -4.30  -469.90     -1.40     -8.50    5.35    173684.0
 2024 10 09 07 50 00 000   -1.69    -1.14    -5.02  -465.30      2.20     -9.20    5.19    171309.0
 2024 10 09 07 51 00 000    0.58     0.04    -5.92  -457.30     11.50     -9.80    4.66    160140.0
 2024 10 09 07 52 00 000   -0.35    -0.60    -5.32  -473.30      3.70     -6.40    4.80    157820.0
 2024 10 09 07 53 00 000   -0.60    -0.45    -5.48  -468.90      3.80    -12.50    4.32    123878.0
 2024 10 09 07 54 00 000   -1.32    -0.68    -5.28  -468.90      3.80    -12.50    4.32    123878.0
 2024 10 09 07 55 00 000   -0.38    -0.34    -5.33  -470.30      0.20    -10.60    4.46    141840.0
 2024 10 09 07 56 00 000   -0.06     0.04    -5.25  -470.70     -0.80    -10.10    4.50    146866.0
 2024 10 09 07 57 00 000    0.17     2.10    -4.33  -470.70     -0.80    -10.10    4.50    146866.0
 2024 10 09 07 58 00 000   -1.48     4.42    -3.19  -466.60      0.60    -37.80    4.78    128798.0
 2024 10 09 07 59 00 000   -1.95     4.28    -3.17  -466.60      0.60    -37.80    4.78    128798.0
 2024 10 09 08 00 00 000   -2.94     3.36    -3.54  -466.60      0.60    -37.80    4.78    128798.0
 2024 10 09 08 01 00 000   -2.91     2.60    -4.04  -466.60      0.60    -37.80    4.78    128798.0
 2024 10 09 08 02 00 000   -3.39     1.64    -4.19  -449.80     -2.80    -21.40    5.03    119106.0
 2024 10 09 08 03 00 000   -3.35     1.44    -4.24  -449.80     -2.80    -21.40    5.03    119106.0
 2024 10 09 08 04 00 000   -3.63     1.04    -4.20  -449.80     -2.80    -21.40    5.03    119106.0
 2024 10 09 08 05 00 000   -3.74     1.13    -4.16  -449.80     -2.80    -21.40    5.03    119106.0
 2024 10 09 08 06 00 000   -3.33     1.03    -4.42  -449.80     -2.80    -21.40    5.03    119106.0
 2024 10 09 08 07 00 000   -3.80    -1.05    -3.84  -444.50     21.10    -15.40    4.88    150827.0
 2024 10 09 08 08 00 000   -3.13    -2.95    -4.14  -444.50     21.10    -15.40    4.88    150827.0
 2024 10 09 08 09 00 000   -3.41    -1.66    -4.46  -444.50     21.10    -15.40    4.88    150827.0
 2024 10 09 08 10 00 000   -3.80    -0.94    -4.28  -444.50     21.10    -15.40    4.88    150827.0
 2024 10 09 08 11 00 000   -3.93    -1.58    -3.84  -444.50     21.10    -15.40    4.88    150827.0
 2024 10 09 08 12 00 000   -4.01    -0.80    -3.91  -444.70     26.60     -7.50    4.91    123823.0
 2024 10 09 08 13 00 000   -4.07    -0.38    -3.90  -444.70     26.60     -7.50    4.91    123823.0
 2024 10 09 08 14 00 000   -3.92    -0.04    -4.11  -444.70     26.60     -7.50    4.91    123823.0
 2024 10 09 08 15 00 000   -4.05     0.82    -3.83  -444.70     26.60     -7.50    4.91    123823.0
 2024 10 09 08 16 00 000   -3.38     2.28    -3.54  -452.00    -12.60    -26.50    5.28    144512.0
 2024 10 09 08 17 00 000   -3.25     2.71    -3.45  -446.60     -5.30    -23.80    5.14    134412.0
 2024 10 09 08 18 00 000   -3.30     2.73    -3.58  -441.50      1.80    -21.30    5.02    124520.0
 2024 10 09 08 19 00 000   -4.16     1.36    -3.48  -452.90    -11.70    -32.00    4.80    124371.0
 2024 10 09 08 20 00 000   -3.48     2.29    -3.73  -452.90    -11.70    -32.00    4.80    124371.0
 2024 10 09 08 21 00 000   -4.03     0.55    -3.96  -452.90    -11.70    -32.00    4.80    124371.0
 2024 10 09 08 22 00 000   -3.96     0.96    -3.84  -452.90    -11.70    -32.00    4.80    124371.0
 2024 10 09 08 23 00 000   -4.61    -0.08    -3.41  -452.90    -11.70    -32.00    4.80    124371.0
 2024 10 09 08 24 00 000   -4.61     0.43    -3.30  -443.40      7.60    -21.40    5.09    149320.0
 2024 10 09 08 25 00 000   -5.08     1.08    -2.55  -443.40      7.60    -21.40    5.09    149320.0
 2024 10 09 08 26 00 000   -5.09     1.51    -1.92  -441.00      2.10    -39.80    5.07    125250.0
 2024 10 09 08 27 00 000   -4.85     1.59    -2.21  -441.10      1.30    -39.30    5.10    129363.0
 2024 10 09 08 28 00 000   -4.01     2.19    -2.69  -446.30     -7.70    -34.10    5.11    143514.0
 2024 10 09 08 29 00 000   -3.78     2.03    -3.26  -456.80    -21.60    -26.50    5.01    150706.0
 2024 10 09 08 30 00 000   -3.95     1.71    -3.00  -449.10     -4.70    -34.80    5.08    134717.0
 2024 10 09 08 31 00 000   -4.05     0.55    -2.94  -449.30     -5.10    -34.90    5.07    134732.0
 2024 10 09 08 32 00 000   -3.49     0.79    -3.28  -440.90      6.30    -31.10    4.55     92258.0
 2024 10 09 08 33 00 000   -3.69     2.10    -2.81  -450.00     -6.00    -42.20    4.69    106392.0
 2024 10 09 08 34 00 000   -3.22    -0.38    -3.50  -458.20     -4.90    -25.20    4.98    134285.0
 2024 10 09 08 35 00 000   -4.28    -0.13    -2.43  -446.70      7.50    -30.00    4.91    122800.0
 2024 10 09 08 36 00 000   -4.08    -0.58    -2.98  -437.00     14.00    -41.20    4.78    107180.0
 2024 10 09 08 37 00 000   -4.43     1.59    -2.80  -451.70     -1.50    -21.80    5.75    180558.0
 2024 10 09 08 38 00 000   -3.51     1.40    -3.97  -451.70     -1.50    -21.80    5.75    180558.0
 2024 10 09 08 39 00 000   -2.14    -1.78    -4.73  -451.70     -1.50    -21.80    5.75    180558.0
 2024 10 09 08 40 00 000   -3.12     2.25    -3.72  -460.00     11.50    -14.20    4.41    109073.0
 2024 10 09 08 41 00 000   -4.12     2.17    -1.49  -460.00     11.50    -14.20    4.41    109073.0
 2024 10 09 08 42 00 000   -4.99     1.99    -0.62  -460.00     11.50    -14.20    4.41    109073.0
 2024 10 09 08 43 00 000   -4.21     3.48    -0.95  -460.00     11.50    -14.20    4.41    109073.0
 2024 10 09 08 44 00 000   -3.87     3.58    -1.71  -460.00     11.50    -14.20    4.41    109073.0
 2024 10 09 08 45 00 000   -3.71     3.04    -2.59  -460.00     11.50    -14.20    4.41    109073.0
 2024 10 09 08 46 00 000   -3.90     1.56    -3.27  -454.90    -24.90    -38.10    5.15    143782.0
 2024 10 09 08 47 00 000   -3.62     1.41    -3.92  -454.90    -23.80    -36.30    5.14    141373.0
 2024 10 09 08 48 00 000   -4.37    -0.86    -2.82  -454.70    -11.50    -15.10    5.04    113588.0
 2024 10 09 08 49 00 000   -4.41    -0.97    -2.76  -448.30      5.40    -13.30    5.02    114442.0
 2024 10 09 08 50 00 000   -4.82    -1.11    -2.64  -443.10     20.10    -14.50    4.90    113116.0
 2024 10 09 08 51 00 000   -4.43    -1.34    -2.74  -447.60     15.70    -16.40    4.79    118304.0
 2024 10 09 08 52 00 000   -4.92    -1.78    -2.26  -442.90     24.00    -26.60    5.02    125850.0
 2024 10 09 08 53 00 000   -4.75    -1.03    -2.68  -442.30     24.90    -24.10    4.77    109899.0
 2024 10 09 08 54 00 000   -5.05    -1.32    -2.58  -442.60     24.90    -20.50    4.56     98014.0
 2024 10 09 08 55 00 000   -5.04    -1.53    -2.23  -442.60     24.90    -20.50    4.56     98014.0
 2024 10 09 08 56 00 000   -4.52    -0.65    -2.60  -442.60     24.90    -20.50    4.56     98014.0
 2024 10 09 08 57 00 000   -5.05    -2.78    -1.78  -443.90     42.70    -22.70    4.72    120509.0
 2024 10 09 08 58 00 000   -4.83    -0.93    -2.85  -446.20     26.00    -21.10    4.89    129362.0
 2024 10 09 08 59 00 000   -5.11    -1.35    -2.76  -447.30      5.30    -19.10    4.35     84520.0
 2024 10 09 09 00 00 000   -4.91     0.19    -3.36  -450.20      4.00    -38.70    4.65    105343.0
 2024 10 09 09 01 00 000   -5.28    -0.13    -3.27  -449.00      4.00    -42.20    4.74    110127.0
 2024 10 09 09 02 00 000   -5.36    -0.53    -3.10  -441.70      6.30    -17.30    4.46     85669.0
 2024 10 09 09 03 00 000   -5.39    -0.22    -3.15  -441.70      6.30    -17.30    4.46     85669.0
 2024 10 09 09 04 00 000   -5.12     0.25    -3.51  -442.40      1.50    -18.20    4.53     87664.0
 2024 10 09 09 05 00 000   -3.88     2.90    -3.75  -443.30     -3.90    -22.30    4.49     85280.0
 2024 10 09 09 06 00 000   -2.86     4.21    -3.63  -443.30     -3.90    -22.30    4.49     85280.0
 2024 10 09 09 07 00 000   -3.12     3.50    -4.02  -454.60    -20.30    -25.10    4.54     80601.0
 2024 10 09 09 08 00 000   -3.46     3.16    -3.99  -455.30    -21.10    -27.10    4.60     85052.0
 2024 10 09 09 09 00 000   -4.59     1.72    -3.88  -458.30    -24.10    -35.10    4.82    102874.0
 2024 10 09 09 10 00 000   -3.74     2.15    -4.08  -451.60     -6.20    -21.90    4.61     95389.0
 2024 10 09 09 11 00 000   -4.01     2.71    -3.82  -455.60     -9.20    -22.90    4.65    100776.0
 2024 10 09 09 12 00 000   -2.50     3.97    -3.82  -450.80    -14.10    -27.40    4.90    114370.0
 2024 10 09 09 13 00 000   -3.39     3.31    -4.04  -462.80    -19.00    -32.30    3.55     76111.0
 2024 10 09 09 14 00 000   -1.55     5.53    -2.11  -462.90    -19.00    -32.30    3.54     75816.0
 2024 10 09 09 15 00 000   -1.84     5.02    -3.00  -458.70    -18.90    -34.50    4.41     89164.0
 2024 10 09 09 16 00 000   -1.93     4.21    -3.85  -458.70    -18.90    -34.50    4.41     89164.0
 2024 10 09 09 17 00 000   -3.27     3.99    -3.24  -458.70    -18.90    -34.50    4.41     89164.0
 2024 10 09 09 18 00 000   -3.51     2.67    -4.02  -444.50     -3.00    -17.00    4.48    100809.0
 2024 10 09 09 19 00 000   -2.66     3.44    -2.92  -444.50     -3.00    -17.00    4.48    100809.0
 2024 10 09 09 20 00 000   -0.39     4.95    -0.32  -453.10      3.10    -32.60    4.57    101154.0
 2024 10 09 09 21 00 000   -2.29     3.66    -2.16  -454.40      4.00    -34.90    4.58    101205.0
 2024 10 09 09 22 00 000   -2.99     3.44    -3.12  -435.00    -27.10    -20.90    4.14    107639.0
 2024 10 09 09 23 00 000   -3.07     3.55    -2.88  -435.00    -27.10    -20.90    4.14    107639.0
 2024 10 09 09 24 00 000   -3.41     2.33    -3.75  -429.20    -18.50      0.10    4.71    151904.0
 2024 10 09 09 25 00 000   -3.52     2.17    -4.01  -428.60    -17.70      2.10    4.77    156067.0
 2024 10 09 09 26 00 000   -2.76     3.66    -2.69  -428.60    -17.70      2.10    4.77    156067.0
 2024 10 09 09 27 00 000   -1.34     5.59    -1.14  -428.60    -17.70      2.10    4.77    156067.0
 2024 10 09 09 28 00 000   -0.03     5.37    -1.82  -428.60    -17.70      2.10    4.77    156067.0
 2024 10 09 09 29 00 000   -3.34     4.87    -0.27  -428.60    -17.70      2.10    4.77    156067.0
 2024 10 09 09 30 00 000   -1.09     5.67     0.33  -428.60    -17.70      2.10    4.77    156067.0
 2024 10 09 09 31 00 000   -1.68     5.71     1.37  -448.60     -6.80    -73.20    4.48    110051.0
 2024 10 09 09 32 00 000   -1.78     5.79     0.80  -448.60     -6.80    -73.20    4.48    110051.0
 2024 10 09 09 33 00 000   -0.67     5.95     1.08  -448.60     -6.80    -73.20    4.48    110051.0
 2024 10 09 09 34 00 000   -1.87     5.82     0.61  -451.20     -6.40    -53.70    4.56     97965.0
 2024 10 09 09 35 00 000   -2.93     5.47    -0.20  -451.20     -6.40    -53.70    4.56     97965.0
 2024 10 09 09 36 00 000   -3.45     4.88    -1.07  -451.20     -6.40    -53.70    4.56     97965.0
 2024 10 09 09 37 00 000   -1.97     5.68     0.37  -451.20     -6.40    -53.70    4.56     97965.0
 2024 10 09 09 38 00 000   -1.71     5.79    -0.21  -449.10    -11.80    -48.00    4.83    105405.0
 2024 10 09 09 40 00 000   -1.53     5.74    -0.73  -449.10    -11.80    -48.00    4.83    105405.0
 2024 10 09 09 41 00 000   -5.51     0.36    -3.03  -449.10    -11.80    -48.00    4.83    105405.0
 2024 10 09 09 42 00 000   -3.60     3.35    -1.89  -449.10    -11.80    -48.00    4.83    105405.0
 2024 10 09 09 43 00 000   -5.50     0.34    -3.02  -449.10    -11.80    -48.00    4.83    105405.0
 2024 10 09 09 44 00 000   -3.94     3.02    -2.02  -429.20      2.30     -9.10    4.67     66076.0
 2024 10 09 09 45 00 000   -4.66     2.26    -3.18  -430.70     -2.70    -11.10    4.56     77452.0
 2024 10 09 09 46 00 000   -4.60     1.91    -2.87  -432.50     -8.80    -13.50    4.42     91296.0
 2024 10 09 09 47 00 000   -4.97     2.05    -1.38  -434.30     -7.90     -3.10    4.46     90003.0
 2024 10 09 09 48 00 000   -4.46     2.44    -0.74  -434.30     -7.90     -3.10    4.46     90003.0
 2024 10 09 09 49 00 000   -5.41     0.58    -1.67  -434.30     -7.90     -3.10    4.46     90003.0
 2024 10 09 09 50 00 000   -5.24     0.59    -2.80  -427.20      8.50     -9.40    4.22     81620.0
 2024 10 09 09 51 00 000   -4.76     1.89    -0.80  -427.50      8.10    -13.20    4.23     81952.0
 2024 10 09 09 52 00 000   -4.93     1.70    -1.78  -431.30      2.40    -66.80    4.30     86582.0
 2024 10 09 09 53 00 000   -5.16    -1.43    -2.83  -424.50     15.10     -6.20    4.38    119256.0
 2024 10 09 09 54 00 000   -4.84    -1.97    -2.91  -424.40     22.20      2.40    4.20    117547.0
 2024 10 09 09 55 00 000   -4.51    -2.23    -2.90  -425.40     18.80      3.50    3.97     95826.0
 2024 10 09 09 56 00 000   -4.28     0.21    -2.80  -428.40     21.00     -6.20    4.49    117062.0
 2024 10 09 09 57 00 000   -3.83     1.89    -3.08  -427.80     15.90     -9.20    4.36     95179.0
 2024 10 09 09 58 00 000   -3.73     2.89    -3.03  -432.80     16.90     -6.30    4.41     77158.0
 2024 10 09 09 59 00 000   -2.90     2.81    -2.80  -451.90    -28.50    -27.00    4.36     77033.0
 2024 10 09 10 00 00 000   -2.46     3.14    -3.20  -447.00    -30.00    -28.50    4.43     93062.0
 2024 10 09 10 01 00 000   -2.83     2.19    -2.81  -447.00    -30.00    -28.50    4.43     93062.0
 2024 10 09 10 02 00 000   -1.46     5.31    -2.84  -447.00    -30.00    -28.50    4.43     93062.0
 2024 10 09 10 03 00 000   -1.68     4.34    -2.56  -430.20     19.90     -7.50    3.99     80032.0
 2024 10 09 10 04 00 000   -2.68     1.64    -2.62  -451.40    -23.50    -25.60    4.44     83672.0
 2024 10 09 10 05 00 000   -0.23     5.09    -3.63  -451.30    -31.20    -31.60    4.69     81479.0
 2024 10 09 10 06 00 000   -0.36     5.30    -3.36  -455.10    -26.00    -23.40    4.28     72974.0
 2024 10 09 10 07 00 000   -1.01     5.30    -3.45  -455.50    -18.00    -23.70    4.34     78225.0
 2024 10 09 10 08 00 000   -0.73     5.43    -3.41  -455.10    -30.80    -30.80    4.07     67977.0
 2024 10 09 10 09 00 000   -0.76     5.79    -2.64  -455.10    -30.80    -30.80    4.07     67977.0
 2024 10 09 10 10 00 000   -0.16     6.12    -1.82  -456.70    -32.00    -34.60    4.43     84408.0
 2024 10 09 10 11 00 000   -0.95     4.88    -3.86  -455.50    -33.10    -26.70    4.36     81181.0
 2024 10 09 10 12 00 000   -0.72     5.36    -3.07  -454.40    -31.20    -28.70    4.10     72908.0
 2024 10 09 10 13 00 000   -1.81     4.75    -3.80  -455.30    -26.70    -46.10    3.91     68872.0
 2024 10 09 10 14 00 000   -1.88     4.66    -3.86  -443.00    -26.00    -21.80    4.37     98746.0
 2024 10 09 10 15 00 000   -1.64     5.08    -2.85  -444.60    -25.40    -23.20    4.37     94377.0
 2024 10 09 10 16 00 000   -1.62     3.25    -4.54  -449.60    -23.40    -27.60    4.38     80380.0
 2024 10 09 10 17 00 000   -0.94     5.50    -2.58  -450.70    -17.10    -23.90    4.70     93264.0
 2024 10 09 10 18 00 000   -1.83     4.86    -2.85  -448.90    -20.00    -17.20    4.42     86244.0
 2024 10 09 10 19 00 000   -1.69     3.72    -3.61  -445.20    -34.10    -19.90    4.01     74550.0
 2024 10 09 10 20 00 000   -1.81     3.77    -3.75  -441.70    -27.60    -29.10    4.73     95305.0
 2024 10 09 10 21 00 000   -2.29     4.42    -3.04  -441.70    -27.60    -29.10    4.73     95305.0
 2024 10 09 10 22 00 000   -1.45     4.82    -2.25  -441.70    -27.60    -29.10    4.73     95305.0
 2024 10 09 10 23 00 000   -3.00     3.09    -4.40  -433.20    -48.40     -7.80    4.03     79019.0
 2024 10 09 10 24 00 000   -3.00     1.02    -5.25  -433.40    -43.00     -7.50    4.09     81103.0
 2024 10 09 10 25 00 000   -2.03     2.59    -5.22  -452.40    -11.90     16.10    4.00     85190.0
 2024 10 09 10 26 00 000   -2.21     2.54    -5.33  -443.50    -29.20     -0.50    4.04     88691.0
 2024 10 09 10 27 00 000   -1.99     2.42    -5.47  -442.40    -31.20     -2.40    4.04     89025.0
 2024 10 09 10 28 00 000   -1.12     0.78    -5.71  -442.40    -31.20     -2.40    4.04     89025.0
 2024 10 09 10 29 00 000   -1.15     0.99    -6.03  -440.10    -26.80      8.80    4.19     89350.0
 2024 10 09 10 30 00 000   -1.67     1.33    -5.85  -447.90    -22.50     11.10    4.22     94380.0
 2024 10 09 10 31 00 000   -1.98     1.11    -5.78  -450.50    -21.00     11.90    4.24     96095.0
 2024 10 09 10 32 00 000   -1.67     1.39    -5.87  -450.50    -21.00     11.90    4.24     96095.0
 2024 10 09 10 33 00 000   -1.88     1.08    -5.79  -443.40    -15.00     11.60    3.98     76288.0
 2024 10 09 10 34 00 000   -2.07     0.26    -5.71  -443.40    -15.00     11.60    3.98     76288.0
 2024 10 09 10 35 00 000   -0.36     2.73    -5.53  -443.40    -15.00     11.60    3.98     76288.0
 2024 10 09 10 36 00 000    0.56     2.05    -5.82  -455.20    -32.40      6.00    4.54    106392.0
 2024 10 09 10 37 00 000    0.62     1.04    -6.11  -458.00    -30.30      4.30    4.10     87768.0
 2024 10 09 10 38 00 000    0.49     0.15    -6.02  -456.10    -25.90     12.90    4.67     88559.0
 2024 10 09 10 39 00 000    0.61    -0.09    -6.40  -460.40    -16.60     18.90    4.10     86108.0
 2024 10 09 10 40 00 000    0.21     0.77    -5.97  -462.20    -12.30     19.00    4.08     90451.0
 2024 10 09 10 41 00 000   -0.38     0.98    -6.17  -462.40     -9.70     17.10    4.19     95629.0
 2024 10 09 10 42 00 000   -0.29     1.03    -5.92  -462.90     -6.00     14.60    4.30    101998.0
 2024 10 09 10 43 00 000    0.02    -0.46    -6.27  -462.90     -6.00     14.60    4.30    101998.0
 2024 10 09 10 44 00 000    0.42    -1.11    -6.06  -458.70     -4.00     20.70    3.86     77165.0
 2024 10 09 10 45 00 000    0.11    -0.45    -6.29  -458.80     -4.30     20.70    3.87     77621.0
 2024 10 09 10 46 00 000    0.46    -0.49    -6.16  -458.80     -4.30     20.70    3.87     77621.0
 2024 10 09 10 48 00 000    0.99    -2.59    -5.46  -466.50      7.70     27.90    4.03     90798.0
 2024 10 09 10 49 00 000    1.15    -3.22    -5.19  -466.50      7.70     27.90    4.03     90798.0
 2024 10 09 10 50 00 000    0.59    -2.81    -5.32  -465.60      7.40     23.20    3.99     87059.0
 2024 10 09 10 51 00 000    0.86    -3.47    -4.90  -463.90      6.00     12.00    3.99     74894.0
 2024 10 09 10 52 00 000    1.13    -3.62    -4.76  -468.50     -1.50     12.70    5.07     39226.0
 2024 10 09 10 53 00 000    1.16    -3.70    -4.63  -468.80     -2.00     12.80    5.15     36731.0
 2024 10 09 10 54 00 000    0.58    -3.14    -4.85  -468.80     -2.00     12.80    5.15     36731.0
 2024 10 09 10 55 00 000   -2.91     3.08    -4.30  -450.50      3.60      5.20    4.43     54897.0
 2024 10 09 10 56 00 000   -2.06     1.86    -5.39  -444.60    -19.80     -0.60    4.36     87018.0
 2024 10 09 10 57 00 000   -1.45     1.92    -5.72  -446.50    -26.00      2.60    4.39     97285.0
 2024 10 09 10 58 00 000   -1.77     2.49    -5.38  -443.00    -20.20      8.60    3.91     83812.0
 2024 10 09 10 59 00 000   -1.81     3.28    -4.86  -442.30    -23.40      4.70    3.71     78646.0
 2024 10 09 11 00 00 000   -1.66     3.12    -5.11  -444.00    -33.70     -5.20    3.58     66197.0
 2024 10 09 11 01 00 000   -0.26     3.99    -4.80  -448.50    -35.00     -3.40    4.14     69580.0
 2024 10 09 11 02 00 000   -0.60     3.98    -4.82  -448.50    -35.00     -3.40    4.14     69580.0
 2024 10 09 11 03 00 000   -0.94     4.30    -4.35  -443.70    -38.20     -6.40    4.23     87040.0
 2024 10 09 11 04 00 000   -0.28     4.47    -4.27  -455.90    -41.20    -14.20    3.94     79631.0
 2024 10 09 11 05 00 000    0.59     4.63    -4.01  -465.90    -39.00    -18.80    4.02     85686.0
 2024 10 09 11 06 00 000    0.52     4.67    -3.85  -470.00    -36.70    -19.80    4.07     87581.0
 2024 10 09 11 07 00 000   -2.85     0.16    -4.60  -459.40    -25.10     -6.20    3.71     70238.0
 2024 10 09 11 08 00 000   -3.25     0.68    -4.74  -432.60      4.00     24.90    3.94     87052.0
 2024 10 09 11 09 00 000   -3.68    -0.71    -4.03  -439.70    -31.80      1.40    4.19     98209.0
 2024 10 09 11 10 00 000   -3.79    -4.59    -1.47  -439.70    -31.80      1.40    4.19     98209.0
 2024 10 09 11 11 00 000   -4.26    -3.98    -0.70  -426.80     39.50      0.50    4.13     73485.0
 2024 10 09 11 12 00 000   -4.39    -3.99    -0.45  -428.30     41.20     -2.30    4.38     85467.0
 2024 10 09 11 13 00 000   -4.87    -3.27    -1.45  -423.60     25.40      6.40    4.68     99398.0
 2024 10 09 11 14 00 000   -4.90    -3.50    -1.16  -423.50     25.00     -2.50    4.63     98858.0
 2024 10 09 11 15 00 000   -4.13    -4.52    -0.29  -425.50     26.90     -5.70    4.55    103714.0
 2024 10 09 11 16 00 000   -4.64    -3.85    -0.53  -424.20     23.80      0.50    4.28    109381.0
 2024 10 09 11 17 00 000   -4.61    -2.99    -2.36  -424.20     23.80      0.50    4.28    109381.0
 2024 10 09 11 18 00 000   -1.08     1.13    -5.60  -439.40      0.50      5.70    4.59    107377.0
 2024 10 09 11 19 00 000   -0.89     1.85    -5.56  -460.80    -32.30     13.00    5.03    104548.0
 2024 10 09 11 20 00 000   -1.40     0.45    -5.85  -448.80    -11.80     13.80    3.86     77456.0
 2024 10 09 11 21 00 000   -3.00    -2.10    -3.99  -447.60     -9.70     13.90    3.75     74707.0
 2024 10 09 11 22 00 000   -4.11    -2.68    -0.70  -432.50     23.90    -20.70    4.82    123425.0
 2024 10 09 11 23 00 000   -3.72    -2.81     0.18  -432.50     31.10    -28.10    5.14    105057.0
 2024 10 09 11 24 00 000   -4.06    -1.82    -0.41  -433.00     44.10     -7.60    4.91     80422.0
 2024 10 09 11 25 00 000   -3.41    -3.75    -1.48  -434.20     38.70      3.50    4.45     84131.0
 2024 10 09 11 26 00 000   -3.01    -3.70    -2.80  -429.90     22.90     11.40    4.19     92263.0
 2024 10 09 11 27 00 000   -3.35    -3.84    -2.89  -429.60     26.80      5.40    4.13     71337.0
 2024 10 09 11 28 00 000   -3.60    -2.78    -4.00  -431.10     19.70     20.80    4.11     85806.0
 2024 10 09 11 29 00 000   -2.75    -3.90    -3.68  -431.10     19.70     20.80    4.11     85806.0
 2024 10 09 11 30 00 000   -3.13    -3.64    -3.77  -431.10     19.70     20.80    4.11     85806.0
 2024 10 09 11 31 00 000   -3.08    -3.42    -3.91  -432.80     25.70     41.10    4.61    125636.0
 2024 10 09 11 32 00 000   -3.22    -2.91    -4.01  -432.80     25.70     41.10    4.61    125636.0
 2024 10 09 11 33 00 000   -3.25    -2.87    -4.15  -432.80     25.70     41.10    4.61    125636.0
 2024 10 09 11 34 00 000   -3.70    -2.77    -3.92  -431.00     15.60     11.20    4.23    114850.0
 2024 10 09 11 35 00 000   -3.12    -3.11    -4.17  -431.00     15.60     11.20    4.23    114850.0
 2024 10 09 11 36 00 000   -2.89    -3.28    -4.10  -435.30     13.90     14.00    4.07    113800.0
 2024 10 09 11 37 00 000   -3.43    -3.07    -3.70  -435.90     13.70     14.40    4.04    113641.0
 2024 10 09 11 38 00 000   -3.24    -3.15    -4.06  -435.90     13.70     14.40    4.04    113641.0
 2024 10 09 11 39 00 000   -3.24    -3.15    -4.06  -435.90     13.70     14.40    4.04    113641.0
 2024 10 09 11 40 00 000   -3.46    -3.16    -3.81  -435.90     13.70     14.40    4.04    113641.0
 2024 10 09 11 42 00 000   -3.28    -3.16    -4.18  -435.90     13.70     14.40    4.04    113641.0
 2024 10 09 11 44 00 000   -3.42    -3.16    -4.03  -435.90     13.70     14.40    4.04    113641.0
 2024 10 09 11 46 00 000   -3.53    -3.12    -4.00  -426.70     25.10     24.50    4.57    108406.0
 2024 10 09 11 48 00 000   -3.63    -3.05    -3.97  -426.70     25.10     24.50    4.57    108406.0
 2024 10 09 11 50 00 000   -3.56    -3.17    -3.96  -426.70     25.10     24.50    4.57    108406.0
 2024 10 09 11 52 00 000   -3.50    -3.21    -3.94  -426.70     25.10     24.50    4.57    108406.0
 2024 10 09 11 54 00 000   -3.60    -2.96    -4.04  -426.70     25.10     24.50    4.57    108406.0
 2024 10 09 11 56 00 000   -3.56    -2.92    -4.09  -426.70     25.10     24.50    4.57    108406.0
 2024 10 09 11 57 00 000   -3.57    -2.19    -4.43  -426.70     25.10     24.50    4.57    108406.0
 2024 10 09 11 58 00 000   -3.32    -2.86    -4.22  -426.70     25.10     24.50    4.57    108406.0
 2024 10 09 11 59 00 000   -3.56    -2.73    -4.05  -429.50     22.20     21.60    4.53    118171.0
 2024 10 09 12 00 00 000   -2.69    -3.30    -4.27  -427.10     21.50     20.80    4.71    128101.0
 2024 10 09 12 01 00 000   -3.70    -2.37    -4.34  -423.50     20.30     19.50    5.00    143016.0
 2024 10 09 12 02 00 000   -3.39    -2.75    -4.39  -429.60     19.00     27.20    4.15    100908.0
 2024 10 09 12 03 00 000   -3.39    -2.27    -4.61  -429.70     18.90     27.10    4.15    100760.0
 2024 10 09 12 04 00 000   -2.97    -2.67    -4.82  -435.50     12.60     21.10    4.22     91455.0
 2024 10 09 12 05 00 000   -3.61    -2.20    -4.58  -435.50     12.60     21.10    4.22     91455.0
 2024 10 09 12 06 00 000   -3.52    -1.91    -4.88  -435.50     12.60     21.10    4.22     91455.0
 2024 10 09 12 07 00 000   -3.01    -2.08    -5.24  -435.50     12.60     21.10    4.22     91455.0
 2024 10 09 12 08 00 000   -4.08    -1.06    -4.54  -435.50     12.60     21.10    4.22     91455.0
 2024 10 09 12 09 00 000   -4.39    -0.27    -4.29  -429.80      0.20     12.00    4.93     69979.0
 2024 10 09 12 10 00 000   -4.20    -0.54    -4.45  -429.80      0.20     12.00    4.93     69979.0
 2024 10 09 12 11 00 000   -3.93    -0.92    -4.76  -429.80      0.20     12.00    4.93     69979.0
 2024 10 09 12 12 00 000   -3.93    -0.92    -4.76  -429.80      0.20     12.00    4.93     69979.0
 2024 10 09 12 13 00 000   -4.07    -0.84    -4.70  -429.80      0.20     12.00    4.93     69979.0
 2024 10 09 12 14 00 000   -4.12    -0.68    -4.66  -429.80      0.20     12.00    4.93     69979.0
 2024 10 09 12 16 00 000   -4.04    -1.05    -4.67  -429.80      0.20     12.00    4.93     69979.0
 2024 10 09 12 17 00 000   -2.82    -1.86    -5.00  -429.80      0.20     12.00    4.93     69979.0
 2024 10 09 12 18 00 000   -1.57    -1.93    -5.46  -432.70     10.30     37.50    5.10     99775.0
 2024 10 09 12 19 00 000   -2.66    -2.37    -4.88  -433.60     10.70     23.50    4.51     99532.0
 2024 10 09 12 20 00 000   -3.10    -2.69    -4.43  -439.50      9.40     22.00    3.93     91010.0
 2024 10 09 12 21 00 000   -2.75    -2.84    -4.53  -439.00     21.40     31.30    4.39     95764.0
 2024 10 09 12 22 00 000   -3.08    -1.09    -3.76  -438.70     22.10     32.60    4.59    111612.0
 2024 10 09 12 23 00 000   -2.86    -1.44    -3.83  -435.40     -3.10      7.80    4.99    139407.0
 2024 10 09 12 24 00 000   -3.53     0.84    -3.00  -431.90    -27.90    -18.80    5.35    162587.0
 2024 10 09 12 25 00 000   -4.23     2.21    -0.88  -431.90    -27.90    -18.80    5.35    162587.0
 2024 10 09 12 26 00 000   -3.54     2.01    -2.85  -428.00     -0.50     14.90    4.37     85312.0
 2024 10 09 12 27 00 000   -3.07     3.98    -2.03  -429.50    -19.50     -3.70    4.76    130982.0
 2024 10 09 12 28 00 000   -4.05     3.41    -1.19  -429.90      4.50     -9.40    5.10     77820.0
 2024 10 09 12 29 00 000   -2.74     4.48    -1.20  -429.90      5.90     -9.30    5.11     74707.0
 2024 10 09 12 30 00 000   -0.06     5.54     0.55  -429.90      5.90     -9.30    5.11     74707.0
 2024 10 09 12 31 00 000   -1.72     5.27    -0.45  -429.90      5.90     -9.30    5.11     74707.0
 2024 10 09 12 32 00 000   -1.13     4.61     0.00  -429.90      5.90     -9.30    5.11     74707.0
 2024 10 09 12 33 00 000   -1.97     2.78    -3.02  -429.90      5.90     -9.30    5.11     74707.0
 2024 10 09 12 34 00 000   -2.27     2.31    -3.57  -429.90      5.90     -9.30    5.11     74707.0
 2024 10 09 12 35 00 000   -2.21     0.77    -2.06  -439.80    -23.00      1.70    4.66    132170.0
 2024 10 09 12 36 00 000   -2.20     3.03    -1.20  -440.80     -6.60      3.80    5.06    133351.0
 2024 10 09 12 37 00 000   -2.21     2.66    -2.62  -441.60      7.40      5.00    5.66    133992.0
 2024 10 09 12 38 00 000   -2.02     2.05    -3.02  -444.50    -22.00     -3.00    5.19    117284.0
 2024 10 09 12 39 00 000   -0.96     1.53    -3.71  -452.30    -19.60      7.10    4.72     90023.0
 2024 10 09 12 40 00 000   -0.77     2.12    -3.91  -441.70    -16.40      4.30    4.71    101008.0
 2024 10 09 12 41 00 000   -0.63     2.24    -4.46  -461.20     -8.90     -8.90    5.08    132075.0
 2024 10 09 12 42 00 000   -1.47     2.67    -3.56  -462.60     -8.60     -9.30    5.09    133190.0
 2024 10 09 12 43 00 000   -3.43     3.03    -1.89  -462.60     -8.60     -9.30    5.09    133190.0
 2024 10 09 12 44 00 000   -1.42     2.97    -2.91  -448.60    -20.10    -14.10    4.65     83318.0
 2024 10 09 12 45 00 000   -1.82     2.35    -2.83  -443.20    -18.50    -11.50    4.61     95742.0
 2024 10 09 12 46 00 000   -1.37     4.63    -2.32  -439.90    -17.70     -8.30    4.26    100437.0
 2024 10 09 12 47 00 000   -2.35     0.50    -2.43  -442.80     12.50      9.00    4.56    100224.0
 2024 10 09 12 48 00 000   -1.49     4.30    -2.97  -436.00     36.90     24.20    4.99    123058.0
 2024 10 09 12 49 00 000   -3.01     3.23    -2.44  -436.00     36.90     24.20    4.99    123058.0
 2024 10 09 12 50 00 000   -1.66     4.35    -2.90  -436.00     36.90     24.20    4.99    123058.0
 2024 10 09 12 51 00 000   -1.19     4.40    -2.62  -445.00    -28.80    -13.40    5.09     81709.0
 2024 10 09 12 52 00 000   -1.68     3.78    -2.99  -444.50    -31.50    -10.30    5.10     80253.0
 2024 10 09 12 53 00 000   -2.37     3.51    -2.80  -442.70    -40.20     -0.30    5.15     75495.0
 2024 10 09 12 54 00 000   -2.66     3.87    -2.30  -442.70    -40.20     -0.30    5.15     75495.0
 2024 10 09 12 55 00 000   -1.37     2.25    -4.49  -442.70    -40.20     -0.30    5.15     75495.0
 2024 10 09 12 56 00 000   -1.92     3.59    -3.68  -440.30    -30.10     -1.50    3.84     97188.0
 2024 10 09 12 57 00 000   -2.23     3.15    -3.95  -440.30    -30.10     -1.50    3.84     97188.0
 2024 10 09 12 58 00 000   -2.14     3.37    -3.80  -440.30    -30.10     -1.50    3.84     97188.0
 2024 10 09 12 59 00 000   -1.24     2.54    -4.70  -446.00    -12.80     -2.30    5.06    106012.0
 2024 10 09 13 00 00 000   -0.77     2.18    -5.01  -446.00    -12.80     -2.30    5.06    106012.0
 2024 10 09 13 01 00 000   -1.02     1.08    -5.37  -446.00    -12.80     -2.30    5.06    106012.0
 2024 10 09 13 02 00 000   -0.68    -0.54    -5.45  -453.00     -5.20     25.20    4.30     91785.0
 2024 10 09 13 03 00 000   -0.09    -1.37    -5.39  -453.00     -5.20     25.20    4.30     91785.0
 2024 10 09 13 04 00 000   -0.72    -1.01    -5.46  -453.00     -5.20     25.20    4.30     91785.0
 2024 10 09 13 05 00 000   -0.62    -0.67    -5.51  -453.00     -5.20     25.20    4.30     91785.0
 2024 10 09 13 06 00 000   -0.37    -0.47    -5.53  -453.00     -5.20     25.20    4.30     91785.0
 2024 10 09 13 07 00 000   -2.38     2.04    -0.33  -459.50      4.10     19.20    4.17     87040.0
 2024 10 09 13 08 00 000   -3.83     1.14    -1.17  -459.50      4.10     19.20    4.17     87040.0
 2024 10 09 13 09 00 000   -4.13     1.14    -1.86  -459.50      4.10     19.20    4.17     87040.0
 2024 10 09 13 10 00 000   -4.03     1.02    -2.41  -459.50      4.10     19.20    4.17     87040.0
 2024 10 09 13 11 00 000   -3.52    -0.07    -3.51  -459.50      4.10     19.20    4.17     87040.0
 2024 10 09 13 12 00 000   -4.41    -0.19    -0.31  -459.50      4.10     19.20    4.17     87040.0
 2024 10 09 13 13 00 000   -4.28     1.91    -0.13  -459.50      4.10     19.20    4.17     87040.0
 2024 10 09 13 14 00 000   -4.22     2.98    -0.05  -459.50      4.10     19.20    4.17     87040.0
 2024 10 09 13 15 00 000   -4.02     3.34     0.71  -459.50      4.10     19.20    4.17     87040.0
 2024 10 09 13 16 00 000   -3.75     2.66    -2.06  -432.20    -26.80      3.20    4.46    137597.0
 2024 10 09 13 17 00 000   -3.65     3.16    -1.99  -432.20    -26.80      3.20    4.46    137597.0
 2024 10 09 13 18 00 000   -3.58     3.14    -1.88  -432.20    -26.80      3.20    4.46    137597.0
 2024 10 09 13 19 00 000   -3.63     2.17    -2.42  -432.20    -26.80      3.20    4.46    137597.0
 2024 10 09 13 20 00 000   -3.68     1.73    -1.37  -418.50     -2.80    -10.20    4.40     70974.0
 2024 10 09 13 21 00 000   -3.87     1.73    -2.76  -426.70     -8.60     -0.10    4.67    117801.0
 2024 10 09 13 22 00 000   -3.19     1.25    -2.49  -438.20    -12.60     -4.20    4.59    120430.0
 2024 10 09 13 23 00 000   -3.60     1.41    -2.23  -441.20     38.70      1.80    4.55     92001.0
 2024 10 09 13 24 00 000   -3.97     2.47    -2.29  -429.80    -23.00     11.00    4.36    157718.0
 2024 10 09 13 25 00 000   -3.42    -0.05    -2.30  -429.00    -20.30     -8.40    4.59    145811.0
 2024 10 09 13 26 00 000   -4.16    -0.25    -1.85  -428.70    -17.80    -20.50    4.73    137771.0
 2024 10 09 13 27 00 000   -3.60    -1.40    -3.06  -428.70    -17.80    -20.50    4.73    137771.0
 2024 10 09 13 28 00 000   -3.80    -1.80    -2.75  -438.00     12.10     11.90    5.38    130816.0
 2024 10 09 13 29 00 000   -3.13    -2.05    -3.37  -440.40     14.50     14.60    5.19    124716.0
 2024 10 09 13 30 00 000   -3.62    -0.11    -3.37  -449.80     23.70     25.10    4.48    101206.0
 2024 10 09 13 31 00 000   -4.60     0.12    -1.87  -424.20    -15.20    -10.40    4.67     69958.0
 2024 10 09 13 32 00 000   -3.56    -2.31    -1.93  -422.80     -9.80     -7.10    4.69     67225.0
 2024 10 09 13 33 00 000   -3.60    -2.61    -1.60  -418.00      9.20      4.70    4.81     57878.0
 2024 10 09 13 34 00 000   -3.38    -3.94    -1.72  -418.00      9.20      4.70    4.81     57878.0
 2024 10 09 13 35 00 000   -2.95    -4.06    -1.23  -438.40     70.10     -4.10    4.77     69404.0
 2024 10 09 13 36 00 000   -2.91    -3.57    -1.05  -438.40     70.10     -4.10    4.77     69404.0
 2024 10 09 13 37 00 000    0.12     2.47    -2.38  -458.70     14.90     -5.80    4.38     66355.0
 2024 10 09 13 38 00 000   -0.72    -2.05    -0.41  -468.10      1.60     -5.40    3.96     64474.0
 2024 10 09 13 39 00 000    0.38     1.31    -1.37  -453.90     52.40     -4.40    3.94     70557.0
 2024 10 09 13 40 00 000   -0.32     3.56    -2.44  -463.10    -25.00     -3.70    4.43     94895.0
 2024 10 09 13 41 00 000   -1.12     5.23    -2.17  -454.70    -26.40     -5.60    4.05     74685.0
 2024 10 09 13 42 00 000   -1.96     2.83    -2.29  -445.90    -11.60    -11.20    4.37    106906.0
 2024 10 09 13 43 00 000   -0.89     3.13    -2.80  -436.30      9.50     -9.20    4.71    108635.0
 2024 10 09 13 44 00 000   -0.34     3.45    -3.14  -451.80    -17.70     -4.30    4.37    105033.0
 2024 10 09 13 45 00 000    0.90     4.05    -2.33  -456.30    -17.70     -1.50    4.36     99685.0
 2024 10 09 13 46 00 000    1.45     3.06    -4.10  -470.30    -23.50     11.40    3.77     64258.0
 2024 10 09 13 47 00 000   -0.83     1.28    -1.75  -470.30    -23.50     11.40    3.77     64258.0
 2024 10 09 13 48 00 000    2.31     5.16    -1.89  -470.30    -23.50     11.40    3.77     64258.0
 2024 10 09 13 49 00 000    0.61     4.49    -2.19  -470.30    -23.50     11.40    3.77     64258.0
 2024 10 09 13 50 00 000    2.76     4.92    -1.70  -478.20    -32.30    -17.50    3.95    100711.0
 2024 10 09 13 51 00 000    1.22     2.79    -1.75  -478.20    -32.30    -17.50    3.95    100711.0
 2024 10 09 13 52 00 000    2.39     5.23    -1.58  -477.70    -32.30    -19.90    4.11     98062.0
 2024 10 09 13 53 00 000    2.53     4.91    -2.42  -477.70    -32.30    -19.90    4.11     98062.0
 2024 10 09 13 54 00 000    1.55     3.69    -2.30  -478.40    -40.20    -10.90    3.49     67739.0
 2024 10 09 13 55 00 000    1.93     5.29    -2.17  -478.20    -39.50     -9.80    3.51     68624.0
 2024 10 09 13 56 00 000    0.28     3.81    -2.64  -478.20    -39.50     -9.80    3.51     68624.0
 2024 10 09 13 57 00 000    1.11     4.90    -2.72  -464.40    -22.60     -6.40    3.71     70639.0
 2024 10 09 13 58 00 000    0.24     3.85    -4.65  -462.70    -22.30      2.60    3.63     66426.0
 2024 10 09 13 59 00 000   -0.21     3.52    -4.96  -458.00    -21.40     28.40    3.42     54305.0
 2024 10 09 14 00 00 000   -0.36     4.33    -4.20  -458.00    -21.40     28.40    3.42     54305.0
 2024 10 09 14 01 00 000    0.55     4.78    -3.31  -458.00    -21.40     28.40    3.42     54305.0
 2024 10 09 14 02 00 000   -0.60     4.49    -4.07  -458.40    -32.00      6.70    3.72     64652.0
 2024 10 09 14 03 00 000    0.55     4.06    -4.40  -461.50    -31.70      8.10    4.11     78525.0
 2024 10 09 14 04 00 000    1.47     4.56    -3.63  -463.90    -31.40      9.10    4.41     89211.0
 2024 10 09 14 05 00 000    0.73     4.85    -3.26  -463.90    -31.40      9.10    4.41     89211.0
 2024 10 09 14 06 00 000   -0.05     4.82    -3.58  -458.20    -31.40     -3.20    4.03     81842.0
 2024 10 09 14 07 00 000    0.38     5.01    -3.36  -462.70    -32.90     -5.80    3.64     59816.0
 2024 10 09 14 08 00 000    1.03     5.27    -2.67  -465.10    -33.00     -7.60    3.53     52854.0
 2024 10 09 14 09 00 000    0.99     5.18    -2.73  -468.70    -28.80    -12.20    3.85     71178.0
 2024 10 09 14 10 00 000    1.75     5.13    -2.19  -468.70    -28.80    -12.20    3.85     71178.0
 2024 10 09 14 11 00 000    0.96     5.23    -2.44  -468.80    -28.10    -11.00    3.36     51338.0
 2024 10 09 14 12 00 000    0.88     5.41    -2.32  -468.80    -28.10    -11.00    3.36     51338.0
 2024 10 09 14 13 00 000    0.59     5.45    -2.17  -468.80    -28.10    -11.00    3.36     51338.0
 2024 10 09 14 14 00 000    0.63     5.55    -2.07  -458.80    -56.00    -10.80    4.24     93204.0
 2024 10 09 14 15 00 000    0.47     5.37    -2.60  -463.00    -36.40    -12.20    3.90     76767.0
 2024 10 09 14 16 00 000    0.11     5.11    -3.11  -463.30    -24.10     -9.90    3.75     69564.0
 2024 10 09 14 17 00 000    0.50     5.10    -3.11  -458.20    -24.80     -2.90    3.89     77020.0
 2024 10 09 14 18 00 000   -0.02     4.72    -3.58  -458.10    -25.00     -2.90    3.88     76656.0
 2024 10 09 14 19 00 000   -1.26     4.01    -3.96  -451.90    -36.50     -3.20    3.22     57058.0
 2024 10 09 14 20 00 000   -0.91     3.55    -4.55  -449.40    -33.60      6.00    3.87     85908.0
 2024 10 09 14 21 00 000    0.03     4.53    -3.90  -454.70    -32.60      6.10    4.14     88554.0
 2024 10 09 14 22 00 000   -0.54     4.71    -3.83  -460.00    -32.90      2.80    4.11     79940.0
 2024 10 09 14 23 00 000   -0.27     4.81    -3.62  -457.60    -31.40      0.30    3.79     65845.0
 2024 10 09 14 24 00 000   -0.72     4.27    -4.16  -457.60    -31.40      0.30    3.79     65845.0
 2024 10 09 14 25 00 000   -0.07     3.78    -4.39  -457.60    -31.40      0.30    3.79     65845.0
 2024 10 09 14 26 00 000   -1.01     4.92    -3.23  -457.60    -31.40      0.30    3.79     65845.0
 2024 10 09 14 27 00 000   -0.71     4.39    -3.81  -454.80    -27.50      3.80    3.86     79150.0
 2024 10 09 14 28 00 000   -0.77     4.66    -3.35  -454.80    -27.50      3.80    3.86     79150.0
 2024 10 09 14 29 00 000   -0.98     4.85    -2.99  -454.80    -27.50      3.80    3.86     79150.0
 2024 10 09 14 30 00 000   -1.59     4.85    -2.64  -446.40    -29.40     -4.90    3.83     85124.0
 2024 10 09 14 31 00 000   -1.87     4.89    -2.47  -446.40    -29.40     -4.90    3.83     85124.0
 2024 10 09 14 32 00 000   -3.50     3.86    -0.42  -446.40    -29.40     -4.90    3.83     85124.0
 2024 10 09 14 33 00 000   -4.12     3.33     0.28  -437.10    -15.60    -17.80    4.32    101977.0
 2024 10 09 14 34 00 000   -4.27     3.29     0.75  -428.80     -4.80    -21.60    4.72    100067.0
 2024 10 09 14 35 00 000   -3.67     3.53     0.72  -420.80      5.80    -25.20    5.11     98209.0
 2024 10 09 14 36 00 000   -3.86     3.33     0.46  -420.40      2.00    -30.40    4.69     95690.0
 2024 10 09 14 37 00 000   -4.65     2.38     0.81  -431.20    -10.50    -20.40    4.23     97178.0
 2024 10 09 14 38 00 000   -4.31     2.83     0.50  -432.90    -10.80    -20.80    4.16     94264.0
 2024 10 09 14 39 00 000   -5.24     1.37     0.38  -417.70     11.40    -26.10    4.56     81152.0
 2024 10 09 14 40 00 000   -4.70     2.54    -0.23  -413.60     37.90    -24.80    4.69     58990.0
 2024 10 09 14 41 00 000   -4.68     2.41     0.12  -421.00      9.20    -16.60    4.64     95677.0
 2024 10 09 14 42 00 000   -4.62     2.74     0.42  -427.20    -20.10    -11.10    4.61    126824.0
 2024 10 09 14 43 00 000   -4.75     2.12    -0.02  -429.70     -3.40    -22.60    4.67    109116.0
 2024 10 09 14 44 00 000   -4.92     1.54    -0.55  -431.00      0.50    -19.10    4.45    127188.0
 2024 10 09 14 45 00 000   -4.91     1.58     0.19  -411.80     26.60    -14.60    4.50     90891.0
 2024 10 09 14 46 00 000   -5.50    -0.13     0.72  -411.80     26.60    -14.60    4.50     90891.0
 2024 10 09 14 47 00 000   -4.95     1.21    -0.18  -411.80     26.60    -14.60    4.50     90891.0
 2024 10 09 14 48 00 000   -5.29     0.25    -0.36  -416.60     10.30    -16.70    4.52     64336.0
 2024 10 09 14 49 00 000   -4.90     1.70    -0.17  -417.90      8.30     -9.40    4.39     77742.0
 2024 10 09 14 50 00 000   -5.31     0.34     0.39  -425.00     -3.70      0.50    4.20    108259.0
 2024 10 09 14 51 00 000   -5.01     0.67    -0.14  -417.00     12.70     -5.10    4.49     65119.0
 2024 10 09 14 52 00 000   -5.47     0.04    -0.05  -413.90     18.70     -2.60    4.51     57318.0
 2024 10 09 14 53 00 000   -5.13    -0.01     0.20  -411.60     22.60     -6.90    4.45     65359.0
 2024 10 09 14 54 00 000   -5.48     0.01    -0.74  -409.90     32.00      0.10    4.36     63034.0
 2024 10 09 14 55 00 000   -5.03     0.72    -0.28  -430.80     -1.10    -12.00    4.37    110087.0
 2024 10 09 14 56 00 000   -4.67     0.31     0.73  -436.00    -10.20    -15.90    4.38    121534.0
 2024 10 09 14 57 00 000   -4.13     2.10     0.70  -413.70     24.80      3.60    4.67     61713.0
 2024 10 09 14 58 00 000   -3.76     1.14     0.65  -413.60     24.90      3.70    4.67     61488.0
 2024 10 09 14 59 00 000   -3.79     1.92     1.34  -409.30     26.90     30.00    3.52     75346.0
 2024 10 09 15 00 00 000   -4.75    -0.21    -0.71  -414.20     22.40     20.80    3.88     69512.0
 2024 10 09 15 01 00 000   -3.67     2.22     1.51  -429.70      8.60    -14.60    4.30     76036.0
 2024 10 09 15 02 00 000   -2.65     3.21     2.55  -446.40      1.30    -39.70    4.43     92305.0
 2024 10 09 15 03 00 000   -3.06     3.33     2.49  -445.80      1.30    -46.10    4.32     82054.0
 2024 10 09 15 04 00 000   -3.00     3.76     2.36  -436.30      3.40    -45.60    4.30     88727.0
 2024 10 09 15 05 00 000   -4.20     1.20     1.49  -426.30     24.50    -24.30    4.14    102194.0
 2024 10 09 15 06 00 000   -4.01     1.82     1.31  -419.60     24.70    -11.20    4.24    105027.0
 2024 10 09 15 07 00 000   -4.24     0.63     0.61  -436.70     -7.70    -12.00    4.17    117912.0
 2024 10 09 15 08 00 000   -4.11     2.12     0.69  -422.40     11.00    -14.60    4.93    170995.0
 2024 10 09 15 09 00 000   -4.69     0.74     0.08  -429.40    -10.10    -24.70    4.67    117024.0
 2024 10 09 15 10 00 000   -4.65     0.70    -0.41  -411.40     12.20     34.50    3.65     47838.0
 2024 10 09 15 11 00 000   -4.49     0.88    -0.74  -420.90     10.40     16.60    4.26     80384.0
 2024 10 09 15 12 00 000   -4.32     0.09    -1.85  -418.60      9.70     -0.90    4.26     73386.0
 2024 10 09 15 13 00 000   -3.67    -0.03    -1.97  -419.50     10.10     17.30    4.30     72633.0
 2024 10 09 15 14 00 000   -4.38    -0.74    -2.13  -419.10     18.40     19.90    4.71     83461.0
 2024 10 09 15 15 00 000   -4.52    -0.07    -2.31  -419.20     18.30     20.10    4.72     84259.0
 2024 10 09 15 16 00 000   -4.41     0.70    -2.55  -419.80     -7.60     14.10    4.26     87495.0
 2024 10 09 15 17 00 000   -4.20    -0.99    -2.41  -421.70      1.90     18.90    4.16     83377.0
 2024 10 09 15 18 00 000   -4.68    -0.89    -1.85  -423.00      6.40     21.30    4.20     79918.0
 2024 10 09 15 19 00 000   -4.49    -0.86    -2.08  -423.00      6.40     21.30    4.20     79918.0
 2024 10 09 15 20 00 000   -4.69    -1.27    -0.24  -423.00      6.40     21.30    4.20     79918.0
 2024 10 09 15 21 00 000   -4.71    -1.38     0.39  -423.00      6.40     21.30    4.20     79918.0
 2024 10 09 15 22 00 000   -4.48    -1.66    -1.63  -423.00      6.40     21.30    4.20     79918.0
 2024 10 09 15 23 00 000   -4.04    -1.70    -2.26  -423.00      6.40     21.30    4.20     79918.0
 2024 10 09 15 24 00 000   -4.01    -1.88    -2.55  -423.00      6.40     21.30    4.20     79918.0
 2024 10 09 15 25 00 000   -4.71    -1.17    -1.25  -423.90     14.80     17.60    4.29     89676.0
 2024 10 09 15 26 00 000   -4.90    -0.53    -1.60  -423.90     14.80     17.60    4.29     89676.0
 2024 10 09 15 27 00 000   -4.95    -1.10    -1.18  -423.90     14.80     17.60    4.29     89676.0
 2024 10 09 15 28 00 000   -5.03    -0.49    -0.94  -423.90     14.80     17.60    4.29     89676.0
 2024 10 09 15 29 00 000   -4.81    -0.78    -1.46  -423.90     14.80     17.60    4.29     89676.0
 2024 10 09 15 30 00 000   -4.69    -1.40    -1.25  -423.90     12.30     23.10    3.94     83993.0
 2024 10 09 15 31 00 000   -4.17    -2.64    -1.58  -423.90     12.30     23.10    3.94     83993.0
 2024 10 09 15 32 00 000   -4.06    -2.54    -1.46  -424.70     37.70     21.40    4.26    118486.0
 2024 10 09 15 33 00 000   -3.76    -2.73    -1.61  -424.80     39.50     21.30    4.28    120939.0
 2024 10 09 15 34 00 000   -3.76    -2.03    -2.39  -424.80     39.50     21.30    4.28    120939.0
 2024 10 09 15 35 00 000   -4.09    -2.15    -1.78  -424.80     39.50     21.30    4.28    120939.0
 2024 10 09 15 36 00 000   -4.40    -1.92    -1.32  -424.80     39.50     21.30    4.28    120939.0
 2024 10 09 15 37 00 000   -5.37    -0.89     0.06  -422.70     45.40      9.60    5.35    164853.0
 2024 10 09 15 38 00 000   -5.30    -0.32     0.50  -422.70     45.40      9.60    5.35    164853.0
 2024 10 09 15 39 00 000   -5.36    -0.45     0.34  -422.70     45.40      9.60    5.35    164853.0
 2024 10 09 15 40 00 000   -5.40    -0.43     0.30  -422.70     45.40      9.60    5.35    164853.0
 2024 10 09 15 41 00 000   -5.24    -0.96    -0.58  -422.70     45.40      9.60    5.35    164853.0
 2024 10 09 15 42 00 000   -5.35    -0.89    -0.50  -422.70     45.40      9.60    5.35    164853.0
 2024 10 09 15 43 00 000   -5.36    -0.89    -0.49  -420.80     22.60     -1.50    3.83     54232.0
 2024 10 09 15 44 00 000   -5.42    -0.78     0.18  -420.80     22.60     -1.50    3.83     54232.0
 2024 10 09 15 45 00 000   -5.35    -0.78    -0.55  -420.80     22.60     -1.50    3.83     54232.0
 2024 10 09 15 46 00 000   -5.38    -0.71    -0.74  -420.80     22.60     -1.50    3.83     54232.0
 2024 10 09 15 47 00 000   -5.42    -0.19    -0.57  -420.80     22.60     -1.50    3.83     54232.0
 2024 10 09 15 48 00 000   -5.42    -0.19    -0.57  -420.80     22.60     -1.50    3.83     54232.0
 2024 10 09 15 49 00 000   -5.48     0.10    -0.52  -420.80     22.60     -1.50    3.83     54232.0
 2024 10 09 15 50 00 000   -5.37     0.29    -0.48  -420.80     22.60     -1.50    3.83     54232.0
 2024 10 09 15 51 00 000   -5.40     0.39    -0.95  -425.90    -18.30    -19.10    4.44     54377.0
 2024 10 09 15 52 00 000   -5.34     0.15    -1.39  -425.90    -18.30    -19.10    4.44     54377.0
 2024 10 09 15 53 00 000   -5.42    -0.11    -1.08  -419.90     11.80     -0.30    4.04     49443.0
 2024 10 09 15 54 00 000   -5.41     0.10    -1.21  -419.60     13.40      0.70    4.02     49176.0
 2024 10 09 15 55 00 000   -5.35    -0.35    -0.95  -419.60     13.40      0.70    4.02     49176.0
 2024 10 09 15 56 00 000   -5.28     0.32    -0.98  -419.60     13.40      0.70    4.02     49176.0
 2024 10 09 15 57 00 000   -5.24     0.48    -0.94  -418.60      8.40     -5.70    4.37     50356.0
 2024 10 09 15 58 00 000   -5.37     0.79    -0.49  -418.60      8.40     -5.70    4.37     50356.0
 2024 10 09 15 59 00 000   -5.24     1.34    -0.58  -418.60      8.40     -5.70    4.37     50356.0
 2024 10 09 16 00 00 000   -5.26     1.27    -0.74  -418.60      8.40     -5.70    4.37     50356.0
 2024 10 09 16 01 00 000   -5.19     1.14    -0.79  -424.60      2.60     -5.80    4.82     72094.0
 2024 10 09 16 02 00 000   -5.19     1.01    -1.04  -424.60      2.60     -5.80    4.82     72094.0
 2024 10 09 16 03 00 000   -5.32     0.93    -1.19  -424.60      2.60     -5.80    4.82     72094.0
 2024 10 09 16 04 00 000   -5.33     0.61    -0.86  -424.60      2.60     -5.80    4.82     72094.0
 2024 10 09 16 05 00 000   -5.29     0.94    -0.45  -417.90     10.80     -5.60    4.49     50042.0
 2024 10 09 16 06 00 000   -5.26     0.90    -0.48  -417.90     10.80     -5.60    4.49     50042.0
 2024 10 09 16 07 00 000   -5.30     0.51    -0.68  -417.90     10.80     -5.60    4.49     50042.0
 2024 10 09 16 08 00 000   -5.37     0.61    -0.46  -417.90     10.80     -5.60    4.49     50042.0
 2024 10 09 16 09 00 000   -5.40    -0.02     0.11  -416.70     24.70     -6.00    4.38     50356.0
 2024 10 09 16 10 00 000   -5.46    -0.01    -0.22  -416.70     24.70     -6.00    4.38     50356.0
 2024 10 09 16 11 00 000   -5.40    -0.10    -0.18  -416.70     24.70     -6.00    4.38     50356.0
 2024 10 09 16 12 00 000   -5.31    -0.18    -0.73  -416.70     24.70     -6.00    4.38     50356.0
 2024 10 09 16 13 00 000   -5.27    -1.04    -0.61  -416.70     24.70     -6.00    4.38     50356.0
 2024 10 09 16 14 00 000   -5.19    -0.08    -0.74  -414.60     39.10    -15.30    3.92     53151.0
 2024 10 09 16 15 00 000   -5.04     1.45    -0.70  -416.00     27.10    -10.90    4.14     54154.0
 2024 10 09 16 16 00 000   -5.15     1.33     0.02  -419.90     -6.80      1.50    4.77     56984.0
 2024 10 09 16 17 00 000   -4.78     1.88     0.21  -419.90     -6.80      1.50    4.77     56984.0
 2024 10 09 16 18 00 000   -4.04     3.00    -0.60  -439.10    -18.90      2.40    4.79     92821.0
 2024 10 09 16 19 00 000   -4.29     2.35     0.34  -431.20     -6.10    -11.90    4.70     99483.0
 2024 10 09 16 20 00 000   -4.67     2.63    -0.40  -428.60     -4.80    -21.00    4.58    106993.0
 2024 10 09 16 21 00 000   -4.12     3.38    -1.06  -431.70     -9.60    -16.10    4.60    107792.0
 2024 10 09 16 22 00 000   -4.03     3.14    -0.22  -432.70    -12.60    -15.60    4.58    110406.0
 2024 10 09 16 23 00 000   -4.03     3.09     0.05  -436.30    -22.70    -14.00    4.51    119227.0
 2024 10 09 16 24 00 000   -4.11     2.58     0.17  -437.50    -26.10    -13.50    4.48    122240.0
 2024 10 09 16 25 00 000   -4.13     3.00     0.25  -437.50    -26.10    -13.50    4.48    122240.0
 2024 10 09 16 26 00 000   -4.32     2.73     0.45  -437.50    -26.10    -13.50    4.48    122240.0
 2024 10 09 16 27 00 000   -4.46     2.86     0.47  -427.90     -5.80    -28.90    4.37     71885.0
 2024 10 09 16 28 00 000   -3.86     3.62     0.13  -430.20     -9.30    -29.90    4.49     82840.0
 2024 10 09 16 29 00 000   -3.87     3.35    -0.19  -435.70    -17.70    -32.40    4.78    109026.0
 2024 10 09 16 30 00 000   -4.33     2.31     0.09  -433.60    -19.90    -21.20    4.75    163907.0
 2024 10 09 16 31 00 000   -4.24     2.67    -0.06  -433.60    -19.90    -21.20    4.75    163907.0
 2024 10 09 16 32 00 000   -4.16     3.39    -0.42  -436.10    -24.60     -0.50    4.60     96220.0
 2024 10 09 16 33 00 000   -3.83     3.53    -0.53  -436.10    -24.60     -0.50    4.60     96220.0
 2024 10 09 16 34 00 000   -3.78     3.75    -0.71  -430.60     -9.40    -22.10    4.92    122894.0
 2024 10 09 16 35 00 000   -3.99     2.82     0.49  -427.20     -0.70    -20.30    4.93    109485.0
 2024 10 09 16 36 00 000   -4.32     1.81     0.98  -425.60      2.00    -21.30    4.74     88208.0
 2024 10 09 16 37 00 000   -4.90     0.80     1.32  -439.70     -5.40    -25.70    4.31     83139.0
 2024 10 09 16 38 00 000   -4.44     1.47     1.17  -447.50     -1.90    -25.40    4.21     84534.0
 2024 10 09 16 39 00 000   -4.05     3.42    -0.06  -427.40     -7.00     -5.50    4.82    107027.0
 2024 10 09 16 40 00 000   -3.97     3.06     0.49  -426.00     -0.80     -8.50    4.69     95548.0
 2024 10 09 16 41 00 000   -4.43     3.21     0.36  -420.80     22.10    -19.50    4.23     52936.0
 2024 10 09 16 42 00 000   -4.02     3.08     1.07  -435.70     -5.40    -12.80    4.34    119666.0
 2024 10 09 16 43 00 000   -4.07     3.12     0.73  -433.70     -5.50    -15.80    4.39    116214.0
 2024 10 09 16 44 00 000   -3.72     3.84     0.48  -426.70     -5.80    -23.10    4.42     94457.0
 2024 10 09 16 45 00 000   -4.04     3.66    -0.03  -425.00     -6.90    -19.70    4.14     75088.0
 2024 10 09 16 46 00 000   -4.00     3.53    -0.49  -431.10     -4.20    -31.20    4.86     63119.0
 2024 10 09 16 47 00 000   -3.81     3.58    -0.15  -431.10     -4.20    -31.20    4.86     63119.0
 2024 10 09 16 48 00 000   -3.88     3.66    -1.19  -431.10     -4.20    -31.20    4.86     63119.0
 2024 10 09 16 49 00 000   -4.37     2.38    -2.20  -431.10     -4.20    -31.20    4.86     63119.0
 2024 10 09 16 50 00 000   -3.64     3.80    -1.37  -430.70    -10.80     -6.30    4.87     94156.0
 2024 10 09 16 51 00 000   -4.24     3.51    -1.00  -429.00     -9.30    -12.80    4.91    110708.0
 2024 10 09 16 52 00 000   -4.10     3.73    -0.90  -426.90     -7.30    -21.00    4.96    131556.0
 2024 10 09 16 53 00 000   -4.32     3.61    -0.64  -426.90     -7.30    -21.00    4.96    131556.0
 2024 10 09 16 54 00 000   -4.21     3.72    -0.49  -431.40    -11.30      4.90    4.60     93619.0
 2024 10 09 16 55 00 000   -4.88     2.83    -0.50  -427.70     -8.50      0.80    4.84    103312.0
 2024 10 09 16 56 00 000   -4.94     2.87    -0.46  -426.10     -3.40    -13.60    4.73     99983.0
 2024 10 09 16 57 00 000   -4.55     3.36    -0.68  -427.50     -5.70    -10.90    4.76     77788.0
 2024 10 09 16 58 00 000   -4.26     3.68    -0.26  -428.30     -6.80    -12.30    4.88     99851.0
 2024 10 09 16 59 00 000   -4.45     3.48    -0.23  -428.30     -6.80    -12.30    4.88     99851.0
 2024 10 09 17 00 00 000   -4.54     3.28    -0.38  -428.30     -6.80    -12.30    4.88     99851.0
 2024 10 09 17 01 00 000   -4.40     3.54    -0.41  -428.30     -6.80    -12.30    4.88     99851.0
 2024 10 09 17 02 00 000   -3.97     3.97    -0.32  -438.90     -9.20     -4.50    3.86     74028.0
 2024 10 09 17 03 00 000   -4.12     3.62     0.82  -438.50    -10.10     -4.40    3.88     74663.0
 2024 10 09 17 04 00 000   -4.15     3.81     0.19  -430.20    -30.30     -2.40    4.41     88747.0
 2024 10 09 17 05 00 000   -4.10     3.83    -0.21  -430.20    -30.30     -2.40    4.41     88747.0
 2024 10 09 17 08 00 000   -3.76     4.08    -0.72  -430.20    -30.30     -2.40    4.41     88747.0
 2024 10 09 17 10 00 000   -3.65     4.21    -0.69  -429.80     -9.00    -15.60    4.81    118088.0
 2024 10 09 17 11 00 000   -3.22     4.53     0.03  -432.10    -12.50    -14.80    4.65    109886.0
 2024 10 09 17 12 00 000   -3.64     4.20    -0.66  -439.80    -24.10    -12.00    4.10     82690.0
 2024 10 09 17 13 00 000   -3.46     4.03    -1.32  -440.00    -27.50      3.80    4.14     66977.0
 2024 10 09 17 15 00 000   -3.33     4.31    -1.24  -435.60    -18.00     -1.00    3.79     70433.0
 2024 10 09 17 16 00 000   -2.59     4.12    -2.59  -435.60    -18.00     -1.00    3.79     70433.0
 2024 10 09 17 17 00 000   -4.43     3.41    -0.01  -435.60    -18.00     -1.00    3.79     70433.0
 2024 10 09 17 18 00 000   -4.42     3.44    -0.22  -435.60    -18.00     -1.00    3.79     70433.0
 2024 10 09 17 19 00 000   -4.42     3.44    -0.22  -435.60    -18.00     -1.00    3.79     70433.0
 2024 10 09 17 20 00 000   -4.56     3.31     0.15  -428.50     -9.40    -19.30    4.44     73774.0
 2024 10 09 17 21 00 000   -4.66     3.23     0.46  -428.50     -9.40    -19.30    4.44     73774.0
 2024 10 09 17 22 00 000   -4.58     3.32     0.61  -428.50     -9.40    -19.30    4.44     73774.0
 2024 10 09 17 23 00 000   -4.37     3.56     0.58  -427.80     -9.50    -18.40    4.44     72931.0
 2024 10 09 17 24 00 000   -4.30     3.62     0.67  -427.80     -9.50    -18.40    4.44     72931.0
 2024 10 09 17 25 00 000   -4.29     3.53     0.75  -427.80     -9.50    -18.40    4.44     72931.0
 2024 10 09 17 26 00 000   -4.39     3.48     0.59  -425.90     -4.60    -21.10    4.48     80425.0
 2024 10 09 17 27 00 000   -4.32     3.59    -0.05  -425.90     -4.60    -21.10    4.48     80425.0
 2024 10 09 17 28 00 000   -4.24     3.67     0.02  -425.90     -4.60    -21.10    4.48     80425.0
 2024 10 09 17 29 00 000   -4.29     3.56    -0.40  -427.20    -12.20    -11.50    4.63    102695.0
 2024 10 09 17 30 00 000   -4.29     3.44    -1.05  -427.20    -12.20    -11.50    4.63    102695.0
 2024 10 09 17 31 00 000   -4.48     3.37     0.17  -427.20    -12.20    -11.50    4.63    102695.0
 2024 10 09 17 32 00 000   -4.40     2.88     1.68  -424.50     12.00    -24.90    4.09     64218.0
 2024 10 09 17 33 00 000   -4.15     3.27     1.32  -424.50     12.00    -24.90    4.09     64218.0
 2024 10 09 17 34 00 000   -4.31     3.10     1.11  -425.00     -8.10    -28.40    4.04     76058.0
 2024 10 09 17 35 00 000   -4.03     3.36     1.10  -428.70     -9.80    -26.20    4.01     77026.0
 2024 10 09 17 36 00 000   -4.16     3.55     0.08  -430.30     -9.60    -25.10    3.99     76934.0
 2024 10 09 17 37 00 000   -4.01     3.47     1.25  -433.50     -6.60    -16.40    4.57     80425.0
 2024 10 09 17 38 00 000   -3.84     3.51     1.06  -433.50     -6.60    -16.40    4.57     80425.0
 2024 10 09 17 39 00 000   -4.13     3.48     0.92  -430.40     -9.50    -19.80    4.37     75347.0
 2024 10 09 17 40 00 000   -4.20     3.33     1.16  -430.00     -9.80    -20.20    4.35     74749.0
 2024 10 09 17 41 00 000   -4.11     3.00     2.19  -431.10     -5.10    -20.20    4.42     81887.0
 2024 10 09 17 42 00 000   -4.08     3.40     0.66  -431.10     -4.40    -19.10    4.41     83829.0
 2024 10 09 17 43 00 000   -3.96     2.93     1.99  -430.50      7.90      0.30    4.31    118035.0
 2024 10 09 17 44 00 000   -3.80     2.80     0.88  -430.50      7.90      0.30    4.31    118035.0
 2024 10 09 17 45 00 000   -3.78     2.43     3.27  -429.00     25.30    -55.40    4.11     50181.0
 2024 10 09 17 46 00 000   -3.67     2.70     3.36  -429.00     25.30    -55.40    4.11     50181.0
 2024 10 09 17 51 00 000   -3.88     2.94     2.73  -429.00     25.30    -55.40    4.11     50181.0
 2024 10 09 17 52 00 000   -3.88     2.94     2.73  -429.00     25.30    -55.40    4.11     50181.0
 2024 10 09 17 53 00 000   -3.25     1.89     4.17  -433.10      9.40    -32.00    3.71     95257.0
 2024 10 09 17 54 00 000   -2.03    -0.04    -1.34  -448.80     10.60      0.50    3.67     76591.0
 2024 10 09 17 55 00 000   -1.65     0.50    -2.43  -444.80      8.20     -7.50    3.65     64382.0
 2024 10 09 17 56 00 000   -2.34     2.56    -1.09  -451.90      1.40      1.00    3.89     77541.0
 2024 10 09 17 57 00 000   -2.42     4.04    -1.85  -449.50     -6.10     13.60    4.03     85366.0
 2024 10 09 17 58 00 000   -2.23     4.27    -1.45  -446.40    -17.80     -3.40    3.83     81558.0
 2024 10 09 17 59 00 000   -2.99     2.00    -1.94  -433.80    -19.90    -14.40    3.98     80581.0
 2024 10 09 18 00 00 000   -3.03     0.02     3.68  -442.20      0.20    -27.50    3.70     70342.0
 2024 10 09 18 01 00 000   -3.03     0.05     3.52  -432.30     29.30    -49.60    4.06     74641.0
 2024 10 09 18 02 00 000   -3.30     1.48     0.37  -436.10     11.60    -39.50    4.02     76189.0
 2024 10 09 18 03 00 000   -2.48     1.29    -1.75  -434.10      0.00    -23.80    4.36     63502.0
 2024 10 09 18 04 00 000   -2.35     0.72    -0.89  -434.10      0.00    -23.80    4.36     63502.0
 2024 10 09 18 05 00 000   -3.64     1.26     1.77  -434.10      0.00    -23.80    4.36     63502.0
 2024 10 09 18 06 00 000   -3.41     1.91     1.85  -434.10      0.00    -23.80    4.36     63502.0
 2024 10 09 18 07 00 000   -3.39     1.97     1.84  -436.80      3.30    -31.30    4.22     77280.0
 2024 10 09 18 08 00 000   -3.76     2.27     1.84  -436.80      3.30    -31.30    4.22     77280.0
 2024 10 09 18 09 00 000   -3.69     2.68     1.37  -436.80      3.30    -31.30    4.22     77280.0
 2024 10 09 18 10 00 000   -3.61     2.80     2.62  -430.60     10.70    -35.00    3.85     73732.0
 2024 10 09 18 11 00 000   -3.79     2.74     3.11  -436.00      7.90    -37.30    3.31     58947.0
 2024 10 09 18 12 00 000   -3.72     3.25     3.10  -438.50      6.60    -38.30    3.05     52083.0
 2024 10 09 18 13 00 000   -3.82     3.20     2.78  -438.50      6.60    -38.30    3.05     52083.0
 2024 10 09 18 14 00 000   -3.51     3.61     2.52  -438.50      6.60    -38.30    3.05     52083.0
 2024 10 09 18 15 00 000   -3.47     3.73     2.40  -438.50      6.60    -38.30    3.05     52083.0
 2024 10 09 18 16 00 000   -3.39     3.84     2.27  -442.20      4.40    -30.20    3.13     61875.0
 2024 10 09 18 17 00 000   -3.32     3.88     2.27  -442.20      4.40    -30.20    3.13     61875.0
 2024 10 09 18 18 00 000   -3.26     3.94     2.15  -442.20      4.40    -30.20    3.13     61875.0
 2024 10 09 18 19 00 000   -3.31     4.14     2.14  -442.20      4.40    -30.20    3.13     61875.0
 2024 10 09 18 20 00 000   -3.41     4.19     1.88  -442.20      4.40    -30.20    3.13     61875.0
 2024 10 09 18 21 00 000   -3.61     4.10     1.86  -442.20      4.40    -30.20    3.13     61875.0
 2024 10 09 18 22 00 000   -3.66     4.01     1.99  -432.00     -1.00    -27.60    3.12     56576.0
 2024 10 09 18 23 00 000   -3.71     3.86     2.00  -432.00     -1.00    -27.60    3.12     56576.0
 2024 10 09 18 24 00 000   -3.69     3.95     2.13  -432.00     -1.00    -27.60    3.12     56576.0
 2024 10 09 18 25 00 000   -3.82     4.00     1.97  -432.00     -1.00    -27.60    3.12     56576.0
 2024 10 09 18 26 00 000   -3.86     3.92     1.92  -432.00     -1.00    -27.60    3.12     56576.0
 2024 10 09 18 27 00 000   -3.91     3.96     1.83  -432.00     -1.00    -27.60    3.12     56576.0
 2024 10 09 18 28 00 000   -3.89     4.01     1.76  -429.40     -3.00    -27.60    3.34     58328.0
 2024 10 09 18 29 00 000   -4.03     3.80     1.99  -429.40     -3.00    -27.60    3.34     58328.0
 2024 10 09 18 30 00 000   -3.93     3.84     1.94  -429.40     -3.00    -27.60    3.34     58328.0
 2024 10 09 18 31 00 000   -3.59     4.16     1.62  -429.40     -3.00    -27.60    3.34     58328.0
 2024 10 09 18 32 00 000   -3.66     4.13     1.77  -429.40     -3.00    -27.60    3.34     58328.0
 2024 10 09 18 33 00 000   -3.77     3.90     2.06  -442.30     -5.60    -21.60    3.76     79589.0
 2024 10 09 18 34 00 000   -3.34     3.98     2.59  -442.30     -5.60    -21.60    3.76     79589.0
 2024 10 09 18 35 00 000   -3.25     3.80     2.88  -438.20     -2.90    -39.80    3.23     55440.0
 2024 10 09 18 36 00 000   -3.05     3.75     3.13  -438.20     -2.90    -39.80    3.23     55435.0
 2024 10 09 18 37 00 000   -2.80     3.92     3.10  -438.20     -2.90    -39.80    3.23     55435.0
 2024 10 09 18 38 00 000   -2.83     3.94     3.14  -438.20     -2.90    -39.80    3.23     55435.0
 2024 10 09 18 39 00 000   -2.65     3.85     3.35  -438.20     -2.90    -39.80    3.23     55435.0
 2024 10 09 18 40 00 000   -2.65     3.84     3.35  -438.20     -2.90    -39.80    3.23     55435.0
 2024 10 09 18 41 00 000   -2.86     3.73     3.30  -438.90     -4.00    -39.00    3.31     65918.0
 2024 10 09 18 42 00 000   -3.29     3.63     2.97  -438.50     -4.50    -39.20    3.26     64868.0
 2024 10 09 18 43 00 000   -3.26     3.61     2.59  -437.60     -3.90    -35.80    3.55     63348.0
 2024 10 09 18 44 00 000   -3.10     3.95     2.65  -436.60     -4.20    -38.60    3.33     58109.0
 2024 10 09 18 45 00 000   -3.09     4.04     2.49  -436.00     -4.40    -40.40    3.18     54777.0
 2024 10 09 18 46 00 000   -3.98     3.49     1.74  -436.00     -4.40    -40.40    3.18     54777.0
 2024 10 09 18 47 00 000   -3.41     3.87     1.99  -437.00     -4.30    -28.90    3.42     63580.0
 2024 10 09 18 48 00 000   -2.86     3.55     3.25  -437.90     -5.60    -25.10    3.52     69284.0
 2024 10 09 18 49 00 000   -3.06     4.03     2.59  -439.60     -7.70    -18.70    3.68     78975.0
 2024 10 09 18 50 00 000   -3.37     4.18     1.64  -439.20     -8.30    -22.50    3.42     76977.0
 2024 10 09 18 51 00 000   -3.24     4.00     2.12  -437.90     -7.20    -25.10    3.44     78741.0
 2024 10 09 18 52 00 000   -3.44     4.20     1.75  -433.10     -0.80    -36.90    3.60     92099.0
 2024 10 09 18 53 00 000   -3.16     3.27     3.18  -440.70     -2.90    -26.60    3.71     97985.0
 2024 10 09 18 54 00 000   -2.25     4.31     2.38  -454.00     -6.50    -30.50    3.44     64179.0
 2024 10 09 18 55 00 000   -2.69     4.08     2.65  -442.90     -2.20    -25.00    3.33     61923.0
 2024 10 09 18 56 00 000   -1.99     4.29     3.06  -445.50     -2.60    -27.10    3.45     61520.0
 2024 10 09 18 57 00 000   -2.62     4.03     2.84  -452.10     -4.80    -31.00    3.58     62262.0
 2024 10 09 18 58 00 000   -3.22     3.81     2.48  -439.60     -6.00    -35.60    2.99     45886.0
 2024 10 09 18 59 00 000   -3.18     3.85     2.30  -439.60     -6.00    -35.60    2.99     45886.0
 2024 10 09 19 00 00 000   -3.21     3.99     2.24  -439.40     -7.00    -34.60    3.07     52412.0
 2024 10 09 19 01 00 000   -3.02     4.00     2.42  -440.60     -7.30    -30.50    3.25     63592.0
 2024 10 09 19 02 00 000   -2.87     4.04     2.58  -443.80     -6.50    -21.80    3.58     81531.0
 2024 10 09 19 03 00 000   -2.69     4.00     3.01  -445.30      0.50    -32.40    2.91    112438.0
 2024 10 09 19 04 00 000   -2.81     4.02     3.13  -445.30      0.50    -32.40    2.91    112438.0
 2024 10 09 19 05 00 000   -2.95     3.99     3.11  -443.70     -0.10    -33.20    3.06     46217.0
 2024 10 09 19 06 00 000   -3.08     3.76     2.94  -445.10      1.10    -33.70    3.11     71428.0
 2024 10 09 19 07 00 000   -2.99     4.04     2.72  -446.20      2.10    -34.10    3.14     93680.0
 2024 10 09 19 08 00 000   -3.21     3.87     2.66  -445.40     -6.40    -33.10    3.37     91776.0
 2024 10 09 19 09 00 000   -3.71     3.56     2.67  -446.80    -13.30    -38.60    3.00    116636.0
 2024 10 09 19 10 00 000   -3.13     3.48     3.23  -446.80    -13.30    -38.60    3.00    116636.0
 2024 10 09 19 11 00 000   -3.69     3.26     2.74  -446.80    -13.30    -38.60    3.00    116636.0
 2024 10 09 19 12 00 000   -3.23     4.28     1.60  -441.10    -19.60    -35.30    3.22     58855.0
 2024 10 09 19 13 00 000   -3.51     3.90     1.75  -439.00    -10.00    -35.10    3.10     60531.0
 2024 10 09 19 14 00 000   -3.93     3.46     1.04  -439.40      1.30    -30.00    3.05     82298.0
 2024 10 09 19 15 00 000   -4.07     3.54    -0.82  -428.60    -21.30     -1.30    3.11     62663.0
 2024 10 09 19 16 00 000   -3.08     4.08     2.60  -426.30    -25.90      4.10    3.12     57393.0
 2024 10 09 19 17 00 000   -2.65     4.22     3.01  -449.10      2.50    -30.30    3.09     57393.0
 2024 10 09 19 18 00 000   -2.39     3.41     3.83  -449.10      2.50    -30.30    3.09     57393.0
 2024 10 09 19 19 00 000   -2.82     4.08     2.21  -445.60      2.90    -39.40    3.25     50584.0
 2024 10 09 19 20 00 000   -3.84     3.88     0.85  -446.70     -5.50    -37.90    3.44     61159.0
 2024 10 09 19 21 00 000   -3.79     3.98     0.89  -447.10     -8.60    -37.30    3.52     65049.0
 2024 10 09 19 22 00 000   -2.90     4.57     1.21  -447.10     -8.60    -37.30    3.52     65049.0
 2024 10 09 19 23 00 000   -3.18     4.47     1.19  -438.10     -2.10    -35.60    3.12     51162.0
 2024 10 09 19 24 00 000   -3.29     4.24     1.57  -438.10     -2.10    -35.60    3.12     51162.0
 2024 10 09 19 25 00 000   -3.42     3.98     1.89  -435.00     -7.70    -33.20    3.19     56452.0
 2024 10 09 19 26 00 000   -3.35     3.79     2.00  -435.10     -9.10    -33.40    2.95     52521.0
 2024 10 09 19 27 00 000   -3.60     4.16     0.58  -433.70    -13.30    -28.60    3.10     58743.0
 2024 10 09 19 28 00 000   -3.70     4.00     0.61  -432.40    -15.80    -25.90    3.28     64336.0
 2024 10 09 19 29 00 000   -4.00     3.73     0.63  -432.40    -15.80    -25.90    3.28     64336.0
 2024 10 09 19 30 00 000   -3.68     4.22    -0.31  -432.30    -10.20    -17.90    3.45     68424.0
 2024 10 09 19 31 00 000   -3.83     4.12    -0.54  -432.00     -9.80    -16.80    3.55     70899.0
 2024 10 09 19 32 00 000   -3.94     4.03    -0.53  -432.30    -16.30     -6.80    3.58     74028.0
 2024 10 09 19 33 00 000   -4.11     3.92    -0.28  -432.30    -16.30     -6.80    3.58     74028.0
 2024 10 09 19 34 00 000   -4.16     3.77    -0.36  -428.40     -4.60    -16.60    2.90     60272.0
 2024 10 09 19 35 00 000   -4.62     3.15    -0.16  -426.90     -9.80    -18.30    2.97     56456.0
 2024 10 09 19 36 00 000   -4.21     3.63    -0.62  -427.60    -10.70    -19.80    3.03     53562.0
 2024 10 09 19 37 00 000   -4.04     3.76    -1.01  -432.90      4.30    -25.90    3.12     48180.0
 2024 10 09 19 38 00 000   -4.05     3.43    -1.93  -432.10    -21.70      3.40    3.09     53521.0
 2024 10 09 19 39 00 000   -3.97     3.74    -1.29  -432.00    -23.20      4.80    3.09     53888.0
 2024 10 09 19 40 00 000   -3.92     3.85    -1.23  -428.30    -23.90     -2.80    3.07     55471.0
 2024 10 09 19 41 00 000   -3.80     3.71    -1.44  -428.30    -23.90     -2.80    3.07     55471.0
 2024 10 09 19 42 00 000   -3.70     3.69    -1.74  -428.30    -23.90     -2.80    3.07     55471.0
 2024 10 09 19 43 00 000   -3.55     4.01    -1.72  -433.50    -13.70     -2.10    3.25     66571.0
 2024 10 09 19 44 00 000   -3.46     4.32    -1.50  -433.90    -23.50     -1.60    3.19     63003.0
 2024 10 09 19 45 00 000   -3.16     4.53    -1.42  -434.00    -27.40     -1.40    3.16     61604.0
 2024 10 09 19 46 00 000   -3.68     4.11    -0.86  -434.00    -27.40     -1.40    3.16     61604.0
 2024 10 09 19 47 00 000   -3.79     4.11    -0.80  -430.00    -10.20     -7.50    3.83     84625.0
 2024 10 09 19 48 00 000   -4.11     3.83    -0.98  -430.00    -10.20     -7.50    3.83     84625.0
 2024 10 09 19 49 00 000   -4.00     3.72    -1.31  -430.70    -19.70     -6.00    3.32     67061.0
 2024 10 09 19 50 00 000   -3.54     3.88    -2.00  -428.40    -21.10      0.60    2.79     46957.0
 2024 10 09 19 51 00 000   -3.40     3.82    -2.39  -425.40    -13.50      5.90    2.73     43466.0
 2024 10 09 19 52 00 000   -3.91     3.09    -2.77  -432.90    -20.90      6.40    3.14     60184.0
 2024 10 09 19 53 00 000   -3.71     3.22    -2.93  -432.90    -20.90      6.40    3.14     60184.0
 2024 10 09 19 54 00 000   -3.21     3.36    -3.32  -427.20    -19.80     10.80    3.39     69445.0
 2024 10 09 19 55 00 000   -3.87     4.15    -0.33  -433.90    -19.30      9.50    3.58     71932.0
 2024 10 09 19 56 00 000   -3.72     4.39    -0.38  -437.50    -18.40     -1.10    3.43     65609.0
 2024 10 09 19 57 00 000   -3.84     4.15    -0.51  -432.60    -17.40    -21.10    2.79     47432.0
 2024 10 09 19 58 00 000   -4.34     3.30    -1.42  -426.50    -26.30     -9.80    2.90     55113.0
 2024 10 09 19 59 00 000   -3.89     4.03    -1.05  -427.90    -26.20     -9.90    2.94     53756.0
 2024 10 09 20 00 00 000   -3.84     4.09    -0.82  -429.50    -26.00    -10.10    2.99     52152.0
 2024 10 09 20 01 00 000   -4.17     3.86    -0.10  -429.50    -26.00    -10.10    2.99     52152.0
 2024 10 09 20 02 00 000   -3.71     4.16    -0.71  -432.90    -14.40    -17.60    3.58     77602.0
 2024 10 09 20 03 00 000   -3.92     3.93    -0.65  -433.80    -24.50    -18.20    3.47     65430.0
 2024 10 09 20 04 00 000   -4.21     3.65     0.17  -431.80    -18.90    -15.10    3.10     60831.0
 2024 10 09 20 05 00 000   -3.83     3.88    -0.55  -431.80    -18.90    -15.10    3.10     60831.0
 2024 10 09 20 06 00 000   -3.16     4.20    -1.57  -438.70    -17.80     -6.10    3.87     91832.0
 2024 10 09 20 07 00 000   -3.42     4.13    -1.30  -438.70    -17.80     -6.10    3.87     91832.0
 2024 10 09 20 08 00 000   -2.82     4.36    -2.01  -441.40    -22.10     -1.60    4.11    102392.0
 2024 10 09 20 09 00 000   -2.94     4.17    -1.06  -442.00    -23.10     -0.60    4.17    104800.0
 2024 10 09 20 10 00 000   -3.71     3.97     0.29  -442.00    -23.10     -0.60    4.17    104800.0
 2024 10 09 20 11 00 000   -4.01     3.66     0.48  -442.00    -23.10     -0.60    4.17    104800.0
 2024 10 09 20 12 00 000   -3.88     3.71     0.49  -434.50    -12.90    -23.20    4.06    108713.0
 2024 10 09 20 13 00 000   -3.44     4.14     0.53  -434.50    -12.90    -23.20    4.06    108713.0
 2024 10 09 20 14 00 000   -3.06     4.45     0.68  -434.50    -12.90    -23.20    4.06    108713.0
 2024 10 09 20 15 00 000   -3.25     4.34     0.42  -434.50    -12.90    -23.20    4.06    108713.0
 2024 10 09 20 16 00 000   -3.74     3.89     0.61  -435.90     -3.50    -28.50    3.79     92967.0
 2024 10 09 20 17 00 000   -3.35     4.20     0.24  -435.90     -3.50    -28.50    3.79     92967.0
 2024 10 09 20 18 00 000   -1.31     5.05     1.23  -435.90     -3.50    -28.50    3.79     92967.0
 2024 10 09 20 19 00 000   -2.75     3.84    -0.07  -433.10     -8.40      1.40    4.07     78801.0
 2024 10 09 20 20 00 000   -3.94     3.35    -1.36  -430.20     -5.30     -3.60    4.10     69847.0
 2024 10 09 20 21 00 000   -3.98     3.61    -1.17  -430.90     -8.50     -4.80    3.92     70807.0
 2024 10 09 20 22 00 000   -4.09     3.46    -1.25  -432.30     -7.60     -4.30    4.30     98223.0
 2024 10 09 20 23 00 000   -4.21     3.29    -1.28  -430.50     -5.90     -6.40    4.36    116389.0
 2024 10 09 20 25 00 000   -2.75     4.02    -2.02  -440.30    -12.30     10.90    3.86     70970.0
 2024 10 09 20 26 00 000   -3.45     3.67    -1.81  -440.30    -13.60      4.10    3.99     73147.0
 2024 10 09 20 27 00 000   -2.92     3.49    -3.04  -436.90     -7.00     -7.60    4.27     88924.0
 2024 10 09 20 28 00 000   -2.77     3.12    -3.62  -436.90     -7.00     -7.60    4.27     88924.0
 2024 10 09 20 29 00 000   -2.91     2.84    -3.77  -435.60    -16.00     23.50    3.15     53149.0
 2024 10 09 20 30 00 000   -2.87     2.50    -4.08  -437.40    -12.10     19.50    3.54     67634.0
 2024 10 09 20 31 00 000   -3.54     3.51    -1.95  -439.00    -12.20      7.10    4.03     80980.0
 2024 10 09 20 32 00 000   -3.38     3.69    -2.34  -435.30    -13.40     -0.10    4.09     88070.0
 2024 10 09 20 33 00 000   -2.90     3.94    -2.47  -438.60    -13.90     10.70    4.07     78843.0
 2024 10 09 20 34 00 000   -2.54     4.05    -2.43  -441.30    -33.60      3.40    3.83     72298.0
 2024 10 09 20 35 00 000   -3.29     3.61    -2.31  -437.60    -21.20     -1.80    4.08     82647.0
 2024 10 09 20 36 00 000   -3.06     3.57    -2.82  -435.10    -12.60     -5.30    4.25     89769.0
 2024 10 09 20 37 00 000   -3.07     3.29    -3.13  -435.40    -13.90      4.30    4.11     87730.0
 2024 10 09 20 38 00 000   -2.38     3.33    -3.54  -436.70    -14.20      5.00    4.13     85217.0
 2024 10 09 20 39 00 000   -1.76     4.40    -2.89  -444.10    -16.00      9.10    4.26     71261.0
 2024 10 09 20 40 00 000   -2.26     4.42    -2.36  -444.10    -16.00      9.10    4.26     71261.0
 2024 10 09 20 42 00 000   -1.98     4.76    -1.84  -444.10    -16.00      9.10    4.26     71261.0
 2024 10 09 20 43 00 000   -2.06     4.89    -1.39  -442.90    -19.80      5.10    3.64     71635.0
 2024 10 09 20 44 00 000   -1.76     4.65    -1.97  -442.90    -19.80      5.10    3.64     71635.0
 2024 10 09 20 45 00 000   -1.40     4.85    -1.83  -446.40    -20.80      4.30    3.59     76020.0
 2024 10 09 20 46 00 000   -1.30     4.93    -1.82  -448.10    -21.20      2.60    3.50     77955.0
 2024 10 09 20 47 00 000   -2.16     4.43    -2.17  -451.90    -21.50     -6.10    3.00     81487.0
 2024 10 09 20 48 00 000   -2.59     4.22    -2.30  -451.90    -21.50     -6.10    3.00     81487.0
 2024 10 09 20 49 00 000   -2.98     3.97    -2.33  -434.10    -32.60     10.50    3.99     69438.0
 2024 10 09 20 50 00 000   -2.18     4.71    -1.59  -440.50    -34.30      7.10    4.01     69692.0
 2024 10 09 20 51 00 000   -2.46     4.28    -2.20  -446.70    -35.90      3.70    4.02     69938.0
 2024 10 09 20 52 00 000   -2.49     4.49    -1.59  -446.70    -35.90      3.70    4.02     69938.0
 2024 10 09 20 53 00 000   -2.30     4.52    -1.42  -437.90    -11.50      2.50    4.06     85147.0
 2024 10 09 20 54 00 000   -2.71     4.41    -1.04  -445.80    -12.90    -10.20    3.97     79520.0
 2024 10 09 20 55 00 000   -2.22     4.64    -1.05  -450.60    -13.80    -18.00    3.92     76078.0
 2024 10 09 20 56 00 000   -1.26     4.47    -2.43  -450.30    -10.40     -6.80    3.58     71843.0
 2024 10 09 20 57 00 000   -1.74     4.52    -2.19  -454.20    -22.40     -6.60    4.15     73853.0
 2024 10 09 20 58 00 000   -2.63     4.13    -2.26  -456.90    -30.80     -6.50    4.57     75280.0
 2024 10 09 20 59 00 000   -2.83     3.91    -2.47  -456.90    -30.80     -6.50    4.57     75280.0
 2024 10 09 21 00 00 000   -2.69     4.06    -2.35  -443.60    -14.80      6.40    3.69     65605.0
 2024 10 09 21 01 00 000   -2.26     4.22    -2.51  -443.60    -14.70      6.20    3.69     65504.0
 2024 10 09 21 02 00 000   -2.38     4.23    -2.27  -447.70     -0.90    -17.30    3.92     53410.0
 2024 10 09 21 03 00 000   -1.62     4.65    -2.05  -446.20    -15.20     -5.80    4.03     71690.0
 2024 10 09 21 04 00 000   -1.75     4.73    -2.06  -445.70    -20.00     -1.90    4.06     77713.0
 2024 10 09 21 05 00 000   -1.99     4.41    -2.73  -442.70    -19.20      4.30    3.57     65845.0
 2024 10 09 21 06 00 000   -1.86     4.39    -2.57  -442.80    -21.40      4.90    3.60     66138.0
 2024 10 09 21 07 00 000   -1.96     4.18    -2.56  -443.20    -30.60      7.40    3.76     67370.0
 2024 10 09 21 08 00 000   -1.93     4.28    -2.64  -441.50    -22.50      4.60    3.45     61403.0
 2024 10 09 21 09 00 000   -1.66     4.32    -2.68  -441.40    -21.90      4.40    3.43     60988.0
 2024 10 09 21 10 00 000   -0.80     4.48    -3.05  -452.70    -18.70      6.80    3.23     51476.0
 2024 10 09 21 11 00 000   -0.50     4.69    -3.05  -453.10    -16.50      4.90    3.32     53106.0
 2024 10 09 21 12 00 000   -0.73     4.92    -2.70  -451.60    -20.10     -0.30    3.44     49833.0
 2024 10 09 21 13 00 000   -0.86     5.14    -1.96  -450.50    -19.90     -3.70    3.46     52318.0
 2024 10 09 21 14 00 000   -0.64     5.07    -2.17  -449.50    -20.70     -4.40    3.23     50889.0
 2024 10 09 21 15 00 000   -2.64     4.27    -1.22  -449.10    -20.20     -0.60    3.06     49156.0
 2024 10 09 21 16 00 000   -4.36     3.11     0.15  -442.00    -11.70    -11.50    3.36     56180.0
 2024 10 09 21 17 00 000   -1.73     4.11    -2.03  -439.10     -8.80    -13.20    3.31     58305.0
 2024 10 09 21 18 00 000   -5.42     1.74     0.49  -451.90    -14.70     -1.90    3.34     65651.0
 2024 10 09 21 19 00 000   -5.32     2.05     0.49  -451.90    -14.70     -1.90    3.34     65651.0
 2024 10 09 21 20 00 000   -5.14     2.46     0.39  -431.70    -15.20     -5.20    3.88     59537.0
 2024 10 09 21 21 00 000   -5.15     2.49     0.32  -431.70    -15.20     -5.20    3.88     59537.0
 2024 10 09 21 22 00 000   -4.80     3.01    -0.01  -431.70    -15.20     -5.20    3.88     59537.0
 2024 10 09 21 23 00 000   -5.10     2.24     0.93  -431.70    -15.20     -5.20    3.88     59537.0
 2024 10 09 21 24 00 000   -5.25     1.92     1.12  -425.40      7.30    -18.00    3.22     46146.0
 2024 10 09 21 25 00 000   -5.46     1.42     0.93  -424.60      5.10    -16.50    2.89     36301.0
 2024 10 09 21 26 00 000   -5.41     1.63     0.72  -426.70      4.10    -21.20    3.10     43307.0
 2024 10 09 21 27 00 000   -5.35     1.83     0.69  -426.50      6.70    -17.90    3.22     42779.0
 2024 10 09 21 28 00 000   -5.15     2.04     0.52  -424.90      8.90    -11.70    3.09     34472.0
 2024 10 09 21 29 00 000   -5.15     2.04     0.52  -424.90      8.90    -11.70    3.09     34472.0
 2024 10 09 21 32 00 000   -5.16     2.13     0.53  -424.90      8.90    -11.70    3.09     34472.0
 2024 10 09 21 33 00 000   -5.11     2.45     0.37  -424.90      8.90    -11.70    3.09     34472.0
 2024 10 09 21 34 00 000   -5.37     1.01     1.09  -427.50      8.90    -26.40    3.05     32339.0
 2024 10 09 21 35 00 000   -5.16     1.65     0.51  -427.50      8.90    -26.40    3.05     32339.0
 2024 10 09 21 36 00 000   -5.20     2.04     0.53  -426.10      0.90    -15.30    3.48     60251.0
 2024 10 09 21 37 00 000   -5.02     2.32     0.47  -426.00     -7.20    -16.00    3.26     61867.0
 2024 10 09 21 38 00 000   -4.94     2.54     0.19  -428.50    -12.50    -16.90    3.35     62684.0
 2024 10 09 21 39 00 000   -4.26     3.30    -0.97  -432.30    -15.70    -16.10    3.55     66806.0
 2024 10 09 21 40 00 000   -4.67     2.87    -0.51  -432.30    -15.70    -16.10    3.55     66806.0
 2024 10 09 21 41 00 000   -4.94     2.41    -0.67  -432.30    -15.70    -16.10    3.55     66806.0
 2024 10 09 21 42 00 000   -4.87     2.70    -0.00  -432.30    -15.70    -16.10    3.55     66806.0
 2024 10 09 21 43 00 000   -4.66     2.99    -0.13  -433.40    -29.10      1.80    3.75     76891.0
 2024 10 09 21 44 00 000   -4.45     3.28    -0.23  -433.40    -29.10      1.80    3.75     76891.0
 2024 10 09 21 45 00 000   -4.25     3.59    -0.75  -433.40    -29.10      1.80    3.75     76891.0
 2024 10 09 21 46 00 000   -4.46     3.37    -0.61  -433.40    -29.10      1.80    3.75     76891.0
 2024 10 09 21 47 00 000   -4.97     2.64    -0.45  -435.80    -32.80     11.80    3.49     44760.0
 2024 10 09 21 48 00 000   -4.40     3.30    -1.28  -435.80    -32.80     11.80    3.49     44760.0
 2024 10 09 21 49 00 000   -4.25     3.45    -1.30  -435.80    -32.80     11.80    3.49     44760.0
 2024 10 09 21 50 00 000   -3.99     3.81    -0.82  -435.80    -32.80     11.80    3.49     44760.0
 2024 10 09 21 51 00 000   -3.84     3.80    -1.48  -431.30    -20.90     -0.70    4.24     77843.0
 2024 10 09 21 52 00 000   -4.11     3.48    -1.68  -431.30    -20.90     -0.70    4.24     77843.0
 2024 10 09 21 53 00 000   -4.05     3.91    -0.36  -431.30    -20.90     -0.70    4.24     77843.0
 2024 10 09 21 54 00 000   -3.99     4.02     0.12  -431.30    -20.90     -0.70    4.24     77843.0
 2024 10 09 21 55 00 000   -3.46     4.43     0.14  -431.30    -20.90     -0.70    4.24     77843.0
 2024 10 09 21 56 00 000   -3.00     4.67    -0.40  -447.50     -1.90     -7.60    4.07     59044.0
 2024 10 09 21 57 00 000   -2.85     4.72    -0.99  -447.50     -1.90     -7.60    4.07     59044.0
 2024 10 09 21 58 00 000   -3.62     4.22    -0.76  -447.50     -1.90     -7.60    4.07     59044.0
 2024 10 09 21 59 00 000   -3.79     4.09    -0.50  -428.00    -18.10      4.10    2.88     36970.0
 2024 10 09 22 00 00 000   -3.95     3.97    -0.55  -428.00    -18.10      4.10    2.88     36970.0
 2024 10 09 22 01 00 000   -3.66     3.76    -1.80  -428.00    -18.10      4.10    2.88     36970.0
 2024 10 09 22 02 00 000   -3.49     4.38    -0.53  -439.00    -17.20      3.10    3.67     77193.0
 2024 10 09 22 03 00 000   -4.07     3.92    -0.35  -439.00    -17.20      3.10    3.67     77193.0
 2024 10 09 22 05 00 000   -4.14     3.55    -0.19  -431.40    -22.30      7.40    4.16     72973.0
 2024 10 09 22 06 00 000   -4.10     3.55    -1.49  -431.40    -22.30      7.40    4.16     72973.0
 2024 10 09 22 07 00 000   -4.04     3.72    -1.41  -431.40    -22.30      7.40    4.16     72973.0
 2024 10 09 22 08 00 000   -4.27     3.51    -1.20  -431.40    -22.30      7.40    4.16     72973.0
 2024 10 09 22 09 00 000   -4.42     3.34    -0.70  -429.00     -6.20    -15.30    3.63     45057.0
 2024 10 09 22 10 00 000   -4.19     3.51    -0.95  -429.00     -6.20    -15.30    3.63     45057.0
 2024 10 09 22 11 00 000   -4.28     3.15    -1.54  -429.00     -6.20    -15.30    3.63     45057.0
 2024 10 09 22 12 00 000   -4.53     2.94    -1.34  -429.00     -6.20    -15.30    3.63     45057.0
 2024 10 09 22 13 00 000   -4.79     2.42    -1.34  -429.90    -18.40     12.10    3.77     55986.0
 2024 10 09 22 14 00 000   -4.92     2.23    -1.25  -426.40    -12.20      8.50    3.72     59196.0
 2024 10 09 22 15 00 000   -4.96     2.15    -0.94  -423.40     -6.80      5.30    3.67     61981.0
 2024 10 09 22 16 00 000   -4.83     2.62    -0.04  -427.70     -9.40     -7.50    3.59     52333.0
 2024 10 09 22 17 00 000   -4.96     2.36    -0.84  -424.50     -9.90     -5.20    3.27     44572.0
 2024 10 09 22 18 00 000   -5.33     1.67    -0.59  -421.10     -6.00     -4.20    3.47     50919.0
 2024 10 09 22 19 00 000   -5.37     1.36    -0.91  -421.10     -6.00     -4.20    3.47     50919.0
 2024 10 09 22 20 00 000   -5.37     1.36    -0.91  -421.10     -6.00     -4.20    3.47     50919.0
 2024 10 09 22 21 00 000   -4.88     2.48    -1.17  -421.10     -6.00     -4.20    3.47     50919.0
 2024 10 09 22 23 00 000   -4.85     2.55    -1.21  -423.10      2.90      5.50    3.86     63041.0
 2024 10 09 22 24 00 000   -4.31     3.00    -1.87  -423.10      2.90      5.50    3.86     63041.0
 2024 10 09 22 25 00 000   -2.79     3.02    -3.78  -429.30     -2.60     14.30    3.68     60271.0
 2024 10 09 22 26 00 000   -3.73     2.83    -2.60  -438.30    -11.30     24.90    3.39     54588.0
 2024 10 09 22 27 00 000   -3.73     3.50    -1.75  -440.10    -23.70     15.50    3.00     38571.0
 2024 10 09 22 28 00 000   -4.41     3.13    -1.57  -427.50    -10.00      4.30    2.91     35868.0
 2024 10 09 22 29 00 000   -4.57     2.98    -1.62  -427.10     -7.00      7.60    3.21     45144.0
 2024 10 09 22 30 00 000   -4.30     3.59    -0.94  -428.10     -6.60     10.10    3.37     49466.0
 2024 10 09 22 31 00 000   -4.05     2.35    -2.19  -431.30     -1.70     14.20    2.59     33892.0
 2024 10 09 22 32 00 000   -4.01     2.52    -2.46  -430.10     -5.40     12.50    2.49     32694.0
 2024 10 09 22 33 00 000   -3.65     3.37    -2.30  -425.30    -19.50     -1.80    2.96     43018.0
 2024 10 09 22 34 00 000   -3.91     2.95    -2.25  -435.80    -14.30     11.30    3.25     52753.0
 2024 10 09 22 35 00 000   -4.05     3.18    -1.88  -444.10    -22.50      7.10    3.17     45995.0
 2024 10 09 22 36 00 000   -3.30     2.36    -2.48  -441.00    -14.90      9.90    3.21     51265.0
 2024 10 09 22 37 00 000   -3.55     2.31    -2.01  -434.80     -7.80      8.80    3.06     45076.0
 2024 10 09 22 38 00 000   -2.02     3.49    -2.27  -439.90    -13.00      5.80    3.28     52882.0
 2024 10 09 22 39 00 000   -2.14     3.66    -2.33  -438.00    -17.70      6.10    3.34     56430.0
 2024 10 09 22 40 00 000   -0.63     3.81    -1.84  -431.10    -24.50      7.00    3.13     55361.0
 2024 10 09 22 41 00 000   -1.34     2.83    -1.89  -431.10    -24.50      7.00    3.13     55361.0
 2024 10 09 22 42 00 000   -4.47     1.82    -1.40  -431.10    -24.50      7.00    3.13     55361.0
 2024 10 09 22 43 00 000   -3.98     1.61    -1.31  -415.00     11.70     -4.80    3.65     47060.0
 2024 10 09 22 44 00 000    3.65     3.87    -1.12  -415.00     11.70     -4.80    3.65     47060.0
 2024 10 09 22 46 00 000   -2.31     1.87    -1.62  -432.70     15.00     -0.60    3.24     39339.0
 2024 10 09 22 47 00 000    0.28     2.88    -1.04  -444.20     -1.80      0.60    3.20     48836.0
 2024 10 09 22 48 00 000   -0.72     2.49    -1.03  -486.00    -20.70    -19.00    3.60     57446.0
 2024 10 09 22 49 00 000   -4.20     2.48    -1.80  -435.80     -6.70      0.80    3.10     43552.0
 2024 10 09 22 50 00 000   -4.60     2.02    -1.60  -416.40     -1.30      8.50    2.90     38237.0
 2024 10 09 22 51 00 000   -5.26     0.13    -0.93  -416.40     -1.30      8.50    2.90     38237.0
 2024 10 09 22 52 00 000   -3.64     1.02    -1.20  -417.90     37.60     -1.00    3.87     84738.0
 2024 10 09 22 53 00 000   -3.54     2.38    -2.51  -428.20      6.50      7.20    3.91     89097.0
 2024 10 09 22 54 00 000   -4.10     1.40    -3.16  -429.30     -6.30     19.80    3.93     76409.0
 2024 10 09 22 55 00 000   -4.19     1.56    -2.97  -421.20      5.40     17.60    4.05     96800.0
 2024 10 09 22 56 00 000   -4.41     0.98    -2.80  -419.30     11.20     17.40    4.38     70856.0
 2024 10 09 22 57 00 000   -4.29     0.95    -2.56  -422.50     -4.90     13.00    3.76     51440.0
 2024 10 09 22 58 00 000   -4.34    -2.36    -1.77  -422.20     -2.10     12.40    3.78     53751.0
 2024 10 09 22 59 00 000   -3.43    -0.37    -2.22  -414.50     70.90     -3.40    4.17    113012.0
 2024 10 09 23 00 00 000   -2.94     2.90    -3.29  -414.50     70.90     -3.40    4.17    113012.0
 2024 10 09 23 01 00 000   -3.40     2.32    -3.27  -414.50     70.90     -3.40    4.17    113012.0
 2024 10 09 23 02 00 000   -3.80     1.92    -3.27  -414.50     70.90     -3.40    4.17    113012.0
 2024 10 09 23 03 00 000   -3.67     1.82    -3.14  -414.50     70.90     -3.40    4.17    113012.0
 2024 10 09 23 04 00 000   -2.68     2.56    -3.18  -447.70    -16.10     12.40    3.42     52507.0
 2024 10 09 23 05 00 000   -2.43     2.75    -3.13  -447.70    -16.10     12.40    3.42     52507.0
 2024 10 09 23 06 00 000   -2.35     2.63    -2.91  -447.70    -16.10     12.40    3.42     52507.0
 2024 10 09 23 07 00 000   -0.31     4.47    -3.13  -447.70    -16.10     12.40    3.42     52507.0
 2024 10 09 23 08 00 000   -0.39     4.28    -3.32  -447.70    -16.10     12.40    3.42     52507.0
 2024 10 09 23 09 00 000   -0.57     3.94    -3.62  -452.70    -12.80     13.80    3.71     39866.0
 2024 10 09 23 10 00 000   -0.55     3.91    -3.76  -452.70    -12.80     13.80    3.71     39866.0
 2024 10 09 23 11 00 000   -0.44     3.39    -4.28  -452.70    -12.80     13.80    3.71     39866.0
 2024 10 09 23 12 00 000   -0.13     2.52    -4.83  -452.70    -12.80     13.80    3.71     39866.0
 2024 10 09 23 13 00 000   -0.06     2.24    -4.99  -452.70    -12.80     13.80    3.71     39866.0
 2024 10 09 23 14 00 000   -1.48     2.95    -4.41  -456.80    -10.30     31.10    3.41     37300.0
 2024 10 09 23 15 00 000   -0.86     2.79    -4.52  -456.80    -10.30     31.10    3.41     37300.0
 2024 10 09 23 16 00 000   -0.93     2.49    -4.72  -446.70    -11.00     30.50    3.90     58591.0
 2024 10 09 23 17 00 000   -0.71     2.41    -4.70  -447.00    -10.60     29.70    3.89     57037.0
 2024 10 09 23 19 00 000    1.96    -3.45    -1.32  -448.30     -8.80     26.20    3.87     50565.0
 2024 10 09 23 20 00 000    0.09     0.98    -4.45  -448.30     -8.80     26.20    3.87     50565.0
 2024 10 09 23 21 00 000    2.31    -2.01    -3.77  -448.30     -8.80     26.20    3.87     50565.0
 2024 10 09 23 22 00 000   -1.78     1.28    -4.14  -469.20      2.90     12.40    3.15     39371.0
 2024 10 09 23 23 00 000    2.32    -0.13    -5.00  -469.20      2.90     12.40    3.15     39371.0
 2024 10 09 23 24 00 000   -2.65     3.97    -2.45  -469.20      2.90     12.40    3.15     39371.0
 2024 10 09 23 25 00 000   -3.10     4.23    -1.95  -431.40    -30.60     11.30    3.24     83632.0
 2024 10 09 23 26 00 000   -3.00     4.27    -1.90  -431.40    -30.60     11.30    3.24     83632.0
 2024 10 09 23 27 00 000   -2.02     4.97    -0.58  -442.40    -37.40     -1.90    3.52     82467.0
 2024 10 09 23 28 00 000   -2.57     4.63    -0.83  -441.30    -35.90     -1.00    3.45     87374.0
 2024 10 09 23 29 00 000   -3.32     2.96    -2.66  -428.40    -18.60      8.80    2.73    143723.0
 2024 10 09 23 30 00 000   -3.69     3.01    -2.30  -428.40    -18.60      8.80    2.73    143723.0
 2024 10 09 23 31 00 000   -3.81     3.00    -2.17  -428.40    -18.60      8.80    2.73    143723.0
 2024 10 09 23 32 00 000   -3.67     2.96    -2.22  -428.40    -18.60      8.80    2.73    143723.0
 2024 10 09 23 33 00 000   -3.61     2.91    -2.32  -428.40    -18.60      8.80    2.73    143723.0
 2024 10 09 23 34 00 000   -2.67     1.10    -3.34  -420.70    -16.00     13.20    3.64     45753.0
 2024 10 09 23 35 00 000   -2.78     0.28    -3.66  -435.80      4.60     23.10    3.37     42265.0
 2024 10 09 23 36 00 000   -3.46     1.81    -3.56  -425.40      3.70     30.00    3.56     61143.0
 2024 10 09 23 37 00 000   -1.48    -2.55    -2.92  -453.50     46.10     21.00    3.31     37197.0
 2024 10 09 23 38 00 000   -2.01    -0.83    -4.46  -452.20     25.50      9.20    3.59     56855.0
 2024 10 09 23 39 00 000   -1.58    -2.05    -4.26  -450.00     17.00      8.90    3.62     60275.0
 2024 10 09 23 40 00 000    0.54    -3.58    -1.43  -429.60     21.70     40.60    3.03     42872.0
 2024 10 09 23 41 00 000   -0.42    -3.32    -1.22  -429.60     21.70     40.60    3.03     42872.0
 2024 10 09 23 42 00 000   -4.13    -3.11    -1.50  -429.60     21.70     40.60    3.03     42872.0
 2024 10 09 23 43 00 000   -4.41    -2.40    -2.10  -429.60     21.70     40.60    3.03     42872.0
 2024 10 09 23 44 00 000   -3.95    -3.41    -1.42  -429.60     21.70     40.60    3.03     42872.0
 2024 10 09 23 45 00 000   -4.15    -2.87    -1.89  -413.30     41.50     21.30    2.77     32172.0
 2024 10 09 23 46 00 000   -4.80    -2.61    -0.75  -413.30     41.50     21.30    2.77     32172.0
 2024 10 09 23 47 00 000   -4.78    -2.78    -0.76  -413.30     41.50     21.30    2.77     32172.0
 2024 10 09 23 48 00 000   -4.75    -2.84    -0.66  -413.30     41.50     21.30    2.77     32172.0
 2024 10 09 23 49 00 000   -3.92    -2.31    -2.89  -416.20     35.40     27.30    3.44     51948.0
 2024 10 09 23 50 00 000   -4.60    -1.58    -2.20  -410.40     34.40     16.10    3.41     49457.0
 2024 10 09 23 51 00 000   -4.66    -1.62    -2.28  -416.10     21.70     14.70    3.89     58416.0
 2024 10 09 23 52 00 000   -4.29    -1.87    -2.57  -412.10     25.10     16.00    3.54     48214.0
 2024 10 09 23 53 00 000   -3.65    -2.81    -2.76  -407.90     27.60     14.70    3.43     47229.0
 2024 10 09 23 54 00 000   -3.56    -3.36    -2.13  -407.90     27.60     14.70    3.43     47229.0
 2024 10 09 23 55 00 000   -4.02    -2.70    -2.30  -407.90     27.60     14.70    3.43     47229.0
 2024 10 09 23 56 00 000   -4.61    -1.25    -2.45  -416.00     48.90      8.10    3.14     45487.0
 2024 10 09 23 57 00 000   -4.63    -2.36    -0.98  -414.70     47.10      8.40    3.31     50086.0
 2024 10 09 23 58 00 000   -4.22    -3.27    -0.75  -412.80     42.10      9.30    3.63     59793.0
 2024 10 10 00 02 00 000   -3.81    -3.71    -1.01  -415.20     43.50      9.20    3.39     53719.0
 2024 10 10 00 03 00 000   -3.71    -3.85    -1.00  -421.70     48.10      3.40    3.60     43941.0
 2024 10 10 00 04 00 000   -3.56    -4.08    -0.76  -421.70     48.10      3.40    3.60     43941.0
 2024 10 10 00 05 00 000   -3.75    -3.85    -0.91  -415.40     35.70      6.90    3.54     67645.0
 2024 10 10 00 06 00 000   -3.22    -4.44    -0.28  -420.20     38.10      8.50    3.48     73197.0
 2024 10 10 00 07 00 000   -3.10    -4.51    -0.57  -435.20     49.90     11.00    3.34     76159.0
 2024 10 10 00 08 00 000   -3.06    -4.56    -0.65  -435.20     49.90     11.00    3.34     76159.0
 2024 10 10 00 09 00 000   -3.13    -4.39    -1.04  -422.90     42.00      9.40    3.46     57689.0
 2024 10 10 00 10 00 000   -2.72    -4.66    -1.20  -424.30     46.00      8.20    3.33     77851.0
 2024 10 10 00 11 00 000   -2.78    -4.68    -0.82  -424.30     46.00      8.20    3.33     77851.0
 2024 10 10 00 12 00 000   -2.62    -4.59    -0.87  -424.30     46.00      8.20    3.33     77851.0
 2024 10 10 00 13 00 000   -2.81    -4.53    -1.09  -436.20     45.60     10.10    3.25     68709.0
 2024 10 10 00 14 00 000   -2.84    -4.36    -1.19  -436.20     45.60     10.10    3.25     68709.0
 2024 10 10 00 15 00 000   -2.62    -4.47    -1.10  -436.20     45.60     10.10    3.25     68709.0
 2024 10 10 00 16 00 000   -3.13    -4.40    -1.10  -428.00     52.20      5.30    3.05     94826.0
 2024 10 10 00 17 00 000   -2.88    -4.29    -1.12  -428.00     52.20      5.30    3.05     94826.0
 2024 10 10 00 19 00 000   -3.86    -1.61    -1.67  -428.00     52.20      5.30    3.05     94826.0
 2024 10 10 00 20 00 000   -2.75     2.31    -4.48  -426.20    -15.40     36.00    3.65     66927.0
 2024 10 10 00 21 00 000   -2.83     3.51    -2.46  -426.20    -15.40     36.00    3.65     66927.0
 2024 10 10 00 22 00 000   -3.06     4.00    -2.10  -421.00    -17.20     -1.90    3.91     74962.0
 2024 10 10 00 23 00 000   -3.58     3.78    -1.96  -421.00    -17.20     -1.90    3.91     74962.0
 2024 10 10 00 24 00 000   -3.43     3.97    -2.09  -425.10    -33.30      4.50    3.34     48900.0
 2024 10 10 00 25 00 000   -3.69     4.06    -1.87  -423.70    -32.50      4.00    3.34     48450.0
 2024 10 10 00 26 00 000   -4.16     3.56    -1.69  -408.00    -23.20     -1.10    3.37     43504.0
 2024 10 10 00 27 00 000   -3.24     4.59    -1.15  -423.00    -28.80     -1.50    3.73     51287.0
 2024 10 10 00 28 00 000   -1.59     4.93     1.28  -421.50    -28.00      1.20    3.71     49350.0
 2024 10 10 00 29 00 000   -2.95     3.99     0.72  -421.50    -28.00      1.20    3.71     49350.0
 2024 10 10 00 30 00 000   -1.15     5.76     1.20  -443.60    -21.80    -25.30    3.38     40234.0
 2024 10 10 00 31 00 000   -0.99     5.53     1.20  -440.10    -22.80    -24.30    3.25     37705.0
 2024 10 10 00 32 00 000   -1.91     5.13     0.32  -418.80    -17.80    -19.50    3.55     46546.0
 2024 10 10 00 33 00 000   -4.19     3.51    -0.23  -406.50    -22.70    -12.10    4.05     59687.0
 2024 10 10 00 34 00 000   -1.50     5.78    -0.38  -414.40    -24.80    -12.50    3.87     53347.0
 2024 10 10 00 35 00 000   -1.78     5.72    -0.09  -434.10    -28.60    -14.20    3.43     39211.0
 2024 10 10 00 36 00 000   -1.71     5.76    -0.07  -429.30    -28.00    -15.10    3.84     62931.0
 2024 10 10 00 37 00 000   -2.13     5.66    -0.46  -430.50    -31.70    -16.50    3.61     60020.0
 2024 10 10 00 38 00 000   -2.14     5.64    -0.50  -430.40    -31.60     -8.40    3.31     42551.0
 2024 10 10 00 39 00 000   -1.67     5.80    -0.06  -430.40    -31.60     -8.40    3.31     42518.0
 2024 10 10 00 40 00 000   -1.95     5.67    -0.81  -430.40    -31.60     -8.40    3.31     42518.0
 2024 10 10 00 41 00 000   -1.96     5.70    -1.01  -432.50    -30.50     -5.00    3.49     47229.0
 2024 10 10 00 42 00 000   -2.04     5.65    -1.26  -432.50    -30.50     -5.00    3.49     47229.0
 2024 10 10 00 43 00 000   -1.26     5.97    -1.17  -436.00    -32.20     -0.70    3.70     49525.0
 2024 10 10 00 44 00 000   -2.03     5.80    -1.08  -436.30    -32.30     -0.30    3.72     49729.0
 2024 10 10 00 45 00 000   -2.11     5.77    -0.92  -436.30    -32.30     -0.30    3.72     49729.0
 2024 10 10 00 46 00 000   -1.83     5.88    -0.61  -432.70    -32.00    -11.50    3.54     44925.0
 2024 10 10 00 47 00 000   -1.39     5.97    -0.37  -432.70    -32.00    -11.50    3.54     44925.0
 2024 10 10 00 48 00 000   -1.17     5.97    -0.29  -432.70    -32.00    -11.50    3.54     44925.0
 2024 10 10 00 49 00 000   -1.11     5.96    -0.30  -440.10    -33.40    -17.70    3.51     46086.0
 2024 10 10 00 50 00 000   -1.16     5.93    -0.25  -440.10    -33.40    -17.70    3.51     46086.0
 2024 10 10 00 51 00 000   -1.27     5.91    -0.20  -440.10    -33.40    -17.70    3.51     46086.0
 2024 10 10 00 52 00 000   -1.31     5.90    -0.03  -440.10    -33.40    -17.70    3.51     46086.0
 2024 10 10 00 53 00 000   -1.38     5.83     0.03  -441.00    -49.30    -36.80    3.34     36315.0
 2024 10 10 00 54 00 000   -1.35     5.75    -0.15  -441.00    -49.30    -36.80    3.34     36315.0
 2024 10 10 00 55 00 000   -2.30     5.38    -0.95  -431.10    -36.90    -17.40    2.67     30819.0
 2024 10 10 00 56 00 000   -2.01     5.55    -0.80  -431.10    -36.90    -17.40    2.67     30819.0
 2024 10 10 00 57 00 000   -2.57     5.36    -0.16  -431.10    -36.90    -17.40    2.67     30819.0
 2024 10 10 00 58 00 000   -1.97     5.56    -0.28  -431.10    -36.90    -17.40    2.67     30819.0
 2024 10 10 00 59 00 000   -1.99     5.51    -0.11  -431.10    -36.90    -17.40    2.67     30819.0
 2024 10 10 01 00 00 000   -3.05     4.99     0.17  -431.10    -36.90    -17.40    2.67     30819.0
 2024 10 10 01 01 00 000   -3.15     4.84     0.13  -431.10    -36.90    -17.40    2.67     30819.0
 2024 10 10 01 02 00 000   -1.61     5.57     0.89  -431.10    -36.90    -17.40    2.67     30819.0
 2024 10 10 01 03 00 000   -1.91     5.51     0.55  -431.10    -36.90    -17.40    2.67     30819.0
 2024 10 10 01 04 00 000   -2.14     5.41     0.72  -431.10    -36.90    -17.40    2.67     30819.0
 2024 10 10 01 05 00 000   -1.77     5.50     0.94  -431.10    -36.90    -17.40    2.67     30819.0
 2024 10 10 01 06 00 000   -1.44     5.63     0.73  -427.50    -29.60    -22.20    3.57     49517.0
 2024 10 10 01 07 00 000   -1.65     5.59     0.52  -431.30    -27.60    -27.20    3.26     41805.0
 2024 10 10 01 08 00 000   -1.63     5.61     0.14  -428.70    -28.40    -23.40    3.49     47338.0
 2024 10 10 01 09 00 000   -1.58     5.80    -0.20  -425.40    -28.90    -19.40    3.73     53366.0
 2024 10 10 01 10 00 000   -1.41     5.78     0.24  -438.80    -31.60    -14.20    3.12     38725.0
 2024 10 10 01 12 00 000   -1.26     5.83     0.49  -438.80    -31.60    -14.20    3.12     38725.0
 2024 10 10 01 13 00 000   -1.34     5.88     0.73  -438.80    -31.60    -14.20    3.12     38725.0
 2024 10 10 01 14 00 000   -2.10     5.40     0.16  -438.80    -31.60    -14.20    3.12     38725.0
 2024 10 10 01 15 00 000   -0.60     5.97     1.09  -438.80    -31.60    -14.20    3.12     38725.0
 2024 10 10 01 16 00 000   -5.12     1.64    -2.39  -398.90     -7.30     16.00    2.84     30384.0
 2024 10 10 01 17 00 000   -3.41     3.03    -1.32  -398.90     -7.30     16.00    2.84     30384.0
 2024 10 10 01 18 00 000   -4.27     2.10    -1.69  -398.90     -7.30     16.00    2.84     30384.0
 2024 10 10 01 19 00 000   -4.30     2.44    -1.98  -398.90     -7.30     16.00    2.84     30384.0
 2024 10 10 01 20 00 000   -3.82     4.12    -0.83  -438.20    -30.50    -28.70    3.00     33925.0
 2024 10 10 01 21 00 000   -5.32     0.34    -2.26  -438.20    -30.50    -28.70    3.00     33925.0
 2024 10 10 01 22 00 000   -4.76     3.05    -2.03  -400.40    -13.00      2.60    3.31     41396.0
 2024 10 10 01 23 00 000   -5.16     2.29    -1.69  -399.80    -13.90      2.90    3.29     40190.0
 2024 10 10 01 24 00 000   -5.11     2.02    -1.50  -399.70    -15.40      2.80    3.27     38379.0
 2024 10 10 01 25 00 000   -4.52     2.54    -2.05  -408.10    -13.70      9.50    3.37     45367.0
 2024 10 10 01 26 00 000   -4.41     3.26    -1.61  -395.40     -0.60      6.40    2.82     29898.0
 2024 10 10 01 27 00 000   -4.63     2.78    -1.31  -405.20    -25.40    -16.50    2.91     37534.0
 2024 10 10 01 28 00 000   -4.96     1.91    -1.49  -407.80    -30.70    -20.60    2.96     39902.0
 2024 10 10 01 29 00 000   -2.76     4.25    -1.00  -419.40    -25.90     -4.20    3.98     65785.0
 2024 10 10 01 30 00 000   -3.86     3.19    -0.86  -428.00    -21.10     -1.30    3.25     53594.0
 2024 10 10 01 31 00 000   -3.51     3.59    -1.08  -432.60    -19.20     -0.40    2.91     47771.0
 2024 10 10 01 32 00 000   -4.10     2.62    -1.52  -401.80    -12.40    -30.10    2.91     38055.0
 2024 10 10 01 33 00 000   -4.09     3.09    -0.91  -401.80    -12.40    -30.10    2.91     38068.0
 2024 10 10 01 34 00 000   -3.05     0.76    -2.22  -416.40      6.50      8.90    3.65     59007.0
 2024 10 10 01 35 00 000   -3.08     1.20    -2.12  -423.10     -0.60      8.40    3.61     52284.0
 2024 10 10 01 36 00 000   -3.31     0.16    -2.51  -415.60    -20.80      0.90    3.56     59616.0
 2024 10 10 01 37 00 000   -3.72    -0.54    -0.89  -421.80     16.30     27.30    3.00     45667.0
 2024 10 10 01 38 00 000   -2.80    -1.72    -1.56  -429.10     42.90     21.80    3.38     55335.0
 2024 10 10 01 39 00 000   -3.37    -1.92    -2.17  -424.80     63.80      5.00    3.55     52650.0
 2024 10 10 01 40 00 000   -3.24    -1.67    -2.63  -424.80     63.80      5.00    3.55     52650.0
 2024 10 10 01 41 00 000   -3.47    -1.18    -2.39  -430.00     20.60     33.00    3.63     59385.0
 2024 10 10 01 42 00 000   -3.10    -1.78    -2.75  -430.30     25.90     27.60    3.58     56876.0
 2024 10 10 01 43 00 000   -3.38    -0.78    -2.54  -430.90     37.90     15.30    3.49     51125.0
 2024 10 10 01 44 00 000   -3.79    -0.88    -2.31  -405.90      2.60     -2.80    3.42     45024.0
 2024 10 10 01 45 00 000   -3.53    -0.98    -2.41  -405.90      2.60     -2.80    3.42     45024.0
 2024 10 10 01 46 00 000   -4.02    -0.84    -1.92  -405.90      2.60     -2.80    3.42     45024.0
 2024 10 10 01 47 00 000   -3.00    -1.85    -2.59  -418.40     21.60      8.20    3.38     62630.0
 2024 10 10 01 48 00 000   -2.72    -2.57    -2.25  -420.20     24.10      8.70    3.30     59196.0
 2024 10 10 01 49 00 000   -1.81    -3.93    -2.04  -431.90     53.30     15.20    3.64     51418.0
 2024 10 10 01 50 00 000   -2.00    -3.53    -1.05  -440.80     48.50     12.80    3.61     49236.0
 2024 10 10 01 51 00 000   -1.96    -3.99    -0.13  -448.40     44.40     10.70    3.59     47368.0
 2024 10 10 01 52 00 000   -2.21    -4.09    -1.38  -433.20     44.80      3.70    3.45     48870.0
 2024 10 10 01 53 00 000   -2.07    -3.34    -1.31  -429.20     33.60     15.30    3.73     54896.0
 2024 10 10 01 54 00 000   -1.59    -3.87    -0.76  -427.80     39.00     10.90    4.00     81044.0
 2024 10 10 01 55 00 000   -2.01    -2.22    -3.60  -435.40     42.80     15.60    3.56     49452.0
 2024 10 10 01 56 00 000   -1.96    -2.78    -3.24  -439.30     46.70     20.10    3.17     51329.0
 2024 10 10 01 57 00 000   -2.83    -2.75    -2.64  -437.30     45.90     19.40    3.26     53327.0
 2024 10 10 01 58 00 000   -2.78    -3.91    -1.24  -419.40     35.00     15.40    4.28     72757.0
 2024 10 10 01 59 00 000   -2.75    -3.69    -1.73  -429.20     48.20     19.00    3.45     45871.0
 2024 10 10 02 00 00 000   -2.86    -3.87    -1.79  -430.20     48.30     17.80    3.23     40808.0
 2024 10 10 02 01 00 000   -2.90    -3.71    -2.35  -430.20     46.00     14.80    2.98     35931.0
 2024 10 10 02 02 00 000   -3.45    -3.50    -1.58  -419.10     31.80     15.50    4.92     62923.0
 2024 10 10 02 03 00 000   -2.86    -3.38    -2.44  -425.00     40.50     14.20    4.24     53664.0
 2024 10 10 02 04 00 000   -3.13    -2.96    -2.08  -429.00     47.60     12.00    3.49     47440.0
 2024 10 10 02 05 00 000   -2.57    -4.17    -1.86  -416.40     32.30     10.70    3.71     69198.0
 2024 10 10 02 06 00 000   -2.97    -3.84    -2.49  -427.40     27.90     24.70    3.78     60981.0
 2024 10 10 02 07 00 000   -2.41    -4.04    -2.72  -429.90     38.30     22.00    3.53     45765.0
 2024 10 10 02 08 00 000   -2.65    -4.51    -1.74  -430.40     41.20     21.10    3.46     41752.0
 2024 10 10 02 09 00 000   -2.76    -4.31    -1.84  -430.40     41.20     21.10    3.46     41752.0
 2024 10 10 02 10 00 000   -2.71    -4.38    -1.67  -430.40     41.20     21.10    3.46     41752.0
 2024 10 10 02 11 00 000   -2.73    -4.66    -1.34  -431.90     47.00      9.10    3.47     53690.0
 2024 10 10 02 12 00 000   -2.68    -4.06    -1.93  -430.30     42.70     13.20    3.62     52032.0
 2024 10 10 02 13 00 000   -3.03    -4.11    -1.90  -429.40     40.30     15.60    3.71     51091.0
 2024 10 10 02 14 00 000   -3.29    -3.69    -1.58  -425.20     38.90     14.90    4.21     47460.0
 2024 10 10 02 15 00 000   -2.33    -4.43    -1.17  -427.70     37.30     15.60    4.01     51861.0
 2024 10 10 02 16 00 000   -1.96    -4.06    -0.80  -439.60     26.70      2.20    4.91     76582.0
 2024 10 10 02 17 00 000   -3.91    -2.68    -1.50  -439.80     26.50      2.00    4.93     76934.0
 2024 10 10 02 18 00 000   -4.12    -2.52    -1.72  -425.00     33.80     14.10    3.89     56872.0
 2024 10 10 02 19 00 000   -3.98    -2.83    -1.61  -425.00     33.80     14.10    3.89     56872.0
 2024 10 10 02 20 00 000   -4.14    -2.50    -1.46  -425.00     33.80     14.10    3.89     56872.0
 2024 10 10 02 21 00 000   -4.93    -1.44    -0.62  -425.00     33.80     14.10    3.89     56872.0
 2024 10 10 02 22 00 000   -4.44    -1.67    -1.72  -411.30     11.10     14.30    5.25     51290.0
 2024 10 10 02 23 00 000   -4.02    -2.76    -2.24  -420.10     14.20      4.70    4.69     45853.0
 2024 10 10 02 24 00 000   -3.45    -3.66    -2.70  -424.70     30.50     18.00    3.54     50406.0
 2024 10 10 02 25 00 000   -3.48    -3.64    -2.69  -425.00     33.30     21.00    3.35     51585.0
 2024 10 10 02 26 00 000   -3.33    -3.83    -2.57  -425.50     30.20     24.90    3.88     61643.0
 2024 10 10 02 27 00 000   -3.52    -3.52    -2.66  -422.30     29.70     21.10    4.02     71251.0
 2024 10 10 02 28 00 000   -3.48    -3.65    -2.61  -412.30     28.20      9.20    4.43    101156.0
 2024 10 10 02 29 00 000   -3.84    -3.31    -2.42  -417.10     34.00     23.60    3.47     56026.0
 2024 10 10 02 30 00 000   -3.74    -3.43    -2.56  -418.70     36.00     28.60    3.14     40459.0
 2024 10 10 02 31 00 000   -3.73    -3.21    -2.68  -418.70     36.00     28.60    3.14     40459.0
 2024 10 10 02 32 00 000   -3.59    -2.86    -3.16  -418.70     36.00     28.60    3.14     40459.0
 2024 10 10 02 33 00 000   -3.40    -2.71    -3.49  -418.70     36.00     28.60    3.14     40459.0
 2024 10 10 02 34 00 000   -2.90    -3.00    -3.64  -418.70     36.00     28.60    3.14     40459.0
 2024 10 10 02 35 00 000   -3.76    -2.85    -2.90  -418.70     36.00     28.60    3.14     40459.0
 2024 10 10 02 36 00 000   -4.26    -2.35    -2.45  -417.00      2.90     19.40    4.50     89443.0
 2024 10 10 02 37 00 000   -4.44    -2.06    -2.38  -417.00      2.90     19.40    4.50     89443.0
 2024 10 10 02 38 00 000   -4.58    -1.93    -2.29  -417.00      2.90     19.40    4.50     89443.0
 2024 10 10 02 39 00 000   -4.27    -2.10    -2.69  -417.00      2.90     19.40    4.50     89443.0
 2024 10 10 02 40 00 000   -4.32    -1.74    -2.85  -412.70     12.60     16.10    4.20     88793.0
 2024 10 10 02 41 00 000   -3.53    -2.46    -2.94  -412.70     12.60     16.10    4.20     88741.0
 2024 10 10 02 42 00 000   -3.10    -3.19    -2.39  -430.60     32.50     22.00    3.73     58781.0
 2024 10 10 02 43 00 000   -2.76    -3.79    -1.88  -425.60     32.30     23.30    4.15     65404.0
 2024 10 10 02 44 00 000   -2.92    -3.57    -2.03  -425.90     39.20     18.30    3.87     72664.0
 2024 10 10 02 45 00 000   -3.20    -3.44    -2.01  -427.30     44.50     14.60    3.59     76202.0
 2024 10 10 02 46 00 000   -2.58    -4.02    -0.70  -426.50     40.60     12.90    3.52     63681.0
 2024 10 10 02 47 00 000   -2.25    -4.28    -0.63  -428.00     41.60     11.60    3.56     60843.0
 2024 10 10 02 48 00 000   -1.66    -4.42     0.76  -428.00     41.60     11.60    3.56     60843.0
 2024 10 10 02 49 00 000   -1.35    -4.48     1.06  -428.00     41.60     11.60    3.56     60843.0
 2024 10 10 02 50 00 000   -0.54    -3.54     2.74  -439.80     51.20     -4.60    3.88     63123.0
 2024 10 10 02 51 00 000   -0.45    -4.69     1.79  -441.00     54.50    -13.40    3.88     65047.0
 2024 10 10 02 52 00 000   -1.50    -4.57    -0.51  -443.20     54.10     -8.40    3.60     55004.0
 2024 10 10 02 53 00 000   -2.35    -4.32    -0.11  -434.40     44.40     12.40    3.17     42968.0
 2024 10 10 02 54 00 000   -2.91    -3.98    -0.67  -434.40     44.40     12.40    3.17     42968.0
 2024 10 10 02 55 00 000   -2.69    -4.27     1.13  -434.40     44.40     12.40    3.17     42968.0
 2024 10 10 02 56 00 000   -2.68    -4.23     2.08  -434.40     44.40     12.40    3.17     42968.0
 2024 10 10 02 57 00 000   -2.98    -4.11     1.99  -426.40     45.30    -13.30    3.60     44925.0
 2024 10 10 02 58 00 000   -3.27    -4.03    -0.58  -425.30     44.70     -7.60    3.59     46848.0
 2024 10 10 02 59 00 000   -3.48    -3.63    -0.84  -424.00     45.90      0.60    3.34     47162.0
 2024 10 10 03 00 00 000   -3.86    -3.58    -1.05  -415.90     47.10      7.60    4.25     63789.0
 2024 10 10 03 01 00 000   -4.03    -3.59    -0.93  -415.50     39.40      5.50    3.91     59015.0
 2024 10 10 03 02 00 000   -3.68    -4.12    -0.46  -422.90     27.70      7.20    3.22     45861.0
 2024 10 10 03 03 00 000   -3.68    -4.19    -0.41  -422.90     27.70      7.20    3.22     45861.0
 2024 10 10 03 05 00 000   -3.61    -4.20    -0.27  -419.00     41.90      8.60    4.27     61681.0
 2024 10 10 03 06 00 000   -3.75    -4.11    -0.23  -419.00     41.90      8.60    4.27     61681.0
 2024 10 10 03 07 00 000   -3.73    -4.30    -0.43  -422.40     36.10      8.30    3.41     53019.0
 2024 10 10 03 08 00 000   -3.95    -4.27     0.13  -422.70     36.10      7.60    3.39     52345.0
 2024 10 10 03 09 00 000   -4.32    -3.73     0.41  -426.40     39.80     -5.20    3.40     44236.0
 2024 10 10 03 10 00 000   -4.56    -3.04    -0.68  -414.30     49.90      7.50    3.85     56249.0
 2024 10 10 03 11 00 000   -4.09    -3.68    -1.29  -413.00     51.00      8.80    3.90     57505.0
 2024 10 10 03 12 00 000   -4.31    -2.84    -1.55  -411.70     47.60     16.10    3.76     62076.0
 2024 10 10 03 13 00 000   -4.72    -2.64    -1.67  -411.40     38.00     20.80    3.62     59380.0
 2024 10 10 03 14 00 000   -4.75    -1.69    -2.58  -411.00     25.80     26.80    3.46     55912.0
 2024 10 10 03 15 00 000   -3.87    -4.38    -0.33  -411.00     25.80     26.80    3.46     55912.0
 2024 10 10 03 16 00 000   -4.89    -1.20    -2.62  -411.00     25.80     26.80    3.46     55912.0
 2024 10 10 03 17 00 000   -3.82    -3.39    -0.11  -417.50     50.60      8.00    3.37     55471.0
 2024 10 10 03 18 00 000   -3.58    -3.89     0.86  -417.10     36.70      7.00    3.72     63817.0
 2024 10 10 03 19 00 000   -3.36    -3.97     0.07  -416.70     22.20      5.90    4.08     72582.0
 2024 10 10 03 20 00 000   -3.23    -4.25     0.12  -416.70     22.20      5.90    4.08     72582.0
 2024 10 10 03 21 00 000   -3.55    -3.92    -0.62  -418.90     47.90     12.90    3.94     70535.0
 2024 10 10 03 22 00 000   -3.11    -4.33    -0.12  -417.60     42.00     20.70    3.66     65511.0
 2024 10 10 03 23 00 000   -3.59    -4.25    -0.05  -422.70     52.30      3.10    3.39     50108.0
 2024 10 10 03 24 00 000   -3.45    -4.40     1.11  -420.90     52.10      1.70    3.57     56686.0
 2024 10 10 03 25 00 000   -4.11    -3.84    -0.33  -423.90     49.10     -1.30    3.83     60737.0
 2024 10 10 03 26 00 000   -4.29    -3.69    -0.77  -422.40     39.60      5.40    3.94     69701.0
 2024 10 10 03 27 00 000   -4.51    -3.65    -0.76  -420.70     35.90      9.30    3.90     67174.0
 2024 10 10 03 28 00 000   -4.52    -3.33    -0.81  -420.60     37.40     10.90    3.76     59423.0
 2024 10 10 03 29 00 000   -4.47    -2.92    -1.33  -409.40     36.20     10.70    3.99     79852.0
 2024 10 10 03 30 00 000   -4.19    -2.90    -2.25  -409.40     36.20     10.70    3.99     79852.0
 2024 10 10 03 31 00 000   -3.95    -2.88    -2.78  -409.40     36.20     10.70    3.99     79852.0
 2024 10 10 03 33 00 000   -3.98    -2.95    -2.63  -409.40     36.20     10.70    3.99     79852.0
 2024 10 10 03 34 00 000   -4.26    -2.68    -2.44  -416.00     31.00     18.20    3.90     73859.0
 2024 10 10 03 35 00 000   -4.00    -2.85    -2.73  -416.00     31.00     18.20    3.90     73859.0
 2024 10 10 03 36 00 000   -4.05    -2.85    -2.69  -416.40     33.00     23.00    4.07     70144.0
 2024 10 10 03 37 00 000   -3.94    -2.91    -2.85  -416.40     33.00     23.00    4.07     70144.0
 2024 10 10 03 38 00 000   -3.83    -3.06    -2.79  -416.40     33.00     23.00    4.07     70144.0
 2024 10 10 03 39 00 000   -3.71    -3.36    -2.61  -418.80     30.60     23.40    3.99     72010.0
 2024 10 10 03 40 00 000   -3.58    -3.48    -2.71  -418.80     30.60     23.40    3.99     72010.0
 2024 10 10 03 41 00 000   -4.10    -2.91    -2.53  -416.50     28.80     22.60    4.11     76632.0
 2024 10 10 03 42 00 000   -3.97    -3.06    -2.07  -416.50     28.80     22.60    4.11     76632.0
 2024 10 10 03 43 00 000   -3.47    -3.26    -2.07  -416.50     28.80     22.60    4.11     76632.0
 2024 10 10 03 44 00 000   -3.87    -2.95    -2.29  -420.30     35.10     20.80    3.55     48007.0
 2024 10 10 03 45 00 000   -4.17    -2.34    -2.63  -420.10     34.80     21.10    3.55     47954.0
 2024 10 10 03 46 00 000   -4.35    -2.47    -2.40  -405.90     24.40     23.40    4.01     54618.0
 2024 10 10 03 47 00 000   -4.39    -2.61    -1.95  -402.30     22.10     23.60    4.13     56502.0
 2024 10 10 03 48 00 000   -4.27    -2.49    -2.47  -404.10     18.80     29.70    3.90     55611.0
 2024 10 10 03 49 00 000   -4.56    -2.04    -2.46  -414.80     32.70     19.60    4.00     63002.0
 2024 10 10 03 50 00 000   -4.00    -3.07    -1.61  -425.90     47.30      6.60    4.19     71746.0
 2024 10 10 03 51 00 000   -4.48    -2.02    -2.51  -406.80     13.70     24.80    3.99     59556.0
 2024 10 10 03 52 00 000   -4.77    -1.76    -2.00  -410.60     21.20     22.20    3.93     60307.0
 2024 10 10 03 53 00 000   -4.34    -2.64    -1.90  -418.20     42.40     10.00    4.08     62990.0
 2024 10 10 03 54 00 000   -5.14    -1.78    -2.35  -402.60     31.80     18.00    4.10     55103.0
 2024 10 10 03 55 00 000   -4.49    -1.92    -3.07  -407.00     10.30     28.20    3.56     42872.0
 2024 10 10 03 56 00 000   -4.36    -1.88    -2.78  -407.40     17.50     26.10    3.69     50206.0
 2024 10 10 03 57 00 000   -4.43    -1.97    -2.08  -410.40     28.30     19.90    3.64     58198.0
 2024 10 10 03 58 00 000   -4.28    -2.99     0.57  -411.50     15.70     21.30    3.22     42963.0
 2024 10 10 03 59 00 000   -4.71    -2.18    -0.78  -406.00     17.10      9.60    4.25     55231.0
 2024 10 10 04 00 00 000   -4.68    -2.69     1.07  -407.90     21.90      9.00    3.87     53817.0
 2024 10 10 04 01 00 000   -4.72    -3.30     1.19  -414.30     43.10    -10.10    4.58     52220.0
 2024 10 10 04 02 00 000   -4.81    -3.11     0.05  -408.90     46.20     -3.30    4.27     58188.0
 2024 10 10 04 03 00 000   -4.84    -3.40     0.26  -407.60     46.20     -1.10    4.28     59993.0
 2024 10 10 04 04 00 000   -4.89    -3.36     0.03  -410.20     48.10      7.00    4.42     52418.0
 2024 10 10 04 05 00 000   -4.69    -2.83     0.46  -409.50     47.90      3.10    4.41     57719.0
 2024 10 10 04 06 00 000   -4.15    -3.17     1.50  -420.00     44.30    -20.60    4.00     61057.0
 2024 10 10 04 07 00 000   -3.72    -2.40     3.98  -418.90     40.40      2.50    3.92     62126.0
 2024 10 10 04 08 00 000   -4.06    -1.56     3.69  -428.90     24.30    -38.40    4.88     77626.0
 2024 10 10 04 09 00 000   -4.81    -2.77     1.60  -424.80     32.00    -27.20    4.66     73078.0
 2024 10 10 04 10 00 000   -3.55    -0.53     3.67  -419.20     42.60    -11.70    4.36     66795.0
 2024 10 10 04 11 00 000   -4.48    -1.13     3.95  -416.90     37.20    -19.40    4.36     56391.0
 2024 10 10 04 12 00 000   -5.37    -2.16     2.10  -416.90     37.20    -19.40    4.36     56391.0
 2024 10 10 04 13 00 000   -5.53    -2.20     1.86  -411.90     37.70    -15.00    4.59     54624.0
 2024 10 10 04 14 00 000   -5.25    -2.28     2.15  -409.10     43.00    -11.40    4.77     54997.0
 2024 10 10 04 15 00 000   -5.03    -2.53     2.17  -414.70     46.70    -12.90    4.68     62355.0
 2024 10 10 04 16 00 000   -5.02    -2.87     1.60  -410.70     33.80    -13.80    4.38     59459.0
 2024 10 10 04 17 00 000   -4.69    -3.52     1.49  -406.00     38.70    -14.30    4.15     54401.0
 2024 10 10 04 18 00 000   -4.10    -4.19     0.94  -416.70     42.50    -10.10    3.97     74028.0
 2024 10 10 04 19 00 000   -4.32    -3.85     0.30  -416.70     42.50    -10.10    3.97     74028.0
 2024 10 10 04 20 00 000   -5.06    -2.96     0.42  -402.80     42.80      6.80    4.10     53079.0
 2024 10 10 04 21 00 000   -4.98    -3.23     0.08  -402.80     42.80      6.80    4.10     53079.0
 2024 10 10 04 22 00 000   -4.86    -3.15     0.12  -402.80     42.80      6.80    4.10     53079.0
 2024 10 10 04 23 00 000   -4.83    -3.18    -0.41  -402.80     42.80      6.80    4.10     53079.0
 2024 10 10 04 24 00 000   -4.72    -3.07     0.02  -402.80     42.80      6.80    4.10     53079.0
 2024 10 10 04 25 00 000   -4.62    -3.17    -0.37  -407.90     45.70      7.20    4.02     66846.0
 2024 10 10 04 26 00 000   -4.48    -3.11    -0.33  -409.50     42.30      9.40    4.05     69860.0
 2024 10 10 04 27 00 000   -4.58    -3.11    -0.70  -410.30     40.70     10.20    4.07     71411.0
 2024 10 10 04 28 00 000   -4.12    -3.65    -1.58  -410.30     40.70     10.20    4.07     71411.0
 2024 10 10 04 29 00 000   -4.24    -3.60    -0.72  -412.40     38.40     23.00    3.78     63242.0
 2024 10 10 04 30 00 000   -4.33    -3.67    -0.80  -410.50     39.00     16.20    3.88     67161.0
 2024 10 10 04 31 00 000   -4.56    -3.58    -0.73  -409.40     38.00      8.40    4.14     70339.0
 2024 10 10 04 32 00 000   -4.68    -3.58    -0.57  -409.90     38.60      6.40    4.34     68311.0
 2024 10 10 04 33 00 000   -5.32    -2.49     0.28  -409.90     38.60      6.40    4.34     68311.0
 2024 10 10 04 34 00 000   -5.16    -2.85     0.37  -409.90     38.60      6.40    4.34     68311.0
 2024 10 10 04 35 00 000   -5.35    -2.52     0.27  -409.90     38.60      6.40    4.34     68311.0
 2024 10 10 04 36 00 000   -5.35    -2.52     0.27  -409.90     38.60      6.40    4.34     68311.0
 2024 10 10 04 37 00 000   -5.08    -3.04     0.56  -409.90     38.60      6.40    4.34     68311.0
 2024 10 10 04 38 00 000   -5.03    -3.03     0.78  -409.90     38.60      6.40    4.34     68311.0
 2024 10 10 04 39 00 000   -5.23    -2.78     0.55  -403.20     57.00     -1.40    4.03     68506.0
 2024 10 10 04 40 00 000   -5.23    -2.78     0.55  -403.20     57.00     -1.40    4.03     68506.0
 2024 10 10 04 41 00 000   -5.01    -3.06     0.74  -403.20     57.00     -1.40    4.03     68506.0
 2024 10 10 04 43 00 000   -4.91    -3.08     0.92  -403.20     57.00     -1.40    4.03     68506.0
 2024 10 10 04 45 00 000   -4.95    -2.87     0.92  -403.20     57.00     -1.40    4.03     68506.0
 2024 10 10 04 46 00 000   -5.44    -1.62    -0.93  -403.20     57.00     -1.40    4.03     68506.0
 2024 10 10 04 47 00 000   -5.44    -1.62    -0.93  -403.20     57.00     -1.40    4.03     68506.0
 2024 10 10 04 48 00 000   -5.49    -1.80    -0.52  -403.20     57.00     -1.40    4.03     68506.0
 2024 10 10 04 50 00 000   -5.42    -1.83     0.43  -403.20     57.00     -1.40    4.03     68506.0
 2024 10 10 04 51 00 000   -5.24    -2.09     0.97  -395.80     40.50     -1.40    4.81     92257.0
 2024 10 10 04 52 00 000   -5.54    -1.55     0.29  -395.80     40.50     -1.40    4.81     92257.0
 2024 10 10 04 53 00 000   -5.43    -2.03     0.59  -395.80     40.50     -1.40    4.81     92257.0
 2024 10 10 04 54 00 000   -4.67    -3.20     1.35  -395.80     40.50     -1.40    4.81     92257.0
 2024 10 10 04 55 00 000   -4.58    -3.44     1.15  -395.80     40.50     -1.40    4.81     92257.0
 2024 10 10 04 57 00 000   -4.47    -3.56     1.04  -395.80     40.50     -1.40    4.81     92257.0
 2024 10 10 04 58 00 000   -4.60    -3.35     1.10  -411.90     48.00      4.00    3.55     67007.0
 2024 10 10 04 59 00 000   -4.72    -3.20     0.92  -411.90     48.00      4.00    3.55     67007.0
 2024 10 10 05 00 00 000   -4.10    -3.49     1.38  -411.90     48.00      4.00    3.55     67007.0
 2024 10 10 05 01 00 000   -3.88    -4.01     1.24  -415.50     45.30      4.30    3.12     53549.0
 2024 10 10 05 02 00 000   -4.33    -3.63     1.09  -411.20     45.10      6.70    3.62     60748.0
 2024 10 10 05 03 00 000   -4.86    -3.04     1.08  -407.10     48.60      0.40    3.61     54346.0
 2024 10 10 05 04 00 000   -5.18    -2.88     1.15  -402.80     45.60      0.40    3.95     59608.0
 2024 10 10 05 05 00 000   -5.42    -2.60     0.48  -400.90     38.90      1.90    3.84     58872.0
 2024 10 10 05 06 00 000   -5.54    -2.30     0.58  -397.30     31.70      2.10    3.84     52667.0
 2024 10 10 05 07 00 000   -5.25    -2.27     0.42  -414.30     12.30    -12.60    4.78     55454.0
 2024 10 10 05 08 00 000   -5.36    -1.42     0.92  -395.70     37.20      5.50    3.11     40727.0
 2024 10 10 05 09 00 000   -5.52    -0.94     1.10  -395.80     33.10     -6.70    3.15     41907.0
 2024 10 10 05 10 00 000   -5.52    -1.35     0.81  -395.80     27.00    -24.70    3.23     43648.0
 2024 10 10 05 11 00 000   -5.60    -1.30     0.98  -395.80     27.00    -24.70    3.23     43648.0
 2024 10 10 05 12 00 000   -5.59    -1.56     0.77  -391.10     25.80     -8.60    3.11     34270.0
 2024 10 10 05 13 00 000   -5.48    -1.99     0.36  -391.10     25.80     -8.60    3.11     34270.0
 2024 10 10 05 14 00 000   -5.63    -2.60     0.20  -398.60     39.00      3.60    3.87     53438.0
 2024 10 10 05 15 00 000   -5.42    -3.01     0.20  -398.60     39.00      3.60    3.87     53438.0
 2024 10 10 05 16 00 000   -5.26    -3.23    -0.04  -398.60     39.00      3.60    3.87     53438.0
 2024 10 10 05 17 00 000   -5.22    -2.86     1.38  -398.80     43.50      9.80    3.24     42647.0
 2024 10 10 05 18 00 000   -5.43    -2.76     1.06  -398.70     44.20      8.40    3.32     44177.0
 2024 10 10 05 19 00 000   -5.33    -2.89     0.69  -398.40     46.70      3.60    3.59     49417.0
 2024 10 10 05 20 00 000   -5.39    -2.71     1.22  -398.60     46.20      0.50    3.63     50870.0
 2024 10 10 05 21 00 000   -5.50    -2.72     1.20  -398.90     45.60     -3.30    3.67     52614.0
 2024 10 10 05 22 00 000   -5.60    -2.67     0.94  -398.90     45.60     -3.30    3.67     52614.0
 2024 10 10 05 23 00 000   -5.90    -1.91     0.80  -392.70     42.90     -1.20    3.45     47737.0
 2024 10 10 05 24 00 000   -5.96    -1.84     1.49  -392.70     42.90     -1.20    3.45     47737.0
 2024 10 10 05 25 00 000   -5.79    -1.88     1.44  -392.70     42.90     -1.20    3.45     47737.0
 2024 10 10 05 26 00 000   -4.10    -3.92     2.49  -392.70     42.90     -1.20    3.45     47737.0
 2024 10 10 05 27 00 000   -4.95    -3.40     1.48  -392.70     42.90     -1.20    3.45     47737.0
 2024 10 10 05 28 00 000   -5.12    -3.17     1.10  -392.70     42.90     -1.20    3.45     47737.0
 2024 10 10 05 29 00 000   -5.19    -2.67     1.55  -397.50     40.60      1.10    3.61     54232.0
 2024 10 10 05 30 00 000   -4.99    -2.86     1.35  -397.50     40.60      1.10    3.61     54232.0
 2024 10 10 05 31 00 000   -4.72    -3.05     1.52  -397.50     40.60      1.10    3.61     54232.0
 2024 10 10 05 32 00 000   -5.18    -1.02     1.54  -404.20     49.80      5.20    3.93     68099.0
 2024 10 10 05 33 00 000   -5.69    -0.53     1.53  -400.70     48.20     -0.90    3.65     58212.0
 2024 10 10 05 34 00 000   -5.79     0.01     1.56  -395.50     31.50    -15.80    3.25     41932.0
 2024 10 10 05 35 00 000   -5.97    -0.09     1.53  -396.60      3.80    -25.70    3.34     41659.0
 2024 10 10 05 36 00 000   -5.69    -1.11     1.91  -396.40     18.70    -23.90    3.47     44649.0
 2024 10 10 05 37 00 000   -5.67    -1.76     1.43  -398.40     22.60    -15.00    3.58     50400.0
 2024 10 10 05 38 00 000   -6.12    -0.59     1.01  -400.50     27.00     -4.90    3.73     56870.0
 2024 10 10 05 39 00 000   -6.03    -0.59     1.59  -391.80     20.90     -4.30    3.52     45620.0
 2024 10 10 05 40 00 000   -5.93    -1.28     1.52  -391.80     20.90     -4.30    3.52     45620.0
 2024 10 10 05 41 00 000   -6.00    -1.29     1.14  -390.80     28.00     -3.90    3.24     37620.0
 2024 10 10 05 42 00 000   -5.17    -3.19     1.10  -391.70     38.40     -3.00    3.12     34301.0
 2024 10 10 05 43 00 000   -5.44    -2.43     1.13  -397.00     51.90     -1.30    3.43     44410.0
 2024 10 10 05 44 00 000   -5.58    -1.91     1.29  -397.00     51.90     -1.30    3.43     44410.0
 2024 10 10 05 45 00 000   -5.47    -2.08     1.30  -395.70     39.50     -3.80    3.46     53295.0
 2024 10 10 05 46 00 000   -5.51    -2.09     1.06  -395.70     39.50     -3.80    3.46     53295.0
 2024 10 10 05 47 00 000   -5.57    -1.78     1.14  -391.80     46.40     -9.20    3.26     47933.0
 2024 10 10 05 48 00 000   -5.59    -1.78     1.13  -390.20     49.30    -11.40    3.18     45720.0
 2024 10 10 05 49 00 000   -5.55    -1.86     1.15  -390.20     49.30    -11.40    3.18     45720.0
 2024 10 10 05 50 00 000   -5.67    -1.63     1.25  -390.20     49.30    -11.40    3.18     45720.0
 2024 10 10 05 51 00 000   -5.79    -1.48     1.29  -391.10     31.20     -8.70    3.32     41245.0
 2024 10 10 05 52 00 000   -5.86    -1.46     1.02  -391.10     31.20     -8.70    3.32     41245.0
 2024 10 10 05 53 00 000   -5.77    -1.49     1.66  -391.10     31.20     -8.70    3.32     41245.0
 2024 10 10 05 54 00 000   -5.98    -1.23     1.53  -392.70     33.90    -12.60    3.64     46086.0
 2024 10 10 05 55 00 000   -5.90    -1.73     1.56  -392.70     33.90    -12.60    3.64     46086.0
 2024 10 10 05 56 00 000   -6.02    -1.18     1.49  -392.70     33.90    -12.60    3.64     46086.0
 2024 10 10 05 57 00 000   -6.00    -1.28     1.64  -392.70     33.90    -12.60    3.64     46086.0
 2024 10 10 05 58 00 000   -6.03    -1.45     1.81  -392.70     33.90    -12.60    3.64     46086.0
 2024 10 10 05 59 00 000   -6.22    -1.45     1.70  -393.40     38.40    -10.40    3.11     38237.0
 2024 10 10 06 00 00 000   -6.08    -1.87     1.75  -393.40     38.40    -10.40    3.11     38237.0
 2024 10 10 06 01 00 000   -6.27    -1.71     1.13  -393.40     38.40    -10.40    3.11     38237.0
 2024 10 10 06 02 00 000   -6.38    -1.34     0.52  -393.40     38.40    -10.40    3.11     38237.0
 2024 10 10 06 03 00 000   -6.39    -1.10     0.64  -389.00     33.80     12.30    3.31     43811.0
 2024 10 10 06 04 00 000   -6.40    -1.03     0.98  -389.00     33.80     12.30    3.31     43811.0
 2024 10 10 06 05 00 000   -6.46    -0.95     0.45  -388.00     33.10      0.70    3.32     33334.0
 2024 10 10 06 06 00 000   -6.36    -0.78     0.94  -387.80     33.00     -1.60    3.32     31203.0
 2024 10 10 06 07 00 000   -6.03    -1.50     1.47  -387.80     33.00     -1.60    3.32     31203.0
 2024 10 10 06 08 00 000   -5.95    -0.92     1.63  -387.80     33.00     -1.60    3.32     31203.0
 2024 10 10 06 09 00 000   -6.09    -1.71     1.30  -393.10     40.80     -3.00    3.73     49348.0
 2024 10 10 06 10 00 000   -5.99    -2.64     0.01  -393.10     40.80     -3.00    3.73     49348.0
 2024 10 10 06 11 00 000   -6.09    -2.05     0.46  -393.10     40.80     -3.00    3.73     49348.0
 2024 10 10 06 12 00 000   -6.06    -2.01     0.34  -389.30     34.00      8.60    3.46     44268.0
 2024 10 10 06 13 00 000   -6.01    -1.93     0.20  -389.30     34.00      8.60    3.46     44268.0
 2024 10 10 06 14 00 000   -5.96    -2.00     0.61  -389.30     34.00      8.60    3.46     44268.0
 2024 10 10 06 15 00 000   -5.91    -2.08     0.25  -391.80     30.90      1.40    3.45     44662.0
 2024 10 10 06 16 00 000   -5.98    -1.90    -0.44  -391.80     30.90      1.40    3.45     44662.0
 2024 10 10 06 17 00 000   -6.17    -1.21    -0.37  -391.80     30.90      1.40    3.45     44662.0
 2024 10 10 06 18 00 000   -6.22    -1.39    -0.40  -388.90     21.70     12.00    3.31     36881.0
 2024 10 10 06 19 00 000   -6.30    -0.92    -0.47  -388.90     21.70     12.00    3.31     36881.0
 2024 10 10 06 20 00 000   -6.11    -1.31     0.09  -388.90     21.70     12.00    3.31     36881.0
 2024 10 10 06 21 00 000   -5.97    -1.27     0.38  -387.10     30.40     -4.80    3.26     32986.0
 2024 10 10 06 22 00 000   -5.82    -1.56     0.40  -387.10     30.40     -4.80    3.26     32986.0
 2024 10 10 06 23 00 000   -5.77    -1.23     0.57  -387.10     30.60     -4.50    3.03     35754.0
 2024 10 10 06 24 00 000   -5.79    -0.27    -0.11  -387.10     30.60     -4.50    3.03     35754.0
 2024 10 10 06 25 00 000   -5.79    -0.34    -0.18  -387.10     30.60     -4.50    3.03     35754.0
 2024 10 10 06 26 00 000   -5.68    -2.40     0.39  -391.90     37.20      4.40    3.34     53438.0
 2024 10 10 06 27 00 000   -5.83    -2.98     0.06  -392.30     42.00      7.70    3.56     54579.0
 2024 10 10 06 28 00 000   -5.65    -3.67    -0.20  -393.80     45.30     13.60    3.64     50941.0
 2024 10 10 06 29 00 000   -5.42    -3.87     0.34  -396.00     43.90     19.90    3.46     42007.0
 2024 10 10 06 30 00 000   -5.01    -4.04     0.76  -396.00     43.90     19.90    3.46     42007.0
 2024 10 10 06 31 00 000   -5.46    -3.28     0.84  -396.00     43.90     19.90    3.46     42007.0
 2024 10 10 06 32 00 000   -5.45    -3.02     1.21  -394.30     48.90      4.60    3.70     48460.0
 2024 10 10 06 33 00 000   -4.75    -3.52     1.31  -394.40     51.30      2.00    3.59     48223.0
 2024 10 10 06 34 00 000   -4.69    -3.25     1.64  -392.70     50.40      6.80    3.54     46034.0
 2024 10 10 06 35 00 000   -4.55    -3.70     1.64  -395.70     44.70     12.00    4.32     69322.0
 2024 10 10 06 36 00 000   -4.58    -3.80     1.22  -395.70     44.70     12.00    4.32     69322.0
 2024 10 10 06 37 00 000   -4.91    -3.53     0.96  -393.60     55.20      8.80    4.85     94395.0
 2024 10 10 06 38 00 000   -4.08    -2.32     3.68  -393.60     55.20      8.80    4.85     94395.0
 2024 10 10 06 39 00 000   -5.42    -1.17     3.06  -393.60     55.20      8.80    4.85     94395.0
 2024 10 10 06 40 00 000   -5.67    -1.71     2.46  -390.70     39.10    -10.00    3.34     39402.0
 2024 10 10 06 41 00 000   -5.77    -2.30     1.69  -390.70     39.10    -10.00    3.34     39402.0
 2024 10 10 06 42 00 000   -5.62    -2.52     1.56  -390.70     39.10    -10.00    3.34     39402.0
 2024 10 10 06 43 00 000   -5.35    -2.23     2.10  -389.30     39.80     -7.70    2.90     34500.0
 2024 10 10 06 44 00 000   -4.64    -2.14     3.28  -393.40     37.10    -10.80    3.27     40702.0
 2024 10 10 06 45 00 000   -4.73    -2.51     3.09  -407.90     27.80    -21.80    4.60     62418.0
 2024 10 10 06 46 00 000   -4.87    -3.07     2.38  -407.90     27.80    -21.80    4.60     62418.0
 2024 10 10 06 47 00 000   -4.69    -2.22     2.87  -403.30     49.80      4.80    4.44     71219.0
 2024 10 10 06 48 00 000   -4.58     1.12     2.69  -403.20     48.10      1.60    4.37     69328.0
 2024 10 10 06 49 00 000   -4.36    -1.20     3.80  -404.90     32.20    -30.30    3.70     54045.0
 2024 10 10 06 50 00 000   -5.04    -0.89     3.16  -400.40     38.50    -22.50    3.47     49547.0
 2024 10 10 06 51 00 000   -5.20    -1.27     2.78  -399.70     39.20    -18.50    3.32     45701.0
 2024 10 10 06 52 00 000   -5.02    -1.56     3.14  -395.10     40.00    -13.30    4.99     80204.0
 2024 10 10 06 53 00 000   -4.47    -0.88     3.92  -395.10     40.00    -13.30    4.99     80204.0
 2024 10 10 06 54 00 000   -4.62    -1.08     3.63  -395.10     40.00    -13.30    4.99     80204.0
 2024 10 10 06 55 00 000   -4.62    -1.08     3.63  -395.10     40.00    -13.30    4.99     80204.0
 2024 10 10 06 56 00 000   -4.66    -1.25     3.45  -399.70     39.20    -29.20    3.86     53223.0
 2024 10 10 06 58 00 000   -4.79    -0.97     3.19  -399.70     39.20    -29.20    3.86     53223.0
 2024 10 10 06 59 00 000   -4.96    -0.95     2.91  -399.70     39.20    -29.20    3.86     53223.0
 2024 10 10 07 00 00 000   -4.96    -0.94     2.91  -399.70     39.20    -29.20    3.86     53223.0
 2024 10 10 07 01 00 000   -5.05    -0.88     2.89  -399.70     39.20    -29.20    3.86     53223.0
 2024 10 10 07 02 00 000   -5.05    -0.88     2.89  -399.70     39.20    -29.20    3.86     53223.0
 2024 10 10 07 03 00 000   -5.20    -0.88     2.56  -399.70     39.20    -29.20    3.86     53223.0
 2024 10 10 07 04 00 000   -5.45    -1.87     1.43  -393.60     42.80     -7.20    3.04     31506.0
 2024 10 10 07 05 00 000   -5.20    -2.48     0.93  -395.70     44.00     -9.60    3.42     40897.0
 2024 10 10 07 06 00 000   -5.12    -0.80     2.71  -397.40     35.50    -18.70    3.68     45588.0
 2024 10 10 07 07 00 000   -5.13     1.77     2.13  -398.50     15.10    -29.60    3.89     46940.0
 2024 10 10 07 08 00 000   -5.46     0.27     2.05  -397.00     23.60    -21.40    4.34     64646.0
 2024 10 10 07 09 00 000   -5.66     0.20     1.48  -395.30     17.30    -17.80    4.29     53478.0
 2024 10 10 07 10 00 000   -5.63     0.04     1.50  -391.60     20.90    -11.30    4.32     60726.0
 2024 10 10 07 11 00 000   -5.53     0.02     1.43  -386.80     28.00     -9.20    3.38     32535.0
 2024 10 10 07 12 00 000   -5.35    -0.46     1.63  -390.20     22.00     -9.70    3.82     47692.0
 2024 10 10 07 13 00 000   -5.29    -0.93     1.84  -392.40     19.20    -20.50    3.51     44794.0
 2024 10 10 07 14 00 000   -5.28    -0.67     2.10  -393.40     18.40    -29.50    3.13     38603.0
 2024 10 10 07 15 00 000   -5.10    -0.78     2.40  -393.40     18.40    -29.50    3.13     38603.0
 2024 10 10 07 16 00 000   -3.87    -0.89     4.00  -393.40     18.40    -29.50    3.13     38603.0
 2024 10 10 07 17 00 000   -3.95    -1.47     3.63  -393.40     18.40    -29.50    3.13     38603.0
 2024 10 10 07 18 00 000   -3.02    -1.07     4.59  -393.40     18.40    -29.50    3.13     38603.0
 2024 10 10 07 19 00 000   -3.62    -1.65     3.91  -393.40     18.40    -29.50    3.13     38603.0
 2024 10 10 07 20 00 000   -3.39    -1.05     4.31  -393.40     18.40    -29.50    3.13     38603.0
 2024 10 10 07 21 00 000   -3.64    -0.76     4.10  -409.80     31.10    -33.00    2.92     42647.0
 2024 10 10 07 22 00 000   -2.99    -0.32     4.61  -409.80     31.10    -33.00    2.92     42647.0
 2024 10 10 07 23 00 000   -3.45    -0.50     4.42  -409.80     31.10    -33.00    2.92     42647.0
 2024 10 10 07 24 00 000   -3.48    -0.43     4.46  -409.80     31.10    -33.00    2.92     42647.0
 2024 10 10 07 25 00 000   -4.12    -0.72     3.89  -409.80     31.10    -33.00    2.92     42647.0
 2024 10 10 07 26 00 000   -3.97    -0.85     4.04  -406.20     29.50    -29.30    3.95     65327.0
 2024 10 10 07 27 00 000   -3.96    -1.00     4.08  -406.20     29.50    -29.30    3.95     65327.0
 2024 10 10 07 28 00 000   -3.94    -0.42     4.18  -406.20     29.50    -29.30    3.95     65327.0
 2024 10 10 07 29 00 000   -4.02     0.05     4.22  -406.20     29.50    -29.30    3.95     65327.0
 2024 10 10 07 30 00 000   -4.66     0.67     3.47  -407.20     33.20    -36.70    3.33     40022.0
 2024 10 10 07 31 00 000   -4.56     0.74     3.51  -407.20     33.20    -36.70    3.33     40022.0
 2024 10 10 07 32 00 000   -4.52     1.05     3.44  -407.20     33.20    -36.70    3.33     40022.0
 2024 10 10 07 33 00 000   -4.52     1.05     3.44  -407.20     33.20    -36.70    3.33     40022.0
 2024 10 10 07 34 00 000   -4.38     1.14     3.53  -407.20     33.20    -36.70    3.33     40022.0
 2024 10 10 07 35 00 000   -4.60     1.08     3.23  -407.20     33.20    -36.70    3.33     40022.0
 2024 10 10 07 36 00 000   -4.27     1.10     3.53  -407.20     33.20    -36.70    3.33     40022.0
 2024 10 10 07 37 00 000   -4.27     1.11     3.53  -407.20     33.20    -36.70    3.33     40022.0
 2024 10 10 07 38 00 000   -3.99     1.07     3.85  -400.60     17.20    -44.30    3.80     52116.0
 2024 10 10 07 39 00 000   -4.06     1.15     3.64  -400.60     17.20    -44.30    3.80     52116.0
 2024 10 10 07 41 00 000   -3.58     1.07     4.09  -400.60     17.20    -44.30    3.80     52116.0
 2024 10 10 07 42 00 000   -3.34     0.97     4.27  -400.60     17.20    -44.30    3.80     52116.0
 2024 10 10 07 43 00 000   -3.34     0.97     4.27  -400.60     17.20    -44.30    3.80     52116.0
 2024 10 10 07 45 00 000   -3.79     0.56     3.93  -400.60     17.20    -44.30    3.80     52116.0
 2024 10 10 07 47 00 000   -4.05     0.22     3.64  -400.60     17.20    -44.30    3.80     52116.0
 2024 10 10 07 50 00 000   -3.84     0.49     3.80  -400.60     17.20    -44.30    3.80     52116.0
 2024 10 10 07 53 00 000   -3.87     0.47     3.77  -400.50     29.80    -36.00    3.34     44465.0
 2024 10 10 07 56 00 000   -3.24     1.13     4.13  -412.60     29.90    -40.70    2.99     36910.0
 2024 10 10 07 57 00 000   -3.93     1.89     1.97  -412.60     29.90    -40.70    2.99     36910.0
 2024 10 10 07 58 00 000   -3.21     2.17     3.06  -412.60     29.90    -40.70    2.99     36910.0
 2024 10 10 07 59 00 000   -3.98     1.76     2.86  -403.50    -14.90    -30.10    3.56     47341.0
 2024 10 10 08 00 00 000   -4.09     1.63     2.76  -399.20     11.00    -26.50    3.38     40991.0
 2024 10 10 08 01 00 000   -4.62     1.57     2.19  -397.40     11.70    -22.50    3.56     41985.0
 2024 10 10 08 02 00 000   -3.69     1.19     2.58  -400.10     12.20    -21.40    3.81     45847.0
 2024 10 10 08 03 00 000   -4.28    -0.02     1.92  -401.20     18.70    -16.30    3.78     49322.0
 2024 10 10 08 04 00 000   -2.78    -1.37     2.11  -421.00     33.30    -10.20    3.42     41958.0
 2024 10 10 08 05 00 000   -2.28    -2.86     2.37  -394.50     23.60     -5.70    3.69     52665.0
 2024 10 10 08 06 00 000   -3.30    -1.03     2.81  -434.90     48.20      0.80    4.25     91886.0
 2024 10 10 08 07 00 000   -4.05     0.07     2.77  -421.00     32.60    -18.70    4.29     81815.0
 2024 10 10 08 08 00 000   -4.01    -1.30     1.60  -407.90     24.90    -25.70    4.16     68976.0
 2024 10 10 08 09 00 000   -4.02    -0.90     1.83  -406.70     33.10    -24.00    4.50     75401.0
 2024 10 10 08 10 00 000   -3.57     1.59     2.32  -416.20     20.00     -9.90    4.00     93347.0
 2024 10 10 08 11 00 000   -3.01     1.33     2.40  -416.20     20.00     -9.90    4.00     93347.0
 2024 10 10 08 12 00 000   -2.69    -1.60     1.58  -412.80     45.30     17.20    3.89     77956.0
 2024 10 10 08 13 00 000   -0.46    -4.01     2.25  -424.90     49.00     10.20    3.99     80425.0
 2024 10 10 08 14 00 000   -1.76    -2.14     3.41  -434.50     51.90      4.70    4.07     82377.0
 2024 10 10 08 15 00 000   -2.12    -1.90     2.57  -434.50     51.90      4.70    4.07     82377.0
 2024 10 10 08 16 00 000    0.04    -0.55     4.00  -434.50     51.90      4.70    4.07     82377.0
 2024 10 10 08 17 00 000    0.54     0.18     4.34  -434.50     51.90      4.70    4.07     82377.0
 2024 10 10 08 18 00 000   -0.16    -1.42     4.15  -434.50     51.90      4.70    4.07     82377.0
 2024 10 10 08 19 00 000   -3.39     0.54     2.58  -434.50     51.90      4.70    4.07     82377.0
 2024 10 10 08 20 00 000   -4.38     1.45     0.15  -434.50     51.90      4.70    4.07     82377.0
 2024 10 10 08 21 00 000   -4.52     0.47     0.04  -434.50     51.90      4.70    4.07     82377.0
 2024 10 10 08 22 00 000   -4.77     0.37    -0.47  -434.50     51.90      4.70    4.07     82377.0
 2024 10 10 08 23 00 000   -4.78     0.02    -0.26  -434.50     51.90      4.70    4.07     82377.0
 2024 10 10 08 24 00 000   -4.67    -0.52    -0.44  -434.50     51.90      4.70    4.07     82377.0
 2024 10 10 08 25 00 000   -4.42    -0.59    -1.14  -434.50     51.90      4.70    4.07     82377.0
 2024 10 10 08 26 00 000   -4.30    -0.98    -1.05  -434.50     51.90      4.70    4.07     82377.0
 2024 10 10 08 27 00 000   -4.40    -1.32    -0.89  -401.10     28.50     28.80    3.86     62340.0
 2024 10 10 08 28 00 000   -4.46    -1.43    -0.54  -401.10     28.50     28.80    3.86     62340.0
 2024 10 10 08 29 00 000   -4.28    -1.58     0.90  -402.10     30.60     22.50    3.99     90588.0
 2024 10 10 08 30 00 000   -4.43     0.31     1.49  -403.20     32.90     15.80    4.12    120614.0
 2024 10 10 08 31 00 000   -4.27     1.38     0.83  -404.50      4.30     -2.20    4.29     52020.0
 2024 10 10 08 32 00 000   -4.19     1.80     0.89  -404.60      3.00     -3.00    4.30     48969.0
 2024 10 10 08 33 00 000   -3.77     2.71     0.89  -404.60      3.00     -3.00    4.30     48969.0
 2024 10 10 08 34 00 000   -4.06     2.16     0.32  -408.10     -9.70     -4.30    4.13    119697.0
 2024 10 10 08 35 00 000   -4.33     1.83     0.37  -408.00     -9.50     -4.50    4.12    118915.0
 2024 10 10 08 36 00 000   -4.30     1.67     0.26  -394.60      9.30    -24.30    2.93     42731.0
 2024 10 10 08 37 00 000   -4.35     1.92     1.17  -394.20      9.80    -24.80    2.91     40678.0
 2024 10 10 08 38 00 000   -4.27     2.05    -0.18  -402.00     10.20    -25.40    4.01     48831.0
 2024 10 10 08 39 00 000   -3.07     2.85    -0.31  -401.80      4.60    -15.90    4.25     74610.0
 2024 10 10 08 40 00 000   -2.37     3.23    -0.54  -414.10     -3.20      0.10    4.42    118781.0
 2024 10 10 08 41 00 000   -3.22     1.63     1.97  -422.30      8.30    -10.30    3.67     91499.0
 2024 10 10 08 42 00 000   -3.58     1.08     2.25  -420.10     16.10    -13.70    3.47     83561.0
 2024 10 10 08 43 00 000   -3.54     1.66     2.68  -401.60      4.50    -35.60    2.85     35519.0
 2024 10 10 08 44 00 000   -3.70     1.52     2.67  -401.60      4.50    -35.60    2.85     35519.0
 2024 10 10 08 45 00 000   -4.00     1.66     2.34  -403.80      8.00    -29.10    3.12     49198.0
 2024 10 10 08 46 00 000   -4.32     1.78     2.28  -409.70     17.40    -11.70    3.83     85977.0
 2024 10 10 08 47 00 000   -4.66     1.83     1.60  -401.80     -4.00    -14.70    3.74     44479.0
 2024 10 10 08 48 00 000   -4.89     1.06     1.82  -395.30     14.40    -10.30    3.58     33746.0
 2024 10 10 08 49 00 000   -5.14     1.10     1.63  -393.30     20.60     -8.90    3.53     31065.0
 2024 10 10 08 50 00 000   -5.21     1.03     1.59  -393.30     20.60     -8.90    3.53     31065.0
 2024 10 10 08 51 00 000   -5.27     0.85     1.48  -393.30     20.60     -8.90    3.53     31065.0
 2024 10 10 08 52 00 000   -5.14     0.83     1.98  -393.30     20.60     -8.90    3.53     31065.0
 2024 10 10 08 53 00 000   -4.69     0.81     2.90  -397.50     27.10    -13.70    4.20     57803.0
 2024 10 10 08 54 00 000   -4.70     0.51     2.98  -397.50     27.10    -13.70    4.20     57803.0
 2024 10 10 08 55 00 000   -4.74    -0.00     2.84  -397.50     27.10    -13.70    4.20     57803.0
 2024 10 10 08 56 00 000   -4.65    -0.07     2.96  -397.50     27.10    -13.70    4.20     57803.0
 2024 10 10 08 57 00 000   -4.72     0.05     2.75  -397.50     27.10    -13.70    4.20     57803.0
 2024 10 10 08 58 00 000   -4.68     0.58     2.79  -397.50     27.10    -13.70    4.20     57803.0
 2024 10 10 08 59 00 000   -4.61     0.58     2.87  -397.40     20.20    -29.00    3.16     42936.0
 2024 10 10 09 00 00 000   -4.55     0.74     2.93  -397.40     20.20    -29.00    3.16     42936.0
 2024 10 10 09 01 00 000   -4.56     1.05     2.73  -397.40     20.20    -29.00    3.16     42936.0
 2024 10 10 09 03 00 000   -4.81     0.96     2.29  -396.90     12.70    -16.20    3.91     50390.0
 2024 10 10 09 04 00 000   -4.75     0.43     2.62  -396.90     12.70    -16.20    3.91     50390.0
 2024 10 10 09 05 00 000   -4.89     0.85     2.29  -396.90     12.70    -16.20    3.91     50390.0
 2024 10 10 09 06 00 000   -4.83     0.65     2.41  -396.90     12.70    -16.20    3.91     50390.0
 2024 10 10 09 07 00 000   -4.77     0.99     2.50  -396.90     12.70    -16.20    3.91     50390.0
 2024 10 10 09 08 00 000   -4.73    -0.20     2.73  -396.90     12.70    -16.20    3.91     50390.0
 2024 10 10 09 10 00 000   -4.69     0.69     2.64  -396.90     12.70    -16.20    3.91     50390.0
 2024 10 10 09 11 00 000   -4.69     0.21     2.58  -396.90     12.70    -16.20    3.91     50390.0
 2024 10 10 09 12 00 000   -4.69     0.22     2.58  -396.90     12.70    -16.20    3.91     50390.0
 2024 10 10 09 13 00 000   -4.60     0.99     2.72  -398.10     20.00    -30.60    3.09     40584.0
 2024 10 10 09 14 00 000   -4.78     0.82     2.39  -398.10     20.00    -30.60    3.09     40584.0
 2024 10 10 09 15 00 000   -4.71     1.02     2.44  -400.40     13.90    -18.30    3.79     41403.0
 2024 10 10 09 16 00 000   -4.60     1.60     1.85  -400.10      6.50    -17.10    3.31     46047.0
 2024 10 10 09 17 00 000   -4.54     2.68     0.24  -400.00      4.00    -16.70    3.14     47653.0
 2024 10 10 09 18 00 000   -4.81     2.04     0.84  -400.00      4.00    -16.70    3.14     47653.0
 2024 10 10 09 19 00 000   -4.95     2.85    -0.21  -400.00      4.00    -16.70    3.14     47653.0
 2024 10 10 09 20 00 000   -5.11     2.72     0.06  -400.00      4.00    -16.70    3.14     47653.0
 2024 10 10 09 21 00 000   -5.24     2.37    -0.01  -400.00      4.00    -16.70    3.14     47653.0
 2024 10 10 09 22 00 000   -5.03     2.57    -0.47  -392.80    -14.10    -10.10    3.04     30792.0
 2024 10 10 09 23 00 000   -4.80     2.46     0.08  -392.80    -14.10    -10.10    3.04     30792.0
 2024 10 10 09 24 00 000   -5.11     2.47    -0.26  -392.80    -14.10    -10.10    3.04     30792.0
 2024 10 10 09 25 00 000   -5.31     2.22    -0.47  -391.90     -6.00    -14.80    3.52     39680.0
 2024 10 10 09 26 00 000   -4.74     3.12    -1.38  -389.70     -6.50     -6.20    3.34     37047.0
 2024 10 10 09 27 00 000   -5.03     3.07    -0.65  -389.80     -9.30     -4.60    3.26     35309.0
 2024 10 10 09 28 00 000   -5.02     3.07    -0.30  -394.20    -24.30    -11.10    3.07     30411.0
 2024 10 10 09 29 00 000   -4.88     3.15    -0.35  -394.20    -24.30    -11.10    3.07     30411.0
 2024 10 10 09 30 00 000   -4.90     3.05    -0.29  -394.20    -24.30    -11.10    3.07     30411.0
 2024 10 10 09 31 00 000   -5.03     2.84    -0.26  -394.20    -24.30    -11.10    3.07     30411.0
 2024 10 10 09 32 00 000   -5.17     2.76     0.00  -394.20    -24.30    -11.10    3.07     30411.0
 2024 10 10 09 33 00 000   -5.45     2.36     0.13  -391.20     -7.20    -11.10    3.86     43194.0
 2024 10 10 09 34 00 000   -4.97     3.38     0.05  -391.20     -7.20    -11.10    3.86     43194.0
 2024 10 10 09 35 00 000   -4.96     3.44    -0.59  -394.90    -15.00    -12.50    3.31     33807.0
 2024 10 10 09 36 00 000   -4.63     3.75    -1.00  -396.50    -18.30    -13.10    3.07     29790.0
 2024 10 10 09 37 00 000   -5.29     2.84    -0.60  -396.50    -18.30    -13.10    3.07     29790.0
 2024 10 10 09 38 00 000   -5.29     2.84    -0.60  -396.50    -18.30    -13.10    3.07     29790.0
 2024 10 10 09 39 00 000   -5.73     2.16    -0.76  -396.50    -18.30    -13.10    3.07     29790.0
 2024 10 10 09 40 00 000   -5.75     2.18    -0.38  -396.50    -18.30    -13.10    3.07     29790.0
 2024 10 10 09 41 00 000   -5.80     1.94    -0.47  -396.50    -18.30    -13.10    3.07     29790.0
 2024 10 10 09 42 00 000   -5.76     1.89    -0.73  -388.50    -10.00      4.50    4.54     48625.0
 2024 10 10 09 43 00 000   -5.62     2.24    -0.87  -388.50    -10.00      4.50    4.54     48625.0
 2024 10 10 09 44 00 000   -5.67     2.17    -0.69  -388.50    -10.00      4.50    4.54     48625.0
 2024 10 10 09 45 00 000   -5.38     2.68    -1.10  -388.50    -10.00      4.50    4.54     48625.0
 2024 10 10 09 46 00 000   -5.70     1.56    -0.70  -388.90     -6.90      5.70    4.88     38085.0
 2024 10 10 09 47 00 000   -5.40     2.09    -0.48  -389.50     -7.60      5.90    4.83     38122.0
 2024 10 10 09 48 00 000   -4.21     2.81    -2.02  -412.80    -34.70     14.70    3.03     39568.0
 2024 10 10 09 49 00 000   -4.61     2.59    -1.85  -395.20    -25.50      3.70    3.35     40208.0
 2024 10 10 09 50 00 000   -4.57     2.65    -1.53  -392.10    -21.20      2.50    3.48     40530.0
 2024 10 10 09 51 00 000   -3.50     3.48    -2.04  -388.80     -0.30      5.90    3.97     42230.0
 2024 10 10 09 52 00 000   -3.72     3.37    -2.00  -388.80     -0.30      5.90    3.97     42230.0
 2024 10 10 09 53 00 000   -4.03     3.13    -1.86  -409.10    -28.60     -3.70    3.20     44925.0
 2024 10 10 09 54 00 000   -3.38     3.54    -2.17  -409.10    -28.60     -3.70    3.20     44925.0
 2024 10 10 09 55 00 000   -3.78     3.43    -1.65  -409.10    -28.60     -3.70    3.20     44925.0
 2024 10 10 09 56 00 000   -4.08     3.21    -1.55  -409.10    -28.60     -3.70    3.20     44925.0
 2024 10 10 09 57 00 000   -4.01     3.50    -1.06  -409.10    -28.60     -3.70    3.20     44925.0
 2024 10 10 09 58 00 000   -3.98     3.60    -0.86  -391.70    -15.90     -9.80    2.77     26503.0
 2024 10 10 09 59 00 000   -3.73     3.35    -1.04  -393.30    -13.40     -5.80    2.85     28934.0
 2024 10 10 10 00 00 000   -4.45     1.48    -1.38  -401.90    -12.30      0.80    3.25     42839.0
 2024 10 10 10 01 00 000   -4.30    -0.59    -2.52  -400.50     17.40     33.70    3.40     45705.0
 2024 10 10 10 02 00 000   -4.86    -1.81    -1.99  -393.90     13.80     23.20    3.81     49833.0
 2024 10 10 10 03 00 000   -4.83    -1.66    -1.92  -392.40     18.60     19.80    3.63     41789.0
 2024 10 10 10 04 00 000   -4.76    -1.80    -2.44  -395.20     17.80     28.30    2.91     33642.0
 2024 10 10 10 05 00 000   -4.41    -1.66    -2.23  -396.20     23.50     35.50    3.27     38426.0
 2024 10 10 10 06 00 000   -3.71     0.25    -2.48  -395.50     14.50     30.40    3.69     59547.0
 2024 10 10 10 07 00 000   -3.78     0.55    -2.59  -398.20     -5.00     20.60    3.60     74834.0
 2024 10 10 10 08 00 000   -4.34    -0.35    -2.22  -398.20     -5.00     20.60    3.60     74834.0
 2024 10 10 10 09 00 000   -3.92    -0.26    -2.32  -394.90     -0.30     16.00    3.51     71302.0
 2024 10 10 10 10 00 000   -3.80    -0.16    -2.30  -394.90     -0.30     16.00    3.51     71302.0
 2024 10 10 10 11 00 000   -3.79    -1.22    -2.48  -394.90     -0.30     16.00    3.51     71302.0
 2024 10 10 10 12 00 000   -4.10    -0.79    -2.14  -394.90     -0.30     16.00    3.51     71302.0
 2024 10 10 10 13 00 000   -3.81     0.25    -2.26  -399.80      4.50     19.20    4.37     68506.0
 2024 10 10 10 14 00 000   -4.06    -0.53    -1.85  -399.80      4.50     19.20    4.37     68506.0
 2024 10 10 10 15 00 000   -4.09    -0.68    -1.83  -399.80      4.50     19.20    4.37     68506.0
 2024 10 10 10 16 00 000   -4.09    -0.33    -2.15  -399.80      4.50     19.20    4.37     68506.0
 2024 10 10 10 17 00 000   -4.09    -0.48    -2.24  -399.80      4.50     19.20    4.37     68506.0
 2024 10 10 10 18 00 000   -4.43    -0.55    -2.75  -399.80      4.50     19.20    4.37     68506.0
 2024 10 10 10 19 00 000   -4.42    -0.61    -2.35  -396.40      3.50     15.40    3.90     67572.0
 2024 10 10 10 20 00 000   -4.51    -0.50    -2.30  -396.40      3.50     15.40    3.90     67572.0
 2024 10 10 10 21 00 000   -3.71    -0.78    -3.02  -396.40      3.50     15.40    3.90     67572.0
 2024 10 10 10 22 00 000   -3.97    -0.68    -3.15  -396.40      3.50     15.40    3.90     67572.0
 2024 10 10 10 23 00 000   -4.08    -0.01    -3.11  -399.20      4.10     23.60    3.32     59976.0
 2024 10 10 10 24 00 000   -3.87    -0.39    -3.31  -397.70      1.90     22.60    3.76     62223.0
 2024 10 10 10 25 00 000   -3.87     0.43    -3.46  -405.90    -12.10     28.40    4.69     61180.0
 2024 10 10 10 26 00 000   -4.23    -0.46    -3.82  -405.40    -11.50     28.60    4.64     61740.0
 2024 10 10 10 27 00 000   -3.81    -0.52    -3.51  -394.90      0.40     32.40    3.47     73352.0
 2024 10 10 10 28 00 000   -3.94    -0.06    -3.68  -394.90      0.40     32.40    3.47     73352.0
 2024 10 10 10 29 00 000   -3.28     1.29    -4.04  -409.50     -5.70     21.50    4.47     78888.0
 2024 10 10 10 30 00 000   -4.42    -0.41    -3.14  -409.50     -5.70     21.50    4.47     78888.0
 2024 10 10 10 31 00 000   -4.50     0.73    -2.44  -409.50     -5.70     21.50    4.47     78888.0
 2024 10 10 10 32 00 000   -3.60     2.55    -4.05  -409.50     -5.70     21.50    4.47     78888.0
 2024 10 10 10 33 00 000   -3.95     2.31    -3.88  -409.50     -5.70     21.50    4.47     78888.0
 2024 10 10 10 34 00 000   -4.50     0.75    -2.39  -409.50     -5.70     21.50    4.47     78888.0
 2024 10 10 10 35 00 000   -4.96     0.88    -2.57  -409.50     -5.70     21.50    4.47     78888.0
 2024 10 10 10 36 00 000   -4.78     0.73    -2.49  -392.00    -15.00     21.10    4.77     36702.0
 2024 10 10 10 37 00 000   -4.65     0.59    -3.43  -393.60    -12.60     14.90    4.67     50985.0
 2024 10 10 10 38 00 000   -4.54     0.40    -3.14  -397.40     -7.10     -1.90    4.37     86859.0
 2024 10 10 10 39 00 000   -4.57     1.33    -2.47  -395.50     -8.10      5.40    4.48     63847.0
 2024 10 10 10 40 00 000   -4.76     0.96    -2.10  -400.10    -12.20      4.60    3.96     53735.0
 2024 10 10 10 41 00 000   -4.74     0.71    -1.92  -398.90    -12.60     -0.90    3.70     50631.0
 2024 10 10 10 42 00 000   -4.86     1.04    -2.05  -398.30    -20.30      3.20    4.56     66365.0
 2024 10 10 10 43 00 000   -4.61     0.12    -2.66  -394.80     -0.30     13.40    4.56     55210.0
 2024 10 10 10 44 00 000   -4.50     0.04    -2.36  -393.80      2.50     16.20    4.55     49902.0
 2024 10 10 10 45 00 000   -5.23     0.58    -1.48  -391.00     -1.60     10.80    4.83     42166.0
 2024 10 10 10 46 00 000   -4.61    -0.27    -2.24  -387.30     18.90     17.20    4.76     43292.0
 2024 10 10 10 47 00 000   -5.17     0.30    -1.92  -387.30     18.90     17.20    4.76     43292.0
 2024 10 10 10 48 00 000   -4.74     0.03    -2.22  -406.80     25.70     23.50    4.31     54196.0
 2024 10 10 10 49 00 000   -4.87     0.49    -2.42  -405.50     21.60     24.70    3.92     48866.0
 2024 10 10 10 50 00 000   -3.52    -1.56    -3.94  -395.40      3.20     25.30    4.18     58303.0
 2024 10 10 10 51 00 000   -5.04     1.13    -1.99  -404.10     -3.40     29.70    4.53     83408.0
 2024 10 10 10 52 00 000   -4.25     0.45    -3.66  -404.10     -3.40     29.70    4.53     83408.0
 2024 10 10 10 53 00 000   -3.62    -1.08    -3.72  -404.10     -3.40     29.70    4.53     83408.0
 2024 10 10 10 54 00 000   -5.21     0.51    -1.99  -404.10     -3.40     29.70    4.53     83408.0
 2024 10 10 10 55 00 000   -3.97    -1.70    -3.51  -404.10     -3.40     29.70    4.53     83408.0
 2024 10 10 10 56 00 000   -5.48     0.15    -1.35  -404.10     -3.40     29.70    4.53     83408.0
 2024 10 10 10 57 00 000   -4.71     0.18    -3.15  -404.10     -3.40     29.70    4.53     83408.0
 2024 10 10 10 58 00 000   -4.52    -1.90    -1.73  -386.70     26.50      8.80    4.90     48900.0
 2024 10 10 10 59 00 000   -4.39     0.55    -3.55  -386.70     26.50      8.80    4.90     48900.0
 2024 10 10 11 01 00 000   -4.37    -1.40    -2.90  -398.60      2.00     18.20    4.24     81398.0
 2024 10 10 11 02 00 000   -4.94    -0.28    -2.97  -398.60      2.00     18.20    4.24     81398.0
 2024 10 10 11 03 00 000   -5.12    -0.71    -2.66  -388.60      6.20    -13.50    4.16     63746.0
 2024 10 10 11 04 00 000   -4.87     0.52    -0.66  -388.60      6.20    -13.50    4.16     63746.0
 2024 10 10 11 05 00 000   -5.15     1.78     1.16  -388.60      6.20    -13.50    4.16     63746.0
 2024 10 10 11 06 00 000   -5.13     0.66    -0.92  -388.60      6.20    -13.50    4.16     63746.0
 2024 10 10 11 07 00 000   -4.52     1.66    -0.48  -409.60     27.70     29.20    5.25     59803.0
 2024 10 10 11 08 00 000   -4.58     1.70    -0.26  -409.60     27.70     29.20    5.25     59803.0
 2024 10 10 11 09 00 000   -3.84     2.22    -1.68  -409.60     27.70     29.20    5.25     59803.0
 2024 10 10 11 10 00 000   -4.39     1.79    -1.54  -409.60     27.70     29.20    5.25     59803.0
 2024 10 10 11 11 00 000   -4.66     0.99    -1.54  -406.70     -7.50     11.20    4.54     97548.0
 2024 10 10 11 12 00 000   -4.66     1.98     0.15  -395.80      0.60      4.40    4.59     61467.0
 2024 10 10 11 13 00 000   -4.68     2.98     0.41  -393.20     -6.80     -9.10    4.69     53039.0
 2024 10 10 11 14 00 000   -4.49     0.67    -2.11  -391.90    -13.20     -6.90    4.91     50635.0
 2024 10 10 11 15 00 000   -5.10     2.67     1.04  -391.90    -13.20     -6.90    4.91     50635.0
 2024 10 10 11 16 00 000   -5.26     0.58    -0.25  -385.90     30.20    -14.30    4.51     44826.0
 2024 10 10 11 17 00 000   -5.10     2.04     1.34  -385.90     30.20    -14.30    4.51     44826.0
 2024 10 10 11 18 00 000   -5.59     0.56     0.76  -385.90     30.20    -14.30    4.51     44826.0
 2024 10 10 11 19 00 000   -5.19     0.74     0.02  -385.90     30.20    -14.30    4.51     44826.0
 2024 10 10 11 20 00 000   -5.04     2.60     1.93  -385.90     30.20    -14.30    4.51     44826.0
 2024 10 10 11 21 00 000   -5.31     1.41     0.85  -385.90     30.20    -14.30    4.51     44826.0
 2024 10 10 11 22 00 000   -5.11     0.62     0.18  -385.90     30.20    -14.30    4.51     44826.0
 2024 10 10 11 23 00 000   -5.09     2.62     0.07  -385.90     30.20    -14.30    4.51     44826.0
 2024 10 10 11 24 00 000   -4.94     2.35     0.31  -394.50     -5.90    -21.00    3.82     43194.0
 2024 10 10 11 25 00 000   -4.96     2.92     0.46  -394.40     -4.10    -20.90    3.84     43583.0
 2024 10 10 11 26 00 000   -4.62     0.76    -0.94  -397.00     31.90     -0.20    4.60     47996.0
 2024 10 10 11 27 00 000   -4.45    -0.26    -1.23  -398.10     17.70     -9.80    4.38     60775.0
 2024 10 10 11 28 00 000   -4.29     0.30    -1.51  -393.40      1.30     -4.70    4.21     59182.0
 2024 10 10 11 29 00 000   -3.84     1.08    -1.90  -398.20      2.70     -1.50    5.09     78390.0
 2024 10 10 11 30 00 000   -4.53     0.92    -0.06  -395.40     14.10     -7.90    4.16     74941.0
 2024 10 10 11 31 00 000   -4.76     0.39    -0.64  -393.30      9.30     10.60    3.97     62131.0
 2024 10 10 11 32 00 000   -4.81     1.63    -0.61  -390.30     -0.30      5.80    4.22     63156.0
 2024 10 10 11 33 00 000   -4.65    -0.40    -0.91  -386.40     11.90     -1.90    4.33     48728.0
 2024 10 10 11 34 00 000   -4.14     1.55    -0.67  -386.40     11.90     -1.90    4.33     48728.0
 2024 10 10 11 35 00 000   -4.48     2.32    -2.20  -386.40     11.90     -1.90    4.33     48728.0
 2024 10 10 11 36 00 000   -4.00     3.22    -1.46  -393.10     18.50     33.10    3.58     56909.0
 2024 10 10 11 37 00 000   -4.42     2.35    -1.18  -397.50     11.00     19.90    3.87     68055.0
 2024 10 10 11 38 00 000   -5.00     0.80    -3.10  -401.80     -4.10     -6.20    4.66     88407.0
 2024 10 10 11 39 00 000   -5.25     0.28    -2.56  -390.10      7.30     14.40    4.41     69199.0
 2024 10 10 11 40 00 000   -4.90     0.70    -3.32  -390.10      7.30     14.40    4.41     69199.0
 2024 10 10 11 41 00 000   -4.90     0.70    -3.32  -390.10      7.30     14.40    4.41     69199.0
 2024 10 10 11 42 00 000   -4.99     2.25    -2.55  -390.10      7.30     14.40    4.41     69199.0
 2024 10 10 11 43 00 000   -4.99     2.25    -2.55  -390.10      7.30     14.40    4.41     69199.0
 2024 10 10 11 44 00 000   -4.96     2.53    -2.15  -390.10      7.30     14.40    4.41     69199.0
 2024 10 10 11 46 00 000   -5.07     2.46    -1.88  -390.10      7.30     14.40    4.41     69199.0
 2024 10 10 11 47 00 000   -4.32     3.66    -1.84  -390.10      7.30     14.40    4.41     69199.0
 2024 10 10 11 48 00 000   -1.02     0.30    -3.60  -402.60    -18.00     -1.80    5.04    101011.0
 2024 10 10 11 49 00 000   -2.36     2.21    -1.74  -412.50    -13.80      1.80    4.68     85102.0
 2024 10 10 11 50 00 000   -2.90     2.81    -2.29  -420.30    -10.40      4.70    4.38     72386.0
 2024 10 10 11 51 00 000   -3.49     2.01    -2.61  -404.90    -21.40    -23.80    4.38     96349.0
 2024 10 10 11 52 00 000   -2.88     0.84    -2.94  -401.10    -17.40     -8.40    4.61     86662.0
 2024 10 10 11 53 00 000   -3.70     1.69    -2.38  -400.40     -5.20      6.60    4.22     76349.0
 2024 10 10 11 54 00 000   -5.08     1.53    -1.71  -399.20     -7.20      5.00    4.21     70917.0
 2024 10 10 11 55 00 000   -3.95     1.02    -2.52  -403.50     -2.90     24.80    3.87     69752.0
 2024 10 10 11 56 00 000   -4.27     1.43    -2.61  -406.90      5.70     33.90    3.58     66541.0
 2024 10 10 11 57 00 000   -2.99    -0.30    -4.00  -414.70    -12.50     30.10    3.31     50453.0
 2024 10 10 11 58 00 000   -3.81    -0.87    -3.35  -399.80     -6.80     24.60    4.25     49029.0
 2024 10 10 11 59 00 000   -3.54    -0.08    -3.82  -407.20     23.80     43.20    3.98     51714.0
 2024 10 10 12 00 00 000   -3.40    -0.11    -4.00  -408.00    -21.80     23.70    4.06     62670.0
 2024 10 10 12 01 00 000   -3.69    -0.89    -3.88  -408.60      0.50     31.10    4.03     59592.0
 2024 10 10 12 02 00 000   -4.26    -0.58    -3.18  -395.50     12.80     32.90    4.01     51818.0
 2024 10 10 12 03 00 000   -3.61     1.10    -2.70  -397.60     -5.30     32.10    3.59     55362.0
 2024 10 10 12 04 00 000   -3.40     0.20    -3.89  -408.40      4.60     48.40    3.56     31636.0
 2024 10 10 12 05 00 000   -1.75     0.39    -5.17  -408.50      4.70     48.50    3.56     31423.0
 2024 10 10 12 06 00 000   -3.28    -0.09    -4.87  -403.30      3.40     44.10    3.88     46220.0
 2024 10 10 12 07 00 000   -2.49    -0.52    -5.21  -403.30      3.40     44.10    3.88     46218.0
 2024 10 10 12 08 00 000   -2.22    -0.79    -5.61  -416.10    -12.00     47.40    3.90     44910.0
 2024 10 10 12 09 00 000   -2.26    -0.75    -5.74  -409.80      4.40     41.10    3.71     35387.0
 2024 10 10 12 10 00 000   -1.38    -0.27    -6.24  -421.20      0.20     40.50    3.51     29542.0
 2024 10 10 12 11 00 000   -1.96    -0.39    -5.91  -428.60     -3.60     39.50    3.25     26736.0
 2024 10 10 12 12 00 000   -1.79    -0.36    -5.95  -408.50      3.80     45.30    3.99     44883.0
 2024 10 10 12 13 00 000   -2.13    -0.20    -5.59  -413.10      0.70     46.10    3.71     39818.0
 2024 10 10 12 14 00 000   -1.64     0.21    -5.56  -390.30     24.00     39.80    4.35     26844.0
 2024 10 10 12 15 00 000   -1.74    -0.01    -5.85  -417.80     -8.20     40.30    3.53     38601.0
 2024 10 10 12 16 00 000   -2.40    -0.12    -5.65  -421.40     -4.70     39.30    3.50     39922.0
 2024 10 10 12 17 00 000   -2.60     0.53    -5.53  -408.20     -7.40     40.60    3.73     40672.0
 2024 10 10 12 18 00 000   -3.76    -0.65    -5.14  -407.20     -7.40     39.50    3.73     42708.0
 2024 10 10 12 19 00 000   -4.23    -1.27    -5.06  -403.00     -6.40     41.40    3.93     46187.0
 2024 10 10 12 20 00 000   -4.53    -1.40    -4.86  -403.00     -6.40     41.40    3.93     46187.0
 2024 10 10 12 21 00 000   -4.53    -1.40    -4.86  -403.00     -6.40     41.40    3.93     46187.0
 2024 10 10 12 22 00 000   -4.31    -1.00    -5.04  -393.00     12.60     41.80    3.98     32704.0
 2024 10 10 12 23 00 000   -3.86    -0.95    -5.41  -393.00     12.60     41.80    3.98     32704.0
 2024 10 10 12 24 00 000   -2.88    -1.47    -6.29  -393.00     12.60     41.80    3.98     32704.0
 2024 10 10 12 25 00 000   -3.57    -0.97    -5.94  -393.00     12.60     41.80    3.98     32704.0
 2024 10 10 12 26 00 000   -3.57    -0.97    -5.94  -393.00     12.60     41.80    3.98     32704.0
 2024 10 10 12 27 00 000   -3.74    -0.03    -5.80  -393.00     12.60     41.80    3.98     32704.0
 2024 10 10 12 28 00 000   -3.69    -0.28    -5.67  -393.00     12.60     41.80    3.98     32704.0
 2024 10 10 12 29 00 000   -4.18    -0.61    -5.27  -393.00     12.60     41.80    3.98     32704.0
 2024 10 10 12 30 00 000   -4.85    -0.41    -4.65  -400.70     -1.20     35.80    4.06     33468.0
 2024 10 10 12 31 00 000   -5.01    -0.17    -4.48  -400.70     -1.20     35.80    4.06     33468.0
 2024 10 10 12 32 00 000   -4.81    -1.38    -4.63  -400.70     -1.20     35.80    4.06     33468.0
 2024 10 10 12 33 00 000   -4.55    -2.58    -4.45  -400.70     -1.20     35.80    4.06     33468.0
 2024 10 10 12 34 00 000   -4.82    -1.94    -4.57  -400.70     -1.20     35.80    4.06     33468.0
 2024 10 10 12 35 00 000   -4.96    -1.39    -4.81  -400.70     -1.20     35.80    4.06     33468.0
 2024 10 10 12 36 00 000   -5.00    -1.08    -4.84  -393.00     10.50     45.90    4.02     39835.0
 2024 10 10 12 37 00 000   -5.06    -1.55    -4.83  -393.00     10.50     45.90    4.02     39835.0
 2024 10 10 12 38 00 000   -5.06    -1.55    -4.83  -393.00     10.50     45.90    4.02     39835.0
 2024 10 10 12 39 00 000   -5.41    -0.94    -4.64  -393.00     10.50     45.90    4.02     39835.0
 2024 10 10 12 40 00 000   -5.28    -1.42    -4.83  -393.00     10.50     45.90    4.02     39835.0
 2024 10 10 12 41 00 000   -5.39    -1.53    -4.87  -393.00     10.50     45.90    4.02     39835.0
 2024 10 10 12 42 00 000   -5.39    -1.53    -4.88  -393.00     10.50     45.90    4.02     39835.0
 2024 10 10 12 43 00 000   -6.15    -1.24    -4.20  -393.00     10.50     45.90    4.02     39835.0
 2024 10 10 12 44 00 000   -6.79    -0.17    -2.89  -385.90     18.20     30.00    4.12     31616.0
 2024 10 10 12 45 00 000   -6.21     0.87    -2.29  -385.90     18.20     30.00    4.12     31616.0
 2024 10 10 12 46 00 000   -3.22    -1.30    -6.22  -415.30      8.00     54.90    3.24     29362.0
 2024 10 10 12 47 00 000   -3.78    -1.21    -6.02  -415.30      8.00     54.90    3.24     29362.0
 2024 10 10 12 49 00 000   -3.53    -1.19    -6.09  -415.30      8.00     54.90    3.24     29362.0
 2024 10 10 12 51 00 000   -4.50    -1.19    -5.35  -415.30      8.00     54.90    3.24     29362.0
 2024 10 10 12 52 00 000   -4.50    -1.19    -5.35  -415.30      8.00     54.90    3.24     29362.0
 2024 10 10 12 54 00 000   -5.19    -2.23    -4.39  -415.30      8.00     54.90    3.24     29362.0
 2024 10 10 12 57 00 000   -5.29    -2.56    -4.19  -415.30      8.00     54.90    3.24     29362.0
 2024 10 10 12 58 00 000   -5.29    -2.56    -4.19  -415.30      8.00     54.90    3.24     29362.0
 2024 10 10 13 01 00 000   -6.76    -1.26    -1.76  -415.30      8.00     54.90    3.24     29362.0
 2024 10 10 13 03 00 000   -6.95     0.52    -0.98  -376.10     25.00      8.10    4.33     31644.0
 2024 10 10 13 04 00 000   -6.82    -0.11    -2.20  -376.10     25.00      8.10    4.33     31644.0
 2024 10 10 13 05 00 000   -6.49    -1.18    -2.44  -376.10     25.00      8.10    4.33     31644.0
 2024 10 10 13 06 00 000   -6.46    -0.93    -2.76  -376.10     25.00      8.10    4.33     31644.0
 2024 10 10 13 07 00 000   -6.40    -0.93    -3.40  -376.10     25.00      8.10    4.33     31644.0
 2024 10 10 13 08 00 000   -7.07    -0.89    -2.92  -382.30     18.10     21.40    4.42     33071.0
 2024 10 10 13 09 00 000   -7.57    -0.18    -2.52  -382.30     18.10     21.40    4.42     33071.0
 2024 10 10 13 10 00 000   -7.20     0.25    -3.44  -382.30     18.10     21.40    4.42     33071.0
 2024 10 10 13 11 00 000   -6.99     1.21    -3.85  -382.30     18.10     21.40    4.42     33071.0
 2024 10 10 13 12 00 000   -6.88     1.00    -3.81  -382.30     18.10     21.40    4.42     33071.0
 2024 10 10 13 13 00 000   -6.51     0.50    -4.33  -383.40     -2.60     18.80    4.45     37964.0
 2024 10 10 13 14 00 000   -6.70    -0.06    -3.96  -383.40     -2.60     18.80    4.45     37964.0
 2024 10 10 13 15 00 000   -6.90     0.03    -3.67  -383.40     -2.60     18.80    4.45     37964.0
 2024 10 10 13 16 00 000   -5.64     4.19    -2.24  -383.40     -2.60     18.80    4.45     37964.0
 2024 10 10 13 17 00 000   -5.14     4.21    -2.56  -383.40     -2.60     18.80    4.45     37964.0
 2024 10 10 13 18 00 000   -5.47     4.44    -2.01  -399.90    -12.70     -2.00    4.92     51674.0
 2024 10 10 13 19 00 000   -6.14     3.42    -1.03  -397.60    -11.10      2.60    4.70     45916.0
 2024 10 10 13 20 00 000   -6.31     3.07    -1.15  -388.60    -17.80    -22.70    5.15     37450.0
 2024 10 10 13 21 00 000   -6.71     0.60    -2.53  -388.60    -17.80    -22.70    5.15     37450.0
 2024 10 10 13 22 00 000   -6.11     2.48    -1.51  -388.60    -17.80    -22.70    5.15     37450.0
 2024 10 10 13 23 00 000   -6.67     0.16    -2.67  -388.60    -17.80    -22.70    5.15     37450.0
 2024 10 10 13 24 00 000   -6.13     1.53    -2.37  -396.10      9.60     37.10    4.56     29891.0
 2024 10 10 13 25 00 000   -6.68     0.70    -2.07  -384.50     17.60      5.00    4.35     27834.0
 2024 10 10 13 26 00 000   -6.40     0.75    -3.17  -377.00     22.80    -15.80    4.20     26503.0
 2024 10 10 13 27 00 000   -6.43     2.90    -1.39  -386.10      0.90      8.50    4.97     38048.0
 2024 10 10 13 28 00 000   -7.74     2.93    -1.38  -385.70      1.20      6.80    4.95     37634.0
 2024 10 10 13 29 00 000   -7.15     3.62     0.47  -385.70      1.20      6.80    4.95     37634.0
 2024 10 10 13 30 00 000   -7.28     1.54    -2.09  -381.10     -9.30    -16.70    4.38     27732.0
 2024 10 10 13 31 00 000   -7.07     3.75     0.01  -381.10     -9.30    -16.70    4.38     27732.0
 2024 10 10 13 32 00 000   -6.91     1.35    -2.12  -381.10     -9.30    -16.70    4.38     27732.0
 2024 10 10 13 33 00 000   -6.67     1.11    -2.74  -391.10     -9.80     19.60    5.39     62820.0
 2024 10 10 13 34 00 000   -6.87     3.47     1.02  -388.60     -7.40      8.70    4.97     49562.0
 2024 10 10 13 35 00 000   -6.71     1.15     0.10  -383.60     -6.70    -14.20    4.40     33266.0
 2024 10 10 13 36 00 000   -6.86     2.24    -0.63  -379.70      3.30     38.00    4.10     29871.0
 2024 10 10 13 37 00 000   -7.18     2.44    -0.11  -380.90      1.70     33.30    4.21     32566.0
 2024 10 10 13 38 00 000   -6.61     1.29    -1.99  -385.90     -5.00    -16.10    4.89     44716.0
 2024 10 10 13 39 00 000   -6.83     2.07    -1.52  -383.50     -5.00      6.30    4.68     36834.0
 2024 10 10 13 40 00 000   -6.77     2.65    -0.67  -393.10    -29.70     18.50    5.17     46762.0
 2024 10 10 13 41 00 000   -7.43     3.17     1.70  -381.20     26.30    -30.60    3.80     25675.0
 2024 10 10 13 42 00 000   -6.88     2.86     1.14  -380.40     13.90    -21.80    4.62     33434.0
 2024 10 10 13 43 00 000   -6.67     3.36     0.87  -378.30     15.90    -18.60    5.08     37811.0
 2024 10 10 13 44 00 000   -6.29     3.15     2.48  -402.40     -8.00    -34.70    5.53     53456.0
 2024 10 10 13 45 00 000   -6.26     4.03     1.45  -402.10     -3.00    -41.10    5.45     50714.0
 2024 10 10 13 46 00 000   -6.60     2.57     0.98  -402.10     -3.00    -41.10    5.45     50714.0
 2024 10 10 13 47 00 000   -6.56     3.70     1.63  -383.00     -4.10     18.40    4.11     49729.0
 2024 10 10 13 48 00 000   -6.23     3.32     0.53  -381.90     -0.30      7.10    4.39     47254.0
 2024 10 10 13 49 00 000   -5.96     3.19     0.00  -378.90      9.80    -22.80    5.11     40727.0
 2024 10 10 13 50 00 000   -5.97     2.88     0.29  -383.00     54.20    -43.10    3.84     36553.0
 2024 10 10 13 51 00 000   -6.01     2.05     0.36  -384.50      7.20     -9.90    3.99     30230.0
 2024 10 10 13 52 00 000   -6.20     3.16     1.63  -399.50      9.40    -12.90    4.82     40498.0
 2024 10 10 13 53 00 000   -4.54     5.60     2.47  -391.10     33.00    -41.40    5.49     44862.0
 2024 10 10 13 54 00 000   -5.00     5.26     0.89  -408.90      7.70    -25.30    4.48     56872.0
 2024 10 10 13 55 00 000   -5.64     4.28     1.28  -400.50      1.70    -16.10    4.54     49866.0
 2024 10 10 13 56 00 000   -6.58     3.91     0.74  -383.40      7.10    -13.50    4.81     40489.0
 2024 10 10 13 57 00 000   -5.23     4.50     1.03  -407.90     19.80    -47.60    4.77     38154.0
 2024 10 10 13 58 00 000   -5.84     3.71     1.53  -407.40    -15.10    -51.90    4.50     41571.0
 2024 10 10 13 59 00 000   -6.42     2.56     1.80  -385.70     -8.40    -22.10    4.15     31539.0
 2024 10 10 14 00 00 000   -6.01     3.80     1.29  -383.60     -1.10    -39.50    4.84     41957.0
 2024 10 10 14 01 00 000   -7.42     3.03     1.14  -385.00     -0.70    -46.60    5.03     45620.0
 2024 10 10 14 02 00 000   -6.48     3.78     2.84  -394.60     14.10    -46.90    4.51     42261.0
 2024 10 10 14 03 00 000   -6.48     3.58     1.93  -391.90      5.50    -40.60    4.44     36872.0
 2024 10 10 14 04 00 000   -5.39     4.46     1.15  -387.20      2.70    -27.40    4.22     29454.0
 2024 10 10 14 05 00 000   -5.87     3.81     1.99  -410.50    -44.80    -22.80    5.19     58734.0
 2024 10 10 14 06 00 000   -6.03     3.74     2.28  -390.00     -9.50    -35.70    4.48     52155.0
 2024 10 10 14 07 00 000   -5.47     3.96     2.30  -393.10    -12.70    -35.00    4.83     61785.0
 2024 10 10 14 08 00 000   -6.35     3.08     1.50  -376.10      7.20     -1.40    4.45     35647.0
 2024 10 10 14 09 00 000   -2.26     7.00     4.46  -383.20    -13.90    -19.80    5.30     59286.0
 2024 10 10 14 10 00 000   -2.48     6.41     4.99  -385.30    -20.10    -25.20    5.54     66204.0
 2024 10 10 14 11 00 000   -1.54     6.01     5.53  -385.30    -20.10    -25.20    5.54     66204.0
 2024 10 10 14 12 00 000   -0.34     5.50     6.20  -385.30    -20.10    -25.20    5.54     66204.0
 2024 10 10 14 13 00 000   -0.34     6.92     4.41  -450.60     -9.70    -56.00    4.45     34155.0
 2024 10 10 14 14 00 000   -1.82     6.42     4.85  -450.60     -9.70    -56.00    4.45     34155.0
 2024 10 10 14 15 00 000   -3.46     5.58     4.96  -450.60     -9.70    -56.00    4.45     34155.0
 2024 10 10 14 16 00 000   -2.67     6.34     4.56  -450.60     -9.70    -56.00    4.45     34155.0
 2024 10 10 14 17 00 000   -3.02     6.03     4.93  -450.60     -9.70    -56.00    4.45     34155.0
 2024 10 10 14 18 00 000   -3.62     5.71     5.00  -450.60     -9.70    -56.00    4.45     34155.0
 2024 10 10 14 19 00 000   -3.88     5.43     5.22  -450.60     -9.70    -56.00    4.45     34155.0
 2024 10 10 14 20 00 000   -4.24     4.77     5.58  -420.50     22.90    -46.40    4.85     45421.0
 2024 10 10 14 21 00 000   -5.75     3.99     4.98  -420.50     22.90    -46.40    4.85     45421.0
 2024 10 10 14 22 00 000   -5.30     5.31     4.29  -420.50     22.90    -46.40    4.85     45421.0
 2024 10 10 14 23 00 000   -6.73     2.90     4.81  -420.50     22.90    -46.40    4.85     45421.0
 2024 10 10 14 24 00 000   -7.25     2.43     4.36  -420.50     22.90    -46.40    4.85     45421.0
 2024 10 10 14 25 00 000   -6.88     2.34     4.92  -420.50     22.90    -46.40    4.85     45421.0
 2024 10 10 14 26 00 000   -6.52     3.22     4.69  -420.50     22.90    -46.40    4.85     45421.0
 2024 10 10 14 27 00 000   -6.03     3.23     5.41  -394.70     29.40    -62.90    5.95     61875.0
 2024 10 10 14 28 00 000   -5.92     3.64     5.28  -394.70     29.40    -62.90    5.95     61875.0
 2024 10 10 14 29 00 000   -5.67     4.52     4.98  -394.70     29.40    -62.90    5.95     61875.0
 2024 10 10 14 30 00 000   -5.22     5.03     4.66  -394.70     29.40    -62.90    5.95     61875.0
 2024 10 10 14 31 00 000   -4.55     5.85     3.67  -394.70     29.40    -62.90    5.95     61875.0
 2024 10 10 14 32 00 000   -4.48     6.78     2.56  -394.70     29.40    -62.90    5.95     61875.0
 2024 10 10 14 33 00 000   -4.36     7.20     3.10  -394.70     29.40    -62.90    5.95     61875.0
 2024 10 10 14 34 00 000   -4.25     7.61     3.19  -423.90     -9.10    -53.80    5.42     56909.0
 2024 10 10 14 35 00 000   -4.34     7.86     3.29  -423.90     -9.10    -53.80    5.42     56909.0
 2024 10 10 14 36 00 000   -4.38     7.98     4.10  -423.90     -9.10    -53.80    5.42     56909.0
 2024 10 10 14 37 00 000   -5.29     7.54     4.01  -423.90     -9.10    -53.80    5.42     56909.0
 2024 10 10 14 38 00 000   -4.79     7.78     3.53  -423.90     -9.10    -53.80    5.42     56909.0
 2024 10 10 14 39 00 000   -4.42     7.53     4.31  -430.20      0.50    -44.30    7.42     66645.0
 2024 10 10 14 40 00 000   -4.10     7.73     4.99  -430.20      0.50    -44.30    7.42     66645.0
 2024 10 10 14 41 00 000   -5.11     6.15     6.05  -430.20      0.50    -44.30    7.42     66645.0
 2024 10 10 14 42 00 000   -5.21     6.65     5.63  -430.20      0.50    -44.30    7.42     66645.0
 2024 10 10 14 43 00 000   -3.15     6.41     6.04  -430.20      0.50    -44.30    7.42     66645.0
 2024 10 10 14 44 00 000   -5.03     7.32     3.34  -430.20      0.50    -44.30    7.42     66645.0
 2024 10 10 14 45 00 000   -4.44     7.77     3.53  -430.20      0.50    -44.30    7.42     66645.0
 2024 10 10 14 46 00 000   -4.21     6.75     5.06  -430.20      0.50    -44.30    7.42     66645.0
 2024 10 10 14 47 00 000   -3.13     6.75     5.90  -430.20      0.50    -44.30    7.42     66645.0
 2024 10 10 14 48 00 000   -2.95     7.10     5.42  -430.20      0.50    -44.30    7.42     66645.0
 2024 10 10 14 49 00 000   -3.69     6.98     5.28  -430.20      0.50    -44.30    7.42     66645.0
 2024 10 10 14 50 00 000   -3.93     6.97     5.10  -430.20      0.50    -44.30    7.42     66645.0
 2024 10 10 14 51 00 000   -4.36     6.94     4.88  -423.80      1.70    -59.10    5.47     61797.0
 2024 10 10 14 52 00 000   -4.40     7.21     4.40  -423.80      1.70    -59.10    5.47     61797.0
 2024 10 10 14 53 00 000   -4.40     7.20     4.40  -423.80      1.70    -59.10    5.47     61797.0
 2024 10 10 14 54 00 000   -3.77     7.87     4.14  -423.80      1.70    -59.10    5.47     61797.0
 2024 10 10 14 55 00 000   -4.55     7.44     4.35  -423.80      1.70    -59.10    5.47     61797.0
 2024 10 10 14 56 00 000   -3.97     7.38     6.60  -426.00    -10.20    -47.70    7.12     76761.0
 2024 10 10 14 57 00 000   -4.28     7.92     5.39  -426.00    -10.20    -47.70    7.12     76761.0
 2024 10 10 14 58 00 000   -5.19     7.32     5.62  -443.80    -14.30    -59.10    6.77     64065.0
 2024 10 10 14 59 00 000   -5.83     7.13     5.80  -421.40      0.20    -46.00    6.35     59719.0
 2024 10 10 15 00 00 000   -6.55     7.60     6.12  -403.00     11.90    -35.10    6.04     56761.0
 2024 10 10 15 01 00 000   -5.39     8.18     6.96  -448.20     -4.40    -56.20    7.74     69118.0
 2024 10 10 15 02 00 000   -4.34     8.45     6.23  -449.80     -0.10    -59.70    7.06     84147.0
 2024 10 10 15 03 00 000   -5.23     7.92     6.78  -458.00      0.80    -58.00    6.24    102504.0
 2024 10 10 15 04 00 000   -3.26     3.57     6.26  -453.00     19.60    -61.20    7.51    117273.0
 2024 10 10 15 05 00 000   -3.74     3.60     5.43  -470.00     19.80    -71.30    6.50    109510.0
 2024 10 10 15 06 00 000   -1.71     6.11     6.30  -444.70     13.20    -65.40    7.91     78500.0
 2024 10 10 15 07 00 000   -3.13     4.82     6.89  -441.40      7.20    -62.00    6.20     78337.0
 2024 10 10 15 08 00 000   -4.77     4.07     6.26  -451.40     21.90    -66.70    4.38    108463.0
 2024 10 10 15 09 00 000   -5.36     4.09     5.12  -448.80     42.60    -50.80    4.69    112490.0
 2024 10 10 15 10 00 000   -3.75     5.81     3.23  -464.10     25.10    -52.20    6.16    119851.0
 2024 10 10 15 11 00 000   -3.24     5.31     3.44  -480.90     11.30    -59.70    6.96    113961.0
 2024 10 10 15 12 00 000   -3.51     6.48     6.06  -467.00     18.00    -67.70    6.71     98652.0
 2024 10 10 15 13 00 000   -3.55     6.66     6.16  -462.40     24.70    -73.50    7.41    114345.0
 2024 10 10 15 14 00 000   -1.02     9.19     2.88  -479.60     23.80    -66.70    7.31    109293.0
 2024 10 10 15 15 00 000   -4.02     7.86     4.13  -520.00    -16.20    -30.60    5.38     67307.0
 2024 10 10 15 16 00 000   -3.94     8.07     4.65  -564.90    -33.00    -50.40    6.64    205838.0
 2024 10 10 15 17 00 000   -2.27     9.43     8.70  -496.70     45.10    -70.90    3.45     92426.0
 2024 10 10 15 18 00 000   -5.90    12.97     3.77  -495.30     46.70    -71.30    3.38     90049.0
 2024 10 10 15 19 00 000   -1.75     7.96     5.87  -504.50    -21.70    -43.50    6.92    156006.0
 2024 10 10 15 20 00 000   -2.81     6.87     9.90  -476.40    -10.40    -43.30    7.58    132156.0
 2024 10 10 15 21 00 000   -6.33     7.72     8.86  -442.70     25.80    -65.40    9.45    121058.0
 2024 10 10 15 22 00 000   -5.96    19.77     9.71  -728.60     31.10    -51.10   15.74   1418537.0
 2024 10 10 15 23 00 000  -13.56    21.94     5.92  -841.60     25.80    -38.10   17.89   1925507.0
 2024 10 10 15 24 00 000  -20.94    19.44    13.91  -841.60     25.80    -38.10   17.89   1925507.0
 2024 10 10 15 25 00 000  -16.33    21.06    12.90  -841.60     25.80    -38.10   17.89   1925507.0
 2024 10 10 15 26 00 000  -25.75    15.06     9.97  -841.60     25.80    -38.10   17.89   1925507.0
 2024 10 10 15 27 00 000  -23.77    19.63    15.33  -748.70    -21.40    -50.40   20.32   1254528.0
 2024 10 10 15 28 00 000  -25.18    19.00    15.64  -748.70    -21.40    -50.40   20.32   1254528.0
 2024 10 10 15 29 00 000  -21.14    19.84    11.11  -748.70    -21.40    -50.40   20.32   1254528.0
 2024 10 10 15 30 00 000  -18.68    21.97     7.67  -729.90    -37.20    -53.70   23.84    524278.0
 2024 10 10 15 31 00 000  -15.20    23.90     7.82  -729.90    -37.20    -53.70   23.84    524278.0
 2024 10 10 15 32 00 000  -19.00    11.48     7.41  -734.70    -25.40    -25.80   25.63    901959.0
 2024 10 10 15 33 00 000  -17.95    10.47     0.00  -734.70    -25.40    -25.80   25.63    901959.0
 2024 10 10 15 34 00 000  -12.91    11.78    -8.59  -734.70    -25.40    -25.80   25.63    901959.0
 2024 10 10 15 35 00 000  -10.34    12.54    -2.86  -734.70    -25.40    -25.80   25.63    901959.0
 2024 10 10 15 36 00 000   -8.58    -6.14   -13.59  -734.70    -25.40    -25.80   25.63    901959.0
 2024 10 10 15 37 00 000   -8.84    -0.69   -15.55  -768.30     46.30     75.30   30.83   1802341.0
 2024 10 10 15 38 00 000   -8.16     6.54   -17.06  -772.00     52.60     65.50   30.29   1867206.0
 2024 10 10 15 39 00 000   -3.86     6.65    -8.83  -804.70     91.60     -2.70   27.51   1922765.0
 2024 10 10 15 40 00 000   -1.05     5.38    -5.58  -826.60     65.90    -43.50   27.25   1431809.0
 2024 10 10 15 41 00 000   -1.97    15.21    -1.35  -791.20    -73.00     18.80   28.85   1736130.0
 2024 10 10 15 42 00 000   -5.33    15.48    -1.58  -791.20    -73.00     18.80   28.85   1736130.0
 2024 10 10 15 43 00 000  -13.94     9.23   -17.42  -791.20    -73.00     18.80   28.85   1736130.0
 2024 10 10 15 44 00 000  -12.02    21.57   -14.28  -791.20    -73.00     18.80   28.85   1736130.0
 2024 10 10 15 45 00 000    6.08    34.26     3.19  -743.70    -70.80     -1.40   36.47    502433.0
 2024 10 10 15 46 00 000    2.66    35.73    -5.01  -763.90    -51.80     27.90   32.86    522684.0
 2024 10 10 15 47 00 000    5.28    36.03    -3.49  -783.70    -34.30     40.70   29.99    541619.0
 2024 10 10 15 48 00 000    6.58    34.97    -8.38  -787.20    -36.30    -24.60   32.25    540966.0
 2024 10 10 15 49 00 000    0.82    36.08    -4.86  -767.40    -16.90      6.20   34.80    871463.0
 2024 10 10 15 50 00 000    3.86    30.92     2.82  -767.20    -16.70      6.40   34.82    874106.0
 2024 10 10 15 51 00 000    1.69    36.53    -0.72  -767.20    -16.70      6.40   34.82    874106.0
 2024 10 10 15 52 00 000    1.22    34.74     0.40  -788.70    -48.90    -53.20   35.53    969667.0
 2024 10 10 15 53 00 000    0.35    31.66     0.84  -788.70    -48.90    -53.20   35.53    969667.0
 2024 10 10 15 54 00 000    9.21     9.42    18.23  -805.10     24.20    -36.50   34.72    991112.0
 2024 10 10 15 55 00 000   11.69    12.62    13.07  -805.20     24.60    -36.40   34.72    991232.0
 2024 10 10 15 56 00 000   12.02    25.87     9.96  -799.60    -50.90    -66.00   30.44    714849.0
 2024 10 10 15 57 00 000    9.96    26.77     7.87  -799.60    -50.90    -66.00   30.44    714849.0
 2024 10 10 15 58 00 000    7.51    25.69    12.20  -799.60    -50.90    -66.00   30.44    714849.0
 2024 10 10 15 59 00 000    6.60    29.62    13.19  -799.60    -50.90    -66.00   30.44    714849.0
 2024 10 10 16 00 00 000    1.11    34.01     9.94  -786.20     11.10    -65.00   29.92    809883.0
 2024 10 10 16 01 00 000    2.30    32.46    15.92  -786.20     11.10    -65.00   29.92    809883.0
 2024 10 10 16 02 00 000   -9.57    19.40    -1.84  -735.90      9.40     -1.50   31.19    623187.0
 2024 10 10 16 03 00 000  -13.67    21.59    -6.85  -719.80      2.10     31.30   30.95    773044.0
 2024 10 10 16 04 00 000   -7.46    25.10    -3.29  -719.30     -9.70     34.40   31.30    858181.0
 2024 10 10 16 05 00 000  -11.25    10.89   -11.59  -739.10      0.10     18.60   33.28    858181.0
 2024 10 10 16 06 00 000  -17.73     9.69    -8.78  -739.10      0.10     18.60   33.28    858181.0
 2024 10 10 16 07 00 000  -11.36     7.57   -14.34  -745.20     29.10     43.50   38.68   1193716.0
 2024 10 10 16 08 00 000   -0.01    23.44   -13.90  -743.60     27.00     32.50   34.94    977287.0
 2024 10 10 16 09 00 000   -2.55    19.66   -20.01  -762.80    -32.40     34.60   32.59    827088.0
 2024 10 10 16 10 00 000    0.93    27.75    -8.13  -752.80     20.80     62.40   32.58    960175.0
 2024 10 10 16 11 00 000    7.09    31.34    -1.59  -763.20    -58.00     44.50   31.38    859623.0
 2024 10 10 16 12 00 000    6.79    31.10    -1.81  -765.10    -61.30     39.70   31.70    844246.0
 2024 10 10 16 13 00 000    2.79    28.56   -10.90  -772.50    -73.80     21.30   32.92    784879.0
 2024 10 10 16 14 00 000   -1.98    27.43   -11.82  -772.50    -73.80     21.30   32.92    784879.0
 2024 10 10 16 15 00 000   -1.91    22.52   -18.13  -737.90    -11.40     60.00   34.56    983155.0
 2024 10 10 16 16 00 000  -11.27     3.37   -22.91  -742.90     -4.30     69.80   32.86    898800.0
 2024 10 10 16 17 00 000   -9.97    -2.34   -22.92  -714.90      8.60    109.20   41.14   1259875.0
 2024 10 10 16 18 00 000  -22.75   -10.93   -12.18  -712.70      9.30    111.80   41.81   1289618.0
 2024 10 10 16 19 00 000  -17.60    -5.24   -18.46  -710.50     34.20    100.70   39.58   1407146.0
 2024 10 10 16 20 00 000  -15.48    -2.48   -20.96  -710.50     34.60    100.50   39.55   1408849.0
 2024 10 10 16 21 00 000  -13.34     3.12   -17.45  -710.50     34.60    100.50   39.55   1408849.0
 2024 10 10 16 22 00 000   -8.52    15.43   -15.96  -710.50     34.60    100.50   39.55   1408849.0
 2024 10 10 16 23 00 000   -9.26    30.86   -17.28  -728.30    -30.40     39.10   27.97    807085.0
 2024 10 10 16 24 00 000  -10.76    28.88   -17.63  -728.30    -30.40     39.10   27.97    807085.0
 2024 10 10 16 25 00 000  -11.18    25.41   -20.51  -728.70    -28.50     52.70   31.39   1107517.0
 2024 10 10 16 26 00 000  -12.01    25.35   -20.02  -728.70    -28.50     53.00   31.46   1114077.0
 2024 10 10 16 27 00 000  -12.95    17.27   -25.87  -735.90     14.40     58.30   28.87   1115719.0
 2024 10 10 16 28 00 000  -13.05    13.60   -26.08  -735.90     14.40     58.30   28.87   1115719.0
 2024 10 10 16 29 00 000   -8.15     3.61   -20.45  -740.80     35.40     69.30   30.68   1238392.0
 2024 10 10 16 30 00 000  -10.75    -1.53   -19.88  -743.20     45.40     74.50   31.54   1296694.0
 2024 10 10 16 31 00 000  -12.40    -1.99   -19.47  -743.20     45.40     74.50   31.54   1296694.0
 2024 10 10 16 32 00 000  -11.52    13.10   -20.45  -737.30     62.00     74.60   29.42   1173972.0
 2024 10 10 16 33 00 000  -10.74    14.46   -24.25  -737.30     62.00     74.60   29.42   1173972.0
 2024 10 10 16 34 00 000  -10.06    11.64   -26.49  -737.30     62.00     74.60   29.42   1173972.0
 2024 10 10 16 35 00 000   -9.84    14.03   -25.48  -724.50     22.90     60.60   33.02    919775.0
 2024 10 10 16 36 00 000  -10.00    10.29   -26.51  -731.20      8.30     69.60   33.39    944075.0
 2024 10 10 16 37 00 000   -9.57    16.65   -24.36  -736.20     -2.50     76.20   33.67    962023.0
 2024 10 10 16 38 00 000  -15.48     4.37   -25.13  -736.20     -2.50     76.20   33.67    962023.0
 2024 10 10 16 39 00 000   -7.58    -8.67   -28.08  -736.20     -2.50     76.20   33.67    962023.0
 2024 10 10 16 40 00 000   -3.55   -25.44   -21.93  -754.10     67.50     64.60   35.27   1263255.0
 2024 10 10 16 41 00 000   10.00   -22.85    -4.89  -777.90     69.50     26.70   30.26    950753.0
 2024 10 10 16 42 00 000   14.36   -26.17     5.43  -779.30     77.20     21.00   30.53    941171.0
 2024 10 10 16 43 00 000   18.93   -25.95    14.76  -760.60     82.40     44.80   34.82   1192354.0
 2024 10 10 16 44 00 000   18.83   -25.28     6.84  -776.60     81.80     -0.20   30.21    962023.0
 2024 10 10 16 45 00 000   17.19   -22.77     8.11  -776.60     81.80     -0.20   30.21    962023.0
 2024 10 10 16 46 00 000   18.27   -20.92     4.27  -781.10     94.90    -11.20   29.76    763291.0
 2024 10 10 16 47 00 000   17.55   -19.73    -0.17  -784.30     74.80     -6.70   30.52    763662.0
 2024 10 10 16 48 00 000   22.56   -14.33    -0.98  -786.10     63.40     -4.10   30.93    763872.0
 2024 10 10 16 49 00 000   21.25   -16.03     0.89  -786.10     63.40     -4.10   30.93    763872.0
 2024 10 10 16 50 00 000   15.72   -27.97    -1.15  -786.10     63.40     -4.10   30.93    763872.0
 2024 10 10 16 51 00 000   13.44   -28.92    -3.38  -775.90     64.40      5.00   36.23    718800.0
 2024 10 10 16 52 00 000   10.42   -28.69   -10.63  -775.90     64.40      5.00   36.23    718800.0
 2024 10 10 16 53 00 000   10.46   -29.67    -5.98  -775.90     64.40      5.00   36.23    718800.0
 2024 10 10 16 54 00 000   10.80   -30.27    -1.40  -775.90     64.40      5.00   36.23    718800.0
 2024 10 10 16 55 00 000   10.80   -30.26    -1.42  -775.90     64.40      5.00   36.23    718800.0
 2024 10 10 16 56 00 000    9.50   -31.74    -1.13  -775.90     64.40      5.00   36.23    718800.0
 2024 10 10 16 57 00 000    0.66   -34.88    -5.12  -713.10     60.50     46.60   34.74    704366.0
 2024 10 10 16 58 00 000    2.77   -33.24     0.86  -751.90     70.60     -1.40   34.19    777321.0
 2024 10 10 16 59 00 000    5.20   -35.42     0.48  -757.40     78.50     -4.80   34.19    755206.0
 2024 10 10 17 00 00 000  -15.17   -18.03     8.38  -733.10     86.00     26.20   34.85    633043.0
 2024 10 10 17 01 00 000  -14.84   -23.13    -2.03  -730.40     79.90     15.10   36.00    719461.0
 2024 10 10 17 02 00 000  -14.66   -25.18    -1.37  -723.80     78.30     19.00   34.84    698555.0
 2024 10 10 17 03 00 000   -9.96   -29.81    -3.38  -730.90     77.40     25.70   33.93    661628.0
 2024 10 10 17 04 00 000  -15.43   -27.73    -2.89  -748.00     77.00     33.00   33.62    699217.0
 2024 10 10 17 05 00 000  -16.43   -25.44    -4.50  -734.40     72.60     20.50   34.03    732535.0
 2024 10 10 17 06 00 000  -19.44   -22.76    -2.69  -720.10     71.20     33.60   34.32    668603.0
 2024 10 10 17 07 00 000  -22.87   -19.24    -2.25  -711.40     74.90     24.00   33.33    658906.0
 2024 10 10 17 08 00 000  -21.51   -21.69    -2.78  -717.50     81.50     25.50   34.68    681222.0
 2024 10 10 17 09 00 000  -26.51   -16.73     1.81  -705.90     83.90     11.80   33.71    791868.0
 2024 10 10 17 10 00 000   -0.95   -26.78    -5.41  -700.90     57.90     19.20   36.10    879449.0
 2024 10 10 17 11 00 000    8.49   -17.57    -0.49  -747.80     60.00     41.70   31.50   1103158.0
 2024 10 10 17 12 00 000   10.03   -15.80     1.85  -726.60     79.20     31.70   33.11    809429.0
 2024 10 10 17 13 00 000    4.15   -21.62    -3.12  -719.40     77.90     26.30   37.27    998745.0
 2024 10 10 17 14 00 000   -5.07   -19.61    -2.75  -727.60     81.00     38.50   40.07   1292122.0
 2024 10 10 17 15 00 000  -13.53   -16.80     3.34  -715.50     97.20     30.50   30.13    679778.0
 2024 10 10 17 16 00 000  -14.22   -20.00     4.34  -716.80     26.60     -5.20   32.58   1192866.0
 2024 10 10 17 17 00 000  -18.44   -13.98     7.59  -716.90     23.10     -7.00   32.71   1218204.0
 2024 10 10 17 18 00 000  -30.91    -7.68     2.63  -695.00     96.50      3.10   33.88   1135879.0
 2024 10 10 17 19 00 000  -17.74    -9.48    -0.75  -690.40     96.30     10.30   34.13    992464.0
 2024 10 10 17 20 00 000  -29.42    -8.97    -0.10  -692.70     60.60      9.40   33.67    805126.0
 2024 10 10 17 21 00 000  -25.58    -9.94    -8.96  -697.60     58.80     21.60   33.86    775301.0
 2024 10 10 17 22 00 000  -24.46    -8.27    -8.84  -701.90     67.00     40.20   35.71    697408.0
 2024 10 10 17 23 00 000   23.22   -11.59    19.05  -716.60    111.30     18.80   37.94   1285985.0
 2024 10 10 17 24 00 000   -3.71    -9.17     4.62  -702.50     47.70     17.90   34.01    911332.0
 2024 10 10 17 25 00 000  -30.41    -5.11    -8.40  -699.10     29.60     20.00   33.26    764342.0
 2024 10 10 17 26 00 000  -30.22    -4.97    -9.07  -699.10     29.60     20.00   33.26    764342.0
 2024 10 10 17 27 00 000  -30.05    -4.71    -9.92  -699.10     29.60     20.00   33.26    764342.0
 2024 10 10 17 28 00 000  -29.86    -4.69   -10.49  -699.10     29.60     20.00   33.26    764342.0
 2024 10 10 17 29 00 000  -29.68    -4.68   -11.06  -699.10     29.60     20.00   33.26    764342.0
 2024 10 10 17 30 00 000  -29.45    -4.24   -11.40  -699.10     29.60     20.00   33.26    764342.0
 2024 10 10 17 31 00 000  -29.16    -3.53   -11.82  -699.10     29.60     20.00   33.26    764342.0
 2024 10 10 17 32 00 000  -29.01    -3.98   -12.24  -699.10     29.60     20.00   33.26    764342.0
 2024 10 10 17 33 00 000  -28.90    -5.13   -13.59  -699.10     29.60     20.00   33.26    764342.0
 2024 10 10 17 34 00 000  -28.42    -7.83   -13.18  -699.10     29.60     20.00   33.26    764342.0
 2024 10 10 17 35 00 000  -28.66    -6.95   -13.23  -699.10     29.60     20.00   33.26    764342.0
 2024 10 10 17 36 00 000  -28.20    -8.13   -12.86  -699.10     29.60     20.00   33.26    764342.0
 2024 10 10 17 37 00 000  -27.86    -8.01   -13.41  -699.10     29.60     20.00   33.26    764342.0
 2024 10 10 17 38 00 000  -27.31    -7.81   -14.32  -696.90     57.50     20.80   33.51    721441.0
 2024 10 10 17 39 00 000  -26.82    -8.05   -15.31  -696.90     57.50     20.80   33.51    721441.0
 2024 10 10 17 40 00 000  -27.75    -7.17   -14.06  -696.90     57.50     20.80   33.51    721441.0
 2024 10 10 17 41 00 000  -27.79    -6.94   -14.39  -696.90     57.50     20.80   33.51    721441.0
 2024 10 10 17 42 00 000  -26.96    -6.28   -15.66  -696.90     57.50     20.80   33.51    721441.0
 2024 10 10 17 43 00 000  -26.97    -5.60   -15.49  -696.90     57.50     20.80   33.51    721441.0
 2024 10 10 17 44 00 000  -27.20    -5.78   -14.96  -696.90     57.50     20.80   33.51    721441.0
 2024 10 10 17 45 00 000  -26.97    -6.11   -15.35  -696.90     57.50     20.80   33.51    721441.0
 2024 10 10 17 46 00 000  -27.54    -5.99   -14.48  -698.80     66.60     15.90   34.23    891647.0
 2024 10 10 17 47 00 000  -27.27    -6.57   -15.11  -698.80     66.60     15.90   34.23    891647.0
 2024 10 10 17 48 00 000  -27.32    -6.57   -15.43  -698.80     66.60     15.90   34.23    891647.0
 2024 10 10 17 49 00 000  -28.08    -5.35   -14.97  -698.80     66.60     15.90   34.23    891647.0
 2024 10 10 17 50 00 000  -27.15    -8.00   -14.73  -698.80     66.60     15.90   34.23    891647.0
 2024 10 10 17 51 00 000  -27.06    -9.17   -14.16  -698.80     66.60     15.90   34.23    891647.0
 2024 10 10 17 52 00 000  -27.14    -9.36   -14.17  -708.10     57.80     19.60   32.08    670829.0
 2024 10 10 17 53 00 000  -27.23    -9.26   -14.39  -708.10     57.80     19.60   32.08    670829.0
 2024 10 10 17 54 00 000  -27.02    -8.86   -15.15  -708.10     57.80     19.60   32.08    670829.0
 2024 10 10 17 55 00 000  -27.04    -6.69   -15.40  -708.10     57.80     19.60   32.08    670829.0
 2024 10 10 17 56 00 000  -24.62   -10.80   -17.06  -708.10     57.80     19.60   32.08    670829.0
 2024 10 10 17 57 00 000  -24.56   -12.11   -17.21  -708.10     57.80     19.60   32.08    670829.0
 2024 10 10 17 58 00 000  -24.84   -12.33   -16.67  -708.10     57.80     19.60   32.08    670829.0
 2024 10 10 17 59 00 000  -24.74   -12.56   -16.62  -708.10     57.80     19.60   32.08    670829.0
 2024 10 10 18 00 00 000  -23.88   -13.25   -17.37  -708.80     49.40     11.00   30.42    663206.0
 2024 10 10 18 01 00 000  -24.67   -10.96   -17.26  -708.80     49.40     11.00   30.42    663206.0
 2024 10 10 18 02 00 000  -23.72   -10.15   -18.32  -708.80     49.40     11.00   30.42    663206.0
 2024 10 10 18 03 00 000  -25.96    -4.35   -17.96  -708.80     49.40     11.00   30.42    663206.0
 2024 10 10 18 04 00 000  -26.16    -7.63   -17.02  -701.40     59.00     16.40   30.69    600652.0
 2024 10 10 18 05 00 000  -26.22    -8.24   -16.43  -703.20     53.50     15.00   30.10    596108.0
 2024 10 10 18 06 00 000  -26.27    -5.23   -16.18  -705.40     46.20     10.90   30.97    616222.0
 2024 10 10 18 07 00 000  -25.00    -7.44   -18.19  -704.20     47.40      7.50   33.81    662354.0
 2024 10 10 18 08 00 000  -28.06    -0.13   -15.43  -699.80     32.70      6.80   29.61    672786.0
 2024 10 10 18 09 00 000  -24.12     3.11   -14.90  -681.00     63.60     58.40   29.91   1136553.0
 2024 10 10 18 10 00 000  -25.01     4.81   -13.41  -680.20     47.10     47.50   30.69   1009226.0
 2024 10 10 18 11 00 000  -23.99     0.76   -15.03  -680.20     47.10     47.50   30.69   1009226.0
 2024 10 10 18 12 00 000  -22.28     9.75   -15.34  -680.20     47.10     47.50   30.69   1009226.0
 2024 10 10 18 13 00 000  -24.61     3.38   -14.69  -680.20     47.10     47.50   30.69   1009226.0
 2024 10 10 18 14 00 000  -21.70    11.38   -15.77  -686.70     33.60     21.90   33.37   1006780.0
 2024 10 10 18 15 00 000  -23.47     6.33   -15.30  -686.80     33.30     21.90   33.36   1011026.0
 2024 10 10 18 16 00 000  -22.65    12.34   -16.19  -694.70     -1.30     21.00   31.90   1479549.0
 2024 10 10 18 17 00 000  -19.11    13.40   -15.39  -695.60     -5.40     20.90   31.72   1535278.0
 2024 10 10 18 18 00 000  -20.14    11.76   -14.79  -695.60     -5.40     20.90   31.72   1535278.0
 2024 10 10 18 19 00 000  -21.66    11.40   -13.70  -726.40     39.50    -24.60   27.30   1293154.0
 2024 10 10 18 20 00 000  -20.15    11.78   -12.66  -726.40     39.50    -24.60   27.30   1293154.0
 2024 10 10 18 21 00 000  -13.12    14.34    -3.68  -726.40     39.50    -24.60   27.30   1293154.0
 2024 10 10 18 22 00 000  -12.20    12.23   -15.53  -700.90     67.20    -16.60   30.12   1244324.0
 2024 10 10 18 23 00 000   -5.93    16.74   -15.99  -701.00     61.90     -8.60   29.87   1287788.0
 2024 10 10 18 24 00 000   -8.46    12.31   -19.71  -726.00      3.00     -4.90   31.04   1464787.0
 2024 10 10 18 25 00 000  -14.08     7.20   -18.24  -712.30     24.70     -7.90   30.58   1387329.0
 2024 10 10 18 26 00 000  -15.21     7.33   -19.09  -712.20     24.10     -9.20   30.02   1329772.0
 2024 10 10 18 27 00 000  -17.64     6.76   -17.74  -712.20     23.70    -10.30   29.57   1283816.0
 2024 10 10 18 28 00 000  -16.19     6.18   -17.24  -712.20     23.70    -10.30   29.57   1283816.0
 2024 10 10 18 29 00 000  -16.76     6.20   -17.48  -700.80     31.90    -11.70   29.44   1298466.0
 2024 10 10 18 30 00 000  -17.59     5.07   -19.56  -698.40     27.40    -12.30   30.25   1391083.0
 2024 10 10 18 31 00 000  -16.66     5.72   -16.64  -695.00     40.40     -4.50   34.51   1877374.0
 2024 10 10 18 32 00 000  -18.76     4.52   -18.40  -696.20     58.80      2.80   36.61   2115624.0
 2024 10 10 18 33 00 000  -19.71     3.51   -19.31  -696.20     58.80      2.80   36.61   2115624.0
 2024 10 10 18 34 00 000  -18.95     5.73   -18.69  -696.20     58.80      2.80   36.61   2115624.0
 2024 10 10 18 35 00 000  -20.52    -0.62   -19.40  -689.90     40.10    -19.00   29.88   1498873.0
 2024 10 10 18 36 00 000  -21.66    -2.00   -18.57  -689.90     40.10    -19.00   29.88   1498873.0
 2024 10 10 18 37 00 000   -5.48   -11.38   -12.50  -751.30     78.60      6.00   29.65    938552.0
 2024 10 10 18 38 00 000    6.06   -14.85    -5.19  -759.20     81.60      5.00   29.56    879583.0
 2024 10 10 18 39 00 000   -1.49    -7.12    -6.00  -774.10     79.40    -14.20   29.09    824051.0
 2024 10 10 18 40 00 000   -9.11    -5.98   -12.52  -708.80     31.60    -27.90   29.35   1580968.0
 2024 10 10 18 41 00 000   -7.17    -1.82    -7.79  -719.00     44.90     -6.70   27.02   1243500.0
 2024 10 10 18 42 00 000  -11.72     6.79    -8.41  -723.40     50.40      1.60   26.11   1107518.0
 2024 10 10 18 43 00 000   -4.07     3.88    -3.52  -699.00     31.00     -7.60   36.50   2131493.0
 2024 10 10 18 44 00 000    0.34    -2.95    -3.83  -699.00     31.00     -7.60   36.50   2131493.0
 2024 10 10 18 45 00 000  -10.49    -6.48   -13.54  -762.10     75.80    -13.00   30.26   1180723.0
 2024 10 10 18 46 00 000   -1.70     4.87    -3.64  -762.10     75.80    -13.00   30.26   1180723.0
 2024 10 10 18 47 00 000   -8.29    -6.65   -13.15  -709.10     58.10     -8.90   28.79   1581931.0
 2024 10 10 18 48 00 000   -3.13    -2.26    -4.33  -720.80     49.30     -6.20   29.28   1382551.0
 2024 10 10 18 49 00 000    2.35    -5.34    -2.85  -755.10      7.90     -1.40   23.18   1274618.0
 2024 10 10 18 50 00 000   -3.68    -2.30    -6.71  -764.50     -5.20     -0.20   20.97   1275524.0
 2024 10 10 18 51 00 000    1.94   -18.78    -7.57  -764.50     -5.20     -0.20   20.97   1275524.0
 2024 10 10 18 52 00 000   -4.91    -9.49   -13.04  -727.00     68.10     26.40   28.87   1001418.0
 2024 10 10 18 53 00 000    0.59    -6.03   -10.99  -718.10     75.70     24.50   27.92    910460.0
 2024 10 10 18 54 00 000   -1.08   -14.92   -16.65  -722.30     78.20     24.90   30.44   1133015.0
 2024 10 10 18 55 00 000    6.22   -10.34    -8.87  -726.50     77.60     25.60   31.88   1261507.0
 2024 10 10 18 56 00 000    4.72    -9.34    -9.18  -745.90     77.40    -12.00   31.05   1355391.0
 2024 10 10 18 57 00 000    4.07   -18.32   -13.05  -746.40     77.40    -12.90   31.03   1357622.0
 2024 10 10 18 58 00 000   14.34    24.40     8.96  -746.40     77.40    -12.90   31.03   1357622.0
 2024 10 10 18 59 00 000   14.34    24.40     8.97  -746.40     77.40    -12.90   31.03   1357622.0
 2024 10 10 19 00 00 000   -5.77   -14.95   -15.67  -810.60     60.30    -19.30   29.06   1491264.0
 2024 10 10 19 01 00 000    0.28    16.13    -0.25  -810.60     60.30    -19.30   29.06   1491264.0
 2024 10 10 19 02 00 000   -1.76    33.28     5.30  -808.40     58.30    -19.50   28.81   1487007.0
 2024 10 10 19 03 00 000    0.19    33.07     7.91  -719.40    -22.20    -26.90   18.58   1316253.0
 2024 10 10 19 04 00 000   -0.34    36.67     6.35  -720.90    -23.60    -22.90   18.79   1290377.0
 2024 10 10 19 05 00 000   -8.05    35.36    -0.10  -721.30    -27.70    -17.10   19.65   1365454.0
 2024 10 10 19 06 00 000   -8.75    32.70     0.54  -721.10    -30.30    -14.10   20.21   1429233.0
 2024 10 10 19 07 00 000   -9.33    34.13     0.79  -721.10    -30.30    -14.10   20.21   1429233.0
 2024 10 10 19 08 00 000  -11.46    33.04     0.31  -721.10    -30.30    -14.10   20.21   1429233.0
 2024 10 10 19 09 00 000  -13.32    31.82    -2.94  -670.80    -28.60    -26.90   22.97   2090808.0
 2024 10 10 19 10 00 000  -16.40    29.47    -6.27  -675.30    -36.00    -23.10   21.98   1966814.0
 2024 10 10 19 11 00 000  -17.73    29.55    -7.57  -679.70    -27.20    -10.50   20.35   1740101.0
 2024 10 10 19 12 00 000  -19.04    27.64    -9.48  -676.90      2.20     -8.90   20.21   1797376.0
 2024 10 10 19 13 00 000  -18.72    25.46   -10.09  -674.70    -51.40     -6.70   22.79   1440414.0
 2024 10 10 19 14 00 000  -20.11    25.40   -11.00  -682.00    -34.00     -6.60   21.76   1347906.0
 2024 10 10 19 15 00 000  -17.02    22.96    -9.76  -686.10    -30.20      0.20   21.19   1263767.0
 2024 10 10 19 16 00 000  -17.61    19.29   -14.42  -694.90    -48.30      4.80   22.70   1385797.0
 2024 10 10 19 17 00 000  -15.04    23.29   -11.40  -695.90    -49.00      4.40   22.82   1399632.0
 2024 10 10 19 18 00 000  -15.68    22.30    -9.03  -695.90    -49.00      4.40   22.82   1399632.0
 2024 10 10 19 19 00 000  -12.67    26.40    -6.69  -712.20    -46.10    -43.40   23.65   1317228.0
 2024 10 10 19 20 00 000  -14.49    25.39    -8.43  -716.20    -54.50    -42.50   22.47   1219212.0
 2024 10 10 19 21 00 000  -19.19    20.09   -13.86  -704.10    -15.10     -5.60   19.39   1167494.0
 2024 10 10 19 22 00 000  -16.12    22.20   -14.22  -698.40      2.30      8.80   18.44   1168920.0
 2024 10 10 19 23 00 000  -15.82    20.40   -16.42  -698.40      2.30      8.80   18.44   1168920.0
 2024 10 10 19 24 00 000  -17.75    22.14   -12.10  -697.20    -37.30    -11.50   20.39   1143828.0
 2024 10 10 19 25 00 000  -17.82    23.35   -11.61  -697.20    -37.30    -11.50   20.39   1143828.0
 2024 10 10 19 26 00 000  -18.37    20.57   -13.59  -695.50    -37.60     -7.00   20.19   1087606.0
 2024 10 10 19 27 00 000  -22.33    16.11   -17.02  -683.00    -39.90     25.70   18.72    677215.0
 2024 10 10 19 28 00 000  -22.17    15.61   -17.72  -678.10    -16.60     18.20   19.23    742274.0
 2024 10 10 19 29 00 000  -21.55    14.63   -19.15  -667.30     35.40      1.40   20.38    887245.0
 2024 10 10 19 30 00 000  -20.25    11.92   -20.07  -673.30     -8.50     23.00   20.12    828405.0
 2024 10 10 19 31 00 000  -19.56    10.51   -19.06  -673.90    -12.90     25.60   20.11    834698.0
 2024 10 10 19 32 00 000  -20.09    11.22   -19.72  -674.20    -13.50     34.60   20.47   1112435.0
 2024 10 10 19 33 00 000  -19.52    10.53   -19.76  -674.20    -13.50     34.60   20.47   1112435.0
 2024 10 10 19 34 00 000  -19.85    17.70   -14.84  -674.20    -13.50     34.60   20.47   1112435.0
 2024 10 10 19 35 00 000  -19.98    24.95   -10.89  -654.70    -12.00     14.00   21.11   1667138.0
 2024 10 10 19 36 00 000  -19.09    25.54   -10.77  -679.20    -10.70     10.70   18.23   1468181.0
 2024 10 10 19 37 00 000  -19.44    23.25   -12.25  -683.10    -33.40      9.10   18.58   1689795.0
 2024 10 10 19 38 00 000  -19.79    21.16   -14.38  -681.60    -41.50      9.00   19.03   1789832.0
 2024 10 10 19 39 00 000  -20.18    20.28   -14.37  -681.60    -41.50      9.00   19.03   1789832.0
 2024 10 10 19 41 00 000  -18.23    20.15   -15.68  -681.60    -41.50      9.00   19.03   1789832.0
 2024 10 10 19 42 00 000  -20.95    18.08   -14.90  -681.60    -41.50      9.00   19.03   1789832.0
 2024 10 10 19 43 00 000  -23.47    12.50   -17.62  -673.40     47.40      5.70   20.95   1078246.0
 2024 10 10 19 44 00 000  -25.38     8.21   -20.96  -673.40     47.40      5.70   20.95   1078246.0
 2024 10 10 19 45 00 000  -24.13    12.46   -19.07  -673.40     47.40      5.70   20.95   1078246.0
 2024 10 10 19 46 00 000  -24.88    16.94   -16.66  -677.60     52.00     -9.80   22.22   1392866.0
 2024 10 10 19 47 00 000  -21.61    17.12   -13.06  -652.30     84.90     -5.10   22.78   1782717.0
 2024 10 10 19 48 00 000  -21.73    15.74   -12.77  -678.00     42.50     22.10   23.13   1511535.0
 2024 10 10 19 49 00 000  -21.23    14.94   -13.89  -684.10     32.90     26.50   23.16   1438547.0
 2024 10 10 19 50 00 000  -21.35    14.90   -12.97  -684.10     32.90     26.50   23.16   1438547.0
 2024 10 10 19 51 00 000  -22.12    14.05    -9.48  -690.70     39.20     29.80   23.42   1341358.0
 2024 10 10 19 52 00 000  -22.63    13.47    -9.57  -690.70     39.20     29.80   23.42   1341358.0
 2024 10 10 19 53 00 000  -24.12    12.07   -10.85  -687.80     33.20     36.60   24.87   1506091.0
 2024 10 10 19 54 00 000  -24.59    11.55   -12.09  -686.20     29.90     40.30   25.67   1595612.0
 2024 10 10 19 55 00 000  -24.51    10.03   -13.37  -686.20     29.90     40.30   25.67   1595612.0
 2024 10 10 19 56 00 000  -26.76     9.15   -14.17  -686.20     29.90     40.30   25.67   1595612.0
 2024 10 10 19 58 00 000  -27.42     9.78   -15.83  -686.20     29.90     40.30   25.67   1595612.0
 2024 10 10 19 59 00 000  -25.96     8.34   -15.53  -686.20     29.90     40.30   25.67   1595612.0
 2024 10 10 20 00 00 000  -23.84     6.74   -16.67  -693.00     33.00     21.60   23.84   1564327.0
 2024 10 10 20 01 00 000  -22.36     8.27   -14.98  -693.00     33.00     21.60   23.84   1564327.0
 2024 10 10 20 02 00 000  -21.90     9.59   -14.13  -693.00     33.00     21.60   23.84   1564327.0
 2024 10 10 20 03 00 000  -23.70     4.82   -17.36  -671.10     43.90     14.60   23.31   1446020.0
 2024 10 10 20 04 00 000  -23.58     1.05   -17.46  -678.00     46.50     10.10   22.89   1358902.0
 2024 10 10 20 05 00 000  -21.61    -6.35   -18.68  -678.70     46.40     14.10   21.81   1147442.0
 2024 10 10 20 06 00 000  -24.96     3.66   -21.13  -675.90     39.00     18.40   21.46   1035120.0
 2024 10 10 20 07 00 000  -22.91    -8.50   -21.00  -664.10      1.90     11.40   22.88    871466.0
 2024 10 10 20 08 00 000  -13.88   -27.32   -15.46  -659.00     51.10     37.40   27.60    546486.0
 2024 10 10 20 09 00 000  -15.29   -22.77   -16.07  -657.70     49.80     28.30   29.46   1274259.0
 2024 10 10 20 10 00 000  -18.15   -15.65   -20.56  -653.50     54.70     42.50   30.01    999857.0
 2024 10 10 20 11 00 000  -19.61     3.23   -20.69  -653.50     54.70     42.50   30.01    999857.0
 2024 10 10 20 12 00 000  -17.79    11.86   -21.55  -650.70     63.00     33.00   27.58   1219824.0
 2024 10 10 20 13 00 000  -15.87    17.69   -18.29  -643.70     46.50     54.20   27.19   1104005.0
 2024 10 10 20 14 00 000  -14.77    22.37   -14.87  -634.20     28.60     64.20   28.18   1077792.0
 2024 10 10 20 15 00 000  -16.86     9.33   -22.13  -634.20     28.60     64.20   28.18   1077792.0
 2024 10 10 20 16 00 000  -17.07    11.19   -21.26  -646.00     12.80     52.60   31.43    918568.0
 2024 10 10 20 17 00 000  -17.23    13.10   -20.49  -641.80     10.80     63.60   31.31    963638.0
 2024 10 10 20 18 00 000  -21.42     2.34   -23.81  -654.10    -20.00     59.80   32.11   1124003.0
 2024 10 10 20 19 00 000  -22.50     4.30   -23.20  -655.60    -22.10     58.10   32.19   1130557.0
 2024 10 10 20 20 00 000  -21.53     4.80   -24.35  -644.60     37.50     55.40   30.47    881394.0
 2024 10 10 20 21 00 000  -23.62     4.06   -22.30  -642.80     38.50     61.00   28.66    773795.0
 2024 10 10 20 22 00 000  -23.93     2.58   -21.80  -645.60     33.70     66.50   27.91    676783.0
 2024 10 10 20 23 00 000  -23.20     1.49   -22.06  -647.70     30.80     67.70   28.08    658149.0
 2024 10 10 20 24 00 000  -23.10   -10.31   -20.04  -650.40     37.50     54.40   27.16    522140.0
 2024 10 10 20 25 00 000  -22.90    -4.59   -22.35  -651.50     39.70     55.40   27.28    586636.0
 2024 10 10 20 26 00 000  -22.33    -6.31   -22.45  -657.60     51.60     59.80   27.82    914109.0
 2024 10 10 20 27 00 000  -21.32    -0.57   -22.12  -677.70     99.00      1.10   24.02    665083.0
 2024 10 10 20 28 00 000  -21.10     2.82   -19.35  -661.30     59.90     43.20   27.08    645354.0
 2024 10 10 20 29 00 000  -22.55     4.70   -17.78  -664.80     15.20     25.40   31.97   1039061.0
 2024 10 10 20 30 00 000  -22.11     2.18   -18.62  -665.50     14.10     25.20   31.96   1039330.0
 2024 10 10 20 31 00 000  -22.11     4.30   -18.69  -677.90     -3.40     22.70   31.58   1030330.0
 2024 10 10 20 32 00 000  -24.23    -0.27   -14.82  -677.40     -4.80     32.80   31.40   1081263.0
 2024 10 10 20 33 00 000  -24.57     5.30   -14.16  -677.20     -5.30     36.00   31.33   1097717.0
 2024 10 10 20 34 00 000  -11.80    15.34   -18.91  -670.90    -33.60     29.90   30.86    960498.0
 2024 10 10 20 35 00 000   -6.94    18.79   -22.05  -670.90    -33.60     29.90   30.86    960498.0
 2024 10 10 20 36 00 000   -6.44    18.29   -20.20  -676.00    -21.80     27.10   30.06    894599.0
 2024 10 10 20 37 00 000   -4.54    22.41   -21.51  -680.20    -11.90     24.80   29.39    839549.0
 2024 10 10 20 38 00 000   -8.52    17.31   -19.05  -680.90     -6.70     24.90   27.43    854538.0
 2024 10 10 20 39 00 000   -3.60    24.49   -17.20  -680.90     -6.40     24.90   27.33    855301.0
 2024 10 10 20 40 00 000   -2.05    25.78   -14.50  -672.50     -5.70     26.20   30.01    849556.0
 2024 10 10 20 41 00 000    2.86    29.09    -8.91  -672.50     -5.70     26.20   30.01    849556.0
 2024 10 10 20 42 00 000   -7.34     3.92   -14.45  -668.10    -23.30     14.60   31.87   1091208.0
 2024 10 10 20 43 00 000  -17.83   -12.98   -17.40  -665.30      7.10     27.10   33.26    930526.0
 2024 10 10 20 44 00 000  -17.50   -13.53   -18.04  -661.40     34.40     40.60   34.48    778671.0
 2024 10 10 20 45 00 000  -15.85    -9.31   -21.61  -659.30     30.70     43.10   34.27    784879.0
 2024 10 10 20 46 00 000  -15.33    -8.93   -22.81  -659.30     30.70     43.10   34.27    784879.0
 2024 10 10 20 47 00 000  -15.51   -10.82   -18.45  -676.20     16.50     47.00   33.49    717482.0
 2024 10 10 20 48 00 000  -12.12    -6.77   -21.61  -669.20     23.00     45.10   34.69    751586.0
 2024 10 10 20 49 00 000  -13.07   -12.79   -16.92  -648.20     46.50     48.10   38.06    815244.0
 2024 10 10 20 50 00 000  -13.63   -20.37    -9.38  -646.90     53.90     60.50   37.95    765703.0
 2024 10 10 20 51 00 000  -13.21   -20.63    -8.02  -666.90     38.90     40.00   35.71    650598.0
 2024 10 10 20 52 00 000  -10.12   -19.51    -4.94  -666.90     38.90     40.00   35.71    650598.0
 2024 10 10 20 53 00 000  -11.11   -20.35    -2.97  -668.70     50.50     30.20   39.08    726736.0
 2024 10 10 20 54 00 000  -10.98   -12.08    -9.24  -668.70     50.50     30.20   39.08    726736.0
 2024 10 10 20 55 00 000  -11.43     4.95   -19.82  -662.90     38.40     43.60   41.02    818306.0
 2024 10 10 20 56 00 000   -8.03    12.08   -17.40  -667.00     33.80     43.00   41.13    817501.0
 2024 10 10 20 57 00 000  -11.47     6.20   -20.25  -677.30     22.20     41.60   41.40    815492.0
 2024 10 10 20 58 00 000  -10.07     5.85   -20.79  -677.30     22.20     41.60   41.40    815492.0
 2024 10 10 20 59 00 000  -11.23     4.96   -20.55  -677.30     22.20     41.60   41.40    815492.0
 2024 10 10 21 00 00 000  -10.71     4.46   -22.67  -671.40     25.30     22.80   40.81    764342.0
 2024 10 10 21 01 00 000   -9.80     2.56   -23.42  -671.30     25.50     23.20   40.81    764091.0
 2024 10 10 21 02 00 000  -13.25     3.18   -20.49  -668.80     30.90     34.60   40.79    756204.0
 2024 10 10 21 03 00 000  -13.11     5.48   -18.62  -668.80     30.90     34.60   40.79    756204.0
 2024 10 10 21 04 00 000  -11.52     4.16   -19.65  -668.80     30.90     34.60   40.79    756204.0
 2024 10 10 21 05 00 000  -11.32     1.20   -21.84  -668.80     30.90     34.60   40.79    756204.0
 2024 10 10 21 06 00 000  -10.98    12.54   -11.83  -668.80     30.90     34.60   40.79    756204.0
 2024 10 10 21 07 00 000  -11.42     9.92   -14.87  -664.40     29.10     12.10   39.88    921035.0
 2024 10 10 21 08 00 000   -9.35    12.52    -8.53  -664.40     25.50     12.50   39.85    925398.0
 2024 10 10 21 09 00 000   -5.68    17.89    -4.52  -666.20    -21.10     11.60   34.04    701757.0
 2024 10 10 21 10 00 000   -5.89    16.85    -4.03  -666.20    -21.10     11.60   34.04    701757.0
 2024 10 10 21 11 00 000   -5.99    17.25    -3.04  -655.90     -8.40     25.10   35.28    786258.0
 2024 10 10 21 12 00 000   -9.65    11.88    -7.25  -655.50     -8.40     26.30   35.51    804581.0
 2024 10 10 21 13 00 000   -8.23    11.59    -6.96  -650.90     -8.80     39.10   38.09   1003401.0
 2024 10 10 21 14 00 000   -7.88    14.33    -5.91  -668.50     -9.70     19.00   36.35    706263.0
 2024 10 10 21 15 00 000   -7.61    15.40    -5.48  -668.50    -28.80     33.30   36.61    803217.0
 2024 10 10 21 16 00 000   -5.85    18.54    -4.94  -668.30    -31.80     35.70   36.67    821121.0
 2024 10 10 21 17 00 000   -6.52    18.11    -4.70  -669.50     -7.30      8.10   33.80    686206.0
 2024 10 10 21 18 00 000   -8.87    16.10    -5.17  -669.50     -7.30      8.10   33.80    686206.0
 2024 10 10 21 19 00 000   -5.66    13.03    -6.22  -669.50     -7.30      8.10   33.80    686206.0
 2024 10 10 21 20 00 000   -4.65    10.36    -9.30  -669.50     -7.30      8.10   33.80    686206.0
 2024 10 10 21 21 00 000   -9.10    15.96    -2.47  -669.50     -7.30      8.10   33.80    686206.0
 2024 10 10 21 22 00 000   -9.53    13.18    -6.88  -649.40     -5.80     30.00   32.13    801505.0
 2024 10 10 21 23 00 000   -9.83    15.09    -5.52  -649.40     -5.80     30.00   32.13    801505.0
 2024 10 10 21 24 00 000  -10.45    14.29    -6.38  -647.40    -10.30     25.90   32.80    728063.0
 2024 10 10 21 25 00 000   -7.99    15.63    -8.01  -663.40    -68.90     15.60   29.34    605712.0
 2024 10 10 21 26 00 000  -10.03    15.74    -6.75  -670.70    -95.60     10.90   27.79    552081.0
 2024 10 10 21 27 00 000   -8.43    14.92    -8.29  -653.10    -35.90     28.80   34.34    920463.0
 2024 10 10 21 28 00 000   -9.33    15.49   -10.36  -653.80    -23.80     35.90   35.12    906706.0
 2024 10 10 21 29 00 000  -11.11    14.68   -10.20  -655.30    -29.50     39.10   31.48    724086.0
 2024 10 10 21 30 00 000  -13.55    11.56   -10.79  -655.30    -29.50     39.10   31.48    724086.0
 2024 10 10 21 31 00 000   -8.45    17.28    -9.28  -633.60      1.80     41.10   30.74    749496.0
 2024 10 10 21 32 00 000   -2.73    22.56    -6.18  -633.10      1.70     50.90   31.87    836773.0
 2024 10 10 21 33 00 000   -5.33    21.48    -8.23  -633.00      1.40     57.70   31.75    832430.0
 2024 10 10 21 34 00 000   -5.34    21.84    -5.79  -633.30      1.10     56.30   30.54    745420.0
 2024 10 10 21 35 00 000   -4.22    20.85    -4.49  -633.30      1.10     56.30   30.54    745420.0
 2024 10 10 21 36 00 000   -6.22    20.76    -8.67  -628.60      7.90     56.60   32.03    797332.0
 2024 10 10 21 37 00 000  -10.45    14.16   -11.44  -628.60      7.90     56.60   32.03    797332.0
 2024 10 10 21 38 00 000   -8.83    11.32   -10.34  -612.90     -2.70     81.00   34.45    921267.0
 2024 10 10 21 39 00 000   -5.89    15.19    -7.72  -612.90     -2.70     81.00   34.45    921267.0
 2024 10 10 21 40 00 000   -4.17    11.05    -7.95  -612.90     -2.70     81.00   34.45    921267.0
 2024 10 10 21 41 00 000   -4.00    10.13    -4.05  -618.40     -6.30     80.40   35.82    959599.0
 2024 10 10 21 42 00 000   -2.75     7.76    -4.66  -623.10    -11.20     72.70   36.63   1005607.0
 2024 10 10 21 43 00 000   -2.14     6.01    -0.38  -629.90    -18.70     61.30   37.62   1112268.0
 2024 10 10 21 44 00 000   -2.30    14.33    -0.77  -634.50      4.10     61.20   37.27   1050728.0
 2024 10 10 21 45 00 000   -4.89     9.80    -8.16  -639.80      4.20     83.40   36.58    982326.0
 2024 10 10 21 46 00 000   -2.25    10.29    -1.74  -640.70     -0.70     93.60   41.63   1219221.0
 2024 10 10 21 47 00 000   -0.41    17.82    -3.00  -640.70     -0.70     93.60   41.63   1219221.0
 2024 10 10 21 48 00 000   -1.03    23.30    -6.18  -690.30    -43.50     10.50   32.63    949855.0
 2024 10 10 21 49 00 000    1.70    23.42    -4.58  -690.30    -43.50     10.50   32.63    949855.0
 2024 10 10 21 50 00 000    1.11    23.44    -4.39  -697.70    -37.60      6.90   31.46    905056.0
 2024 10 10 21 51 00 000    0.96    22.43    -6.55  -700.00    -35.40      0.80   33.18    965158.0
 2024 10 10 21 52 00 000    0.49    25.41    -7.72  -700.00    -35.10     -2.50   34.55   1013034.0
 2024 10 10 21 53 00 000    0.03    25.36   -10.00  -692.00    -41.60     18.90   35.27    903437.0
 2024 10 10 21 54 00 000    1.23    19.01   -15.94  -693.20    -40.00     22.80   35.13    920817.0
 2024 10 10 21 55 00 000    1.73    23.29   -13.76  -700.40    -30.10     46.90   34.27   1029281.0
 2024 10 10 21 56 00 000    1.58    23.53   -11.30  -693.10    -44.10    -11.70   34.99    967340.0
 2024 10 10 21 57 00 000    0.05    28.55     2.34  -693.60    -43.20    -17.20   34.33    953288.0
 2024 10 10 21 58 00 000   -1.07    28.22    -3.45  -703.20    -25.90    -18.80   28.59    897532.0
 2024 10 10 21 59 00 000   -0.95    28.42    -7.03  -703.80    -28.50     -6.90   26.66    876711.0
 2024 10 10 22 00 00 000    1.22    28.71    -9.26  -703.80    -28.60     -6.20   26.55    875561.0
 2024 10 10 22 01 00 000    3.21    31.29   -12.45  -697.00    -31.30    -10.50   23.15    927250.0
 2024 10 10 22 02 00 000    4.33    33.75   -14.74  -697.60    -27.00     -2.10   21.54    835001.0
 2024 10 10 22 03 00 000    2.18    28.06   -19.77  -699.00    -16.60     18.00   17.68    613500.0
 2024 10 10 22 04 00 000    0.71    17.02   -28.87  -699.30     -5.00     14.10   18.49    940643.0
 2024 10 10 22 05 00 000    0.62    16.16   -29.51  -699.60     -4.70     14.80   18.54    944494.0
 2024 10 10 22 06 00 000    1.64    16.77   -30.42  -703.70     -9.80     25.80   18.62    765703.0
 2024 10 10 22 07 00 000    2.30    24.82   -23.16  -711.00    -26.40     10.90   18.34    773193.0
 2024 10 10 22 08 00 000    2.23    32.27     0.97  -713.10    -29.30    -15.90   18.81    781418.0
 2024 10 10 22 09 00 000    1.15    32.39    -2.62  -721.70    -37.50   -173.40   21.86    828184.0
 2024 10 10 22 10 00 000    0.71    34.21    -6.94  -709.90    -25.70   -147.40   21.81    791019.0
 2024 10 10 22 11 00 000   -0.79    34.19    -9.81  -704.00    -19.80   -134.50   21.78    772524.0
 2024 10 10 22 12 00 000    0.81    29.96   -19.72  -700.50    -49.50    -79.10   19.82    908169.0
 2024 10 10 22 13 00 000    0.56    29.65   -21.47  -700.40    -50.40    -77.50   19.76    912199.0
 2024 10 10 22 14 00 000    2.16    30.18   -20.99  -702.60    -48.90    -91.70   19.02    879934.0
 2024 10 10 22 15 00 000    2.01    27.74   -20.98  -708.50    -47.10    -69.60   18.67    840778.0
 2024 10 10 22 16 00 000    3.25    25.69   -17.64  -714.00    -40.50    -45.00   19.23    815056.0
 2024 10 10 22 17 00 000    2.57    30.43     2.57  -715.70     -5.60    -11.50   25.35    879852.0
 2024 10 10 22 18 00 000    2.60    30.43     3.30  -704.70      4.00    -80.20   26.05    871878.0
 2024 10 10 22 19 00 000    3.29    30.82     8.73  -700.00      8.80   -110.40   26.21    864044.0
 2024 10 10 22 20 00 000    3.70    30.54    16.08  -708.40     28.90    -95.90   21.07    712214.0
 2024 10 10 22 21 00 000    2.75    28.96    19.10  -711.10     34.10    -75.30   18.70    876137.0
 2024 10 10 22 22 00 000    2.29    28.06    20.41  -711.80     35.30    -68.30   18.02    940780.0
 2024 10 10 22 23 00 000    2.86    28.98    13.85  -711.00     42.50    -70.90   19.66    916793.0
 2024 10 10 22 24 00 000    3.34    29.70     7.45  -711.00     42.50    -70.90   19.66    916793.0
 2024 10 10 22 25 00 000    2.34    30.40     3.46  -712.80     11.00    -59.10   20.00    855301.0
 2024 10 10 22 26 00 000    2.67    32.69   -10.74  -711.10      9.20    -60.80   19.55    884053.0
 2024 10 10 22 27 00 000    1.92    32.54   -17.87  -700.50     -2.10    -72.00   16.66   1065473.0
 2024 10 10 22 28 00 000    4.05    35.40   -13.02  -724.30      4.70    -92.20   17.25    711048.0
 2024 10 10 22 29 00 000    2.15    32.73   -26.21  -725.00      3.80    -92.20   16.60    695689.0
 2024 10 10 22 30 00 000    3.33    30.81   -29.32  -717.50     -5.10    -82.70   12.37    775873.0
 2024 10 10 22 31 00 000   -2.92    -0.20   -41.53  -717.70     32.70    -40.40   11.44    506124.0
 2024 10 10 22 32 00 000   -3.79    -2.26   -43.37  -707.80     48.90     16.90   21.05    303595.0
 2024 10 10 22 33 00 000   -2.27    -5.87   -42.21  -702.70     54.90     43.90   26.18    215772.0
 2024 10 10 22 34 00 000   -3.17    -6.60   -41.80  -695.20     44.60     26.00   31.19    219692.0
 2024 10 10 22 35 00 000   -5.82    -7.48   -40.54  -695.20     44.60     26.00   31.19    219692.0
 2024 10 10 22 36 00 000   -5.78    -8.60   -41.35  -688.50     42.40     45.90   27.57    235724.0
 2024 10 10 22 37 00 000   -6.17    -6.36   -46.51  -688.50     42.40     45.90   27.56    235647.0
 2024 10 10 22 38 00 000   -5.56    -7.53   -47.04  -691.30     21.30     66.30   11.81     81576.0
 2024 10 10 22 39 00 000   -6.13    -7.69   -45.70  -691.30     21.30     66.30   11.81     81617.0
 2024 10 10 22 40 00 000   -3.89   -10.37   -46.51  -675.00     13.80     36.70    5.26    190610.0
 2024 10 10 22 41 00 000   -3.30   -11.04   -46.33  -675.00     13.80     36.70    5.26    190610.0
 2024 10 10 22 42 00 000   -3.20   -10.39   -46.51  -683.60      9.20     40.70    4.22    155637.0
 2024 10 10 22 43 00 000   -3.42   -11.40   -46.12  -685.40      6.70     41.40    4.20    151919.0
 2024 10 10 22 44 00 000   -3.85   -10.70   -45.72  -694.90     -6.70     44.80    4.08    132283.0
 2024 10 10 22 45 00 000   -4.47   -10.21   -45.48  -692.70      8.00     45.70    3.84    147200.0
 2024 10 10 22 46 00 000   -5.64    -9.31   -45.11  -692.00     12.40     46.00    3.78    151674.0
 2024 10 10 22 47 00 000  -11.69    -5.93   -43.06  -698.60     13.20     57.90    4.43    211504.0
 2024 10 10 22 48 00 000  -10.60    -7.54   -43.19  -702.20     13.70     64.50    4.79    244720.0
 2024 10 10 22 49 00 000   -8.88    -9.36   -43.14  -702.20     13.70     64.50    4.79    244720.0
 2024 10 10 22 50 00 000   -8.12    -9.73   -43.71  -692.00      0.80     72.80    4.86    272152.0
 2024 10 10 22 51 00 000   -8.25   -10.30   -43.93  -692.00      0.80     72.80    4.86    272152.0
 2024 10 10 22 52 00 000   -7.51   -10.44   -43.46  -692.00      0.80     72.80    4.86    272152.0
 2024 10 10 22 53 00 000   -6.19    -9.78   -43.78  -676.20     -8.40     44.10    4.69    282143.0
 2024 10 10 22 54 00 000   -6.17   -10.61   -43.60  -676.20     -8.40     44.10    4.69    282143.0
 2024 10 10 22 55 00 000   -7.67   -12.03   -42.63  -676.20     -8.40     44.10    4.69    282143.0
 2024 10 10 22 56 00 000   -2.65   -10.10   -45.04  -662.60     25.30     15.90    3.33    145142.0
 2024 10 10 22 57 00 000   -3.24   -10.33   -45.72  -662.60     25.30     15.90    3.33    145142.0
 2024 10 10 22 58 00 000   -2.15    -9.17   -45.85  -667.80      1.10     32.60    3.32    186494.0
 2024 10 10 22 59 00 000   -1.86    -9.75   -45.67  -667.90      0.60     32.90    3.32    187296.0
 2024 10 10 23 00 00 000   -0.65   -10.57   -45.67  -667.90      0.60     32.90    3.32    187296.0
 2024 10 10 23 01 00 000    0.90    -9.16   -45.76  -667.90      0.60     32.90    3.32    187296.0
 2024 10 10 23 02 00 000    0.49    -7.99   -45.89  -631.50     -1.00     39.30    3.67    239439.0
 2024 10 10 23 03 00 000    1.47    -9.81   -44.65  -631.50     -1.00     39.30    3.67    239439.0
 2024 10 10 23 04 00 000   -0.79    -9.93   -44.60  -631.50     -1.00     39.30    3.67    239439.0
 2024 10 10 23 05 00 000   -5.38    -7.93   -44.78  -631.50     -1.00     39.30    3.67    239439.0
 2024 10 10 23 06 00 000    0.63    -7.57   -45.02  -631.50     -1.00     39.30    3.67    239439.0
 2024 10 10 23 07 00 000    0.67   -10.20   -45.06  -631.50     -1.00     39.30    3.67    239439.0
 2024 10 10 23 08 00 000    4.35   -11.71   -44.61  -631.50     -1.00     39.30    3.67    239439.0
 2024 10 10 23 09 00 000    3.67   -11.41   -44.60  -640.70    -11.30     30.40    4.14    194158.0
 2024 10 10 23 10 00 000    2.62   -10.30   -44.60  -640.70    -11.30     30.40    4.14    194158.0
 2024 10 10 23 11 00 000    1.30    -9.96   -44.75  -640.70    -11.30     30.40    4.14    194158.0
 2024 10 10 23 12 00 000    0.77    -9.86   -44.64  -640.70    -11.30     30.40    4.14    194158.0
 2024 10 10 23 13 00 000    2.27    -9.44   -44.50  -640.70    -11.30     30.40    4.14    194158.0
 2024 10 10 23 14 00 000    2.65    -8.96   -44.23  -645.10    -20.60     40.40    3.76    139857.0
 2024 10 10 23 15 00 000    1.42    -7.59   -42.88  -655.90    -31.80     81.80    7.52    123763.0
 2024 10 10 23 16 00 000    1.67    -7.56   -43.12  -653.20    -39.00     93.10    7.88    114406.0
 2024 10 10 23 17 00 000    1.09    -7.25   -43.13  -650.60    -30.30     65.10    7.35    182994.0
 2024 10 10 23 18 00 000    1.25    -7.15   -42.15  -682.30    -16.80     73.80    9.41    110133.0
 2024 10 10 23 19 00 000    2.79    -7.21   -41.98  -688.10    -35.70     77.50   11.24    104811.0
 2024 10 10 23 20 00 000    2.17    -6.25   -42.37  -689.10    -32.70     85.10   11.17    104856.0
 2024 10 10 23 21 00 000    3.22    -9.56   -40.96  -690.80    -32.60     89.10   11.12    105578.0
 2024 10 10 23 22 00 000    4.74   -14.00   -39.95  -696.30    -42.70     91.90   10.89    110775.0
 2024 10 10 23 23 00 000    3.73   -13.54   -40.48  -699.30    -48.60     97.70   10.12    112176.0
 2024 10 10 23 24 00 000    4.79   -11.87   -40.90  -683.90    -52.50    101.00    8.84     74282.0
 2024 10 10 23 25 00 000    4.62    -8.49   -41.52  -684.40    -51.20    100.50    8.92     77049.0
 2024 10 10 23 26 00 000    3.89    -7.11   -41.94  -691.90    -32.30     93.20   10.12    117680.0
 2024 10 10 23 27 00 000    3.51    -8.30   -42.23  -690.60    -27.70     89.20    9.34    106172.0
 2024 10 10 23 28 00 000    3.22   -10.21   -41.85  -690.50    -27.20     88.80    9.26    104951.0
 2024 10 10 23 29 00 000    2.25   -11.31   -41.19  -687.20    -31.20     79.30    9.70    115008.0
 2024 10 10 23 30 00 000    3.28   -11.04   -41.32  -688.10    -30.00     78.00    9.52    110864.0
 2024 10 10 23 31 00 000    5.30   -11.21   -41.11  -690.80    -26.40     73.50    8.98     97696.0
 2024 10 10 23 32 00 000    4.68   -12.01   -40.95  -699.00    -29.10     45.60    8.56     64198.0
 2024 10 10 23 33 00 000    4.25   -11.88   -40.93  -699.00    -29.10     45.50    8.56     64061.0
 2024 10 10 23 34 00 000    4.13   -12.88   -40.54  -685.00    -34.20     76.30    9.21    108508.0
 2024 10 10 23 35 00 000    4.06   -13.19   -40.41  -685.00    -34.20     76.30    9.21    108515.0
 2024 10 10 23 36 00 000    4.65   -15.71   -39.58  -686.50    -36.50     72.70    8.61    114113.0
 2024 10 10 23 37 00 000    5.73   -16.15   -38.88  -690.50    -24.80     82.10    8.29    108241.0
 2024 10 10 23 38 00 000    5.88   -15.85   -39.20  -692.20    -19.50     81.10    7.20    111152.0
 2024 10 10 23 39 00 000    5.58   -15.59   -39.48  -693.90    -16.80     77.70    6.68    118836.0
 2024 10 10 23 40 00 000    5.60   -14.11   -40.00  -694.10    -16.10     77.70    6.69    120475.0
 2024 10 10 23 41 00 000    7.11   -14.23   -39.82  -688.50    -17.40     78.80    6.45    140265.0
 2024 10 10 23 42 00 000    6.70   -12.32   -40.72  -688.50    -17.40     78.80    6.45    140265.0
 2024 10 10 23 43 00 000    6.69   -11.63   -41.03  -681.80    -34.60     69.80    5.19    154068.0
 2024 10 10 23 44 00 000    6.28   -11.18   -41.29  -690.30    -33.30     48.90    4.69    124875.0
 2024 10 10 23 45 00 000    5.24    -7.79   -42.31  -695.20    -29.90     40.20    4.35    115168.0
 2024 10 10 23 46 00 000    5.99    -7.55   -42.42  -689.60    -18.50     70.40    4.38    168090.0
 2024 10 10 23 47 00 000    6.61    -7.49   -42.21  -689.60    -18.50     70.40    4.38    168090.0
 2024 10 10 23 48 00 000    6.47    -5.94   -42.63  -689.60    -18.50     70.40    4.38    168090.0
 2024 10 10 23 49 00 000    6.59    -5.56   -42.60  -689.60    -18.50     70.40    4.38    168090.0
 2024 10 10 23 50 00 000    6.37    -6.96   -42.47  -684.00     -9.70     34.60    2.79    127795.0
 2024 10 10 23 51 00 000    6.41    -6.58   -42.52  -684.00     -9.70     34.60    2.79    127795.0
 2024 10 10 23 52 00 000    6.77    -6.83   -42.35  -685.40    -25.60     35.80    2.66    147758.0
 2024 10 10 23 53 00 000    7.10    -6.12   -42.38  -686.60    -33.60     35.40    2.66    161655.0
 2024 10 10 23 54 00 000    6.93    -6.28   -42.36  -692.90    -34.50     38.60    2.40    159736.0
 2024 10 10 23 55 00 000    7.17    -5.75   -42.21  -702.30    -29.20     46.30    1.85    137540.0
 2024 10 10 23 56 00 000    7.43    -7.25   -42.01  -700.50    -56.90     37.10    1.94    129245.0
 2024 10 10 23 57 00 000    7.68    -7.12   -41.90  -699.80    -55.50     39.50    1.96    136340.0
 2024 10 10 23 58 00 000    7.89    -6.38   -41.93  -703.00    -51.20     46.80    1.90    156640.0
 2024 10 10 23 59 00 000    8.05    -6.89   -41.73  -715.00    -52.60     43.50    1.65    145680.0
 2024 10 11 00 00 00 000    8.17    -6.58   -41.51  -716.70    -28.90     47.80    1.98    177334.0
 2024 10 11 00 01 00 000    7.97    -6.47   -41.55  -716.30    -39.70     45.60    1.86    168118.0
 2024 10 11 00 02 00 000    7.97    -6.59   -41.47  -717.80    -44.80     44.90    1.80    150027.0
 2024 10 11 00 03 00 000    7.74    -6.01   -41.37  -713.20    -42.50     46.20    2.01    173176.0
 2024 10 11 00 04 00 000    8.00    -5.84   -41.20  -711.50    -34.40     47.00    2.12    179757.0
 2024 10 11 00 05 00 000    8.60    -5.57   -40.97  -710.80    -26.10     47.90    2.20    183146.0
 2024 10 11 00 06 00 000    8.76    -5.37   -40.89  -710.80    -26.10     47.90    2.20    183146.0
 2024 10 11 00 07 00 000    8.88    -5.40   -40.80  -704.30    -45.00     60.00    2.75    190135.0
 2024 10 11 00 08 00 000    9.29    -4.99   -40.65  -704.30    -45.00     60.00    2.75    190135.0
 2024 10 11 00 09 00 000   10.27    -4.79   -40.35  -704.30    -45.00     60.00    2.75    190135.0
 2024 10 11 00 10 00 000   10.00    -4.96   -40.34  -704.30    -45.00     60.00    2.75    190135.0
 2024 10 11 00 11 00 000   10.32    -5.03   -40.28  -698.00    -36.00     66.20    2.81    200794.0
 2024 10 11 00 12 00 000    9.90    -5.19   -40.31  -698.00    -36.00     66.20    2.81    200794.0
 2024 10 11 00 13 00 000    9.82    -5.33   -40.32  -698.00    -36.00     66.20    2.81    200794.0
 2024 10 11 00 14 00 000    9.75    -5.30   -40.38  -715.90    -33.00     35.90    2.23    130872.0
 2024 10 11 00 15 00 000    9.44    -5.18   -40.39  -715.90    -33.00     35.90    2.23    130872.0
 2024 10 11 00 16 00 000    9.55    -4.93   -40.38  -715.90    -33.00     35.90    2.23    130872.0
 2024 10 11 00 17 00 000    9.60    -5.03   -40.34  -715.90    -33.00     35.90    2.23    130872.0
 2024 10 11 00 18 00 000    9.52    -4.97   -40.30  -715.90    -33.00     35.90    2.23    130872.0
 2024 10 11 00 19 00 000    9.36    -4.95   -40.31  -709.80    -33.90     66.80    2.79    174268.0
 2024 10 11 00 20 00 000    9.11    -4.88   -40.37  -709.80    -33.90     66.80    2.79    174268.0
 2024 10 11 00 21 00 000    9.53    -4.78   -40.23  -709.80    -33.90     66.80    2.79    174268.0
 2024 10 11 00 22 00 000    9.70    -4.65   -40.19  -705.60    -37.10     71.00    2.77    157731.0
 2024 10 11 00 23 00 000    9.91    -5.10   -40.05  -705.60    -37.10     71.00    2.77    157731.0
 2024 10 11 00 24 00 000   10.30    -5.65   -39.81  -705.60    -37.10     71.00    2.77    157731.0
 2024 10 11 00 25 00 000   10.35    -4.29   -39.92  -706.30    -28.20     76.00    3.08    196151.0
 2024 10 11 00 26 00 000   10.29    -3.75   -40.00  -706.30    -28.20     76.00    3.08    196151.0
 2024 10 11 00 27 00 000    9.78    -3.73   -40.10  -702.90    -32.20     68.50    2.79    227786.0
 2024 10 11 00 28 00 000    9.49    -2.89   -40.26  -702.90    -32.20     68.50    2.79    227786.0
 2024 10 11 00 29 00 000    9.99    -1.82   -40.14  -702.90    -32.20     68.50    2.79    227786.0
 2024 10 11 00 30 00 000    9.83    -2.65   -39.91  -702.90    -32.20     68.50    2.79    227786.0
 2024 10 11 00 31 00 000   10.80    -5.56   -39.15  -702.90    -32.20     68.50    2.79    227786.0
 2024 10 11 00 32 00 000   11.37    -8.14   -38.39  -702.90    -32.20     68.50    2.79    227786.0
 2024 10 11 00 33 00 000   11.24    -8.03   -38.00  -699.50    -16.70     63.20    5.53    181485.0
 2024 10 11 00 34 00 000   10.56    -7.42   -37.91  -700.30    -20.10     65.50    5.76    192379.0
 2024 10 11 00 35 00 000    8.75    -4.09   -38.05  -703.60    -33.70     74.70    6.65    235195.0
 2024 10 11 00 36 00 000    9.59    -5.04   -37.87  -681.40    -52.40     38.00    6.99    243277.0
 2024 10 11 00 37 00 000   11.41    -8.86   -33.62  -688.30    -55.10     42.80   12.78    203105.0
 2024 10 11 00 38 00 000   10.14    -7.50   -34.15  -697.20    -57.50     50.00   19.66    155944.0
 2024 10 11 00 39 00 000    8.09    -3.43   -35.48  -697.60    -53.90     41.30   16.82    183879.0
 2024 10 11 00 40 00 000    8.34    -3.34   -35.68  -697.60    -53.90     41.30   16.82    183879.0
 2024 10 11 00 41 00 000    5.98     2.28   -37.20  -713.20      7.00     31.80   10.42    203522.0
 2024 10 11 00 42 00 000    7.78    -1.90   -37.91  -713.20      7.00     31.80   10.42    203522.0
 2024 10 11 00 43 00 000    7.76    -0.87   -38.14  -706.70     -7.20     37.10   10.20    259826.0
 2024 10 11 00 44 00 000    6.82    -0.14   -38.01  -706.40     -7.90     37.40   10.19    262501.0
 2024 10 11 00 45 00 000    7.21    -0.05   -37.67  -701.90    -16.90     26.00    8.93    205617.0
 2024 10 11 00 46 00 000    6.60    -1.26   -37.41  -697.30    -22.30     29.10    9.30    206258.0
 2024 10 11 00 47 00 000    6.43    -0.92   -37.10  -695.90    -22.20     28.70   11.24    231734.0
 2024 10 11 00 48 00 000    5.27    -1.56   -37.30  -693.00    -22.80     24.80   11.47    240103.0
 2024 10 11 00 49 00 000    4.84    -0.81   -37.61  -692.60    -23.00     24.40   11.47    241117.0
 2024 10 11 00 50 00 000    4.94     1.74   -37.49  -696.10     -5.10     31.30    9.26    184747.0
 2024 10 11 00 51 00 000    4.61     1.73   -37.42  -696.10     -4.90     31.20    9.30    184440.0
 2024 10 11 00 52 00 000    4.38     0.56   -37.23  -696.00      4.50     28.30   11.09    170265.0
 2024 10 11 00 53 00 000    4.77    -7.97   -36.60  -696.00      4.50     28.30   11.09    170265.0
 2024 10 11 00 54 00 000    5.37    -9.62   -36.30  -696.00      4.50     28.30   11.09    170265.0
 2024 10 11 00 55 00 000    5.26   -11.36   -35.99  -694.50    -15.30     49.90    8.35    194364.0
 2024 10 11 00 56 00 000    5.27   -12.30   -35.80  -694.50    -15.30     49.90    8.35    194364.0
 2024 10 11 00 57 00 000    4.60   -16.73   -34.32  -695.90     -2.90     44.90    8.26    182448.0
 2024 10 11 00 58 00 000    4.32   -19.72   -32.69  -695.90     -2.80     44.90    8.26    182348.0
 2024 10 11 00 59 00 000    3.96   -28.04   -26.16  -694.50     -5.60     37.40    9.07    225342.0
 2024 10 11 01 00 00 000    4.23   -30.14   -23.58  -694.50     -5.60     37.40    9.07    225342.0
 2024 10 11 01 01 00 000    4.99   -27.76   -26.13  -699.50     -4.10     38.00    5.86    198154.0
 2024 10 11 01 02 00 000    5.89   -26.48   -27.24  -696.80     -7.70     33.20    5.68    194024.0
 2024 10 11 01 03 00 000    6.12   -26.74   -26.91  -693.80    -11.70     27.80    5.47    189389.0
 2024 10 11 01 04 00 000    4.40   -28.38   -25.58  -693.80    -11.70     27.80    5.47    189389.0
 2024 10 11 01 05 00 000    4.75   -28.02   -25.83  -693.20     12.90     27.70    6.10    173231.0
 2024 10 11 01 06 00 000    4.83   -27.21   -26.13  -695.70     12.40     32.80    6.27    188976.0
 2024 10 11 01 07 00 000    5.74   -26.18   -26.71  -701.40      4.70     47.00    6.66    207305.0
 2024 10 11 01 08 00 000    4.64   -26.78   -25.52  -692.70     13.00     25.80    7.53    170749.0
 2024 10 11 01 09 00 000    3.66   -26.57   -25.28  -693.10     19.10     32.40    8.11    168610.0
 2024 10 11 01 10 00 000    3.54   -26.49   -25.66  -695.10     22.40     42.00    8.54    168217.0
 2024 10 11 01 11 00 000    3.03   -26.80   -25.42  -695.10     22.40     42.00    8.54    168217.0
 2024 10 11 01 12 00 000    2.65   -26.84   -25.50  -690.50     18.70     36.70    8.04    164790.0
 2024 10 11 01 13 00 000    2.86   -26.80   -25.51  -690.50     18.70     36.70    8.04    164790.0
 2024 10 11 01 14 00 000    2.64   -26.85   -25.44  -690.50     18.70     36.70    8.04    164790.0
 2024 10 11 01 15 00 000    5.94   -25.92   -25.20  -682.60     15.80     25.70    9.02    115801.0
 2024 10 11 01 16 00 000    7.48   -25.35   -25.18  -682.60     15.80     25.70    9.02    115801.0
 2024 10 11 01 17 00 000    6.14   -25.64   -25.27  -682.60     15.80     25.70    9.02    115801.0
 2024 10 11 01 18 00 000    5.76   -25.85   -25.03  -682.60     15.80     25.70    9.02    115801.0
 2024 10 11 01 19 00 000    5.46   -25.56   -25.39  -681.60     23.30     48.00   11.35    162901.0
 2024 10 11 01 20 00 000    5.04   -26.12   -24.87  -681.60     23.30     48.00   11.35    162901.0
 2024 10 11 01 21 00 000    5.15   -25.90   -26.19  -679.10     14.80     31.80    8.85    154535.0
 2024 10 11 01 22 00 000    6.31   -25.18   -26.37  -679.10     14.80     31.80    8.85    154535.0
 2024 10 11 01 23 00 000    6.53   -24.76   -26.14  -678.10     31.40     35.50   10.21    147702.0
 2024 10 11 01 24 00 000    7.30   -24.22   -26.41  -677.70     37.20     36.80   10.69    145320.0
 2024 10 11 01 25 00 000    7.05   -23.74   -26.97  -675.30     33.00     40.00   10.28    147941.0
 2024 10 11 01 26 00 000    7.38   -23.16   -27.38  -675.30     33.00     40.00   10.28    147941.0
 2024 10 11 01 27 00 000    7.58   -23.32   -27.56  -674.70     29.90     44.00    9.20    148600.0
 2024 10 11 01 28 00 000    8.01   -23.09   -27.56  -674.70     29.90     44.00    9.20    148600.0
 2024 10 11 01 29 00 000    8.53   -21.53   -28.50  -674.70     29.90     44.00    9.20    148600.0
 2024 10 11 01 30 00 000    7.18   -22.36   -27.55  -671.60     56.80     77.80   10.59    113431.0
 2024 10 11 01 31 00 000    8.07   -15.56   -31.79  -671.60     56.80     77.80   10.59    113431.0
 2024 10 11 01 32 00 000    9.16   -17.75   -30.32  -683.20     22.10     57.20   13.74    144550.0
 2024 10 11 01 33 00 000    8.87   -17.67   -30.27  -683.20     22.10     57.20   13.74    144550.0
 2024 10 11 01 34 00 000    8.76   -19.69   -28.76  -676.20    -30.50     74.40   13.04    122894.0
 2024 10 11 01 35 00 000    9.03   -21.98   -27.21  -676.50    -18.10     69.40   12.33    120526.0
 2024 10 11 01 36 00 000    8.20   -22.67   -27.07  -677.80     27.40     51.10    9.76    111812.0
 2024 10 11 01 37 00 000    7.82   -21.95   -27.66  -671.00     20.80     51.70   11.11     98740.0
 2024 10 11 01 38 00 000    8.71   -21.72   -27.41  -670.70     20.50     51.70   11.18     98111.0
 2024 10 11 01 39 00 000    8.74   -21.45   -27.55  -670.30     27.90     48.80    8.82    180170.0
 2024 10 11 01 40 00 000    8.71   -20.54   -28.20  -670.30     28.80     48.50    8.53    190135.0
 2024 10 11 01 41 00 000    9.31   -16.20   -31.08  -670.70      8.70     44.50    9.06    151378.0
 2024 10 11 01 42 00 000    9.82   -17.62   -30.13  -670.70      6.30     44.00    9.12    146846.0
 2024 10 11 01 43 00 000    9.06   -18.05   -30.06  -663.00      7.80     42.20    7.89    183787.0
 2024 10 11 01 44 00 000    9.68   -19.11   -28.86  -663.20      3.40     48.10    8.28    188664.0
 2024 10 11 01 45 00 000    9.62   -18.54   -29.25  -663.60      0.90     51.60    8.58    190142.0
 2024 10 11 01 46 00 000    9.91   -18.25   -29.28  -661.40     12.00     44.10    8.93    195325.0
 2024 10 11 01 47 00 000    8.91   -19.11   -29.15  -661.40     12.00     44.10    8.93    195325.0
 2024 10 11 01 48 00 000    8.92   -19.21   -28.41  -661.60     25.40     64.80    8.88    148840.0
 2024 10 11 01 49 00 000    9.71   -19.34   -27.97  -661.50     25.90     64.10    8.91    152152.0
 2024 10 11 01 50 00 000   10.03   -19.14   -27.96  -660.60     33.30     53.50    9.35    200863.0
 2024 10 11 01 51 00 000    9.72   -19.43   -28.00  -665.20     25.90     55.10    9.14    200105.0
 2024 10 11 01 52 00 000    9.75   -19.17   -28.23  -666.10     24.40     55.50    9.10    199889.0
 2024 10 11 01 53 00 000   10.75   -19.21   -27.71  -667.50      8.40     54.80    9.28    187499.0
 2024 10 11 01 54 00 000   10.57   -18.66   -28.14  -667.50      8.40     54.80    9.28    187499.0
 2024 10 11 01 55 00 000    9.87   -18.46   -28.77  -661.40      7.30     58.60    8.49    157114.0
 2024 10 11 01 56 00 000    9.36   -18.68   -28.78  -661.40      7.30     58.60    8.49    157114.0
 2024 10 11 01 57 00 000   10.13   -18.36   -28.69  -661.10      1.20     57.80    8.47    176026.0
 2024 10 11 01 58 00 000    9.60   -18.50   -28.80  -661.10      1.20     57.80    8.47    176026.0
 2024 10 11 01 59 00 000    9.25   -19.04   -28.53  -646.40      6.40     64.40    8.04    175961.0
 2024 10 11 02 00 00 000   10.18   -18.93   -27.82  -646.40      6.40     64.40    8.04    175961.0
 2024 10 11 02 01 00 000   12.44   -18.03   -27.20  -646.40      6.40     64.40    8.04    175961.0
 2024 10 11 02 02 00 000   11.79   -21.04   -24.99  -658.40     13.20     54.40    8.70    201422.0
 2024 10 11 02 03 00 000    9.56   -19.60   -27.32  -658.40     13.20     54.40    8.70    201422.0
 2024 10 11 02 04 00 000    8.59   -18.96   -28.28  -658.40     12.70     54.20    8.65    202037.0
 2024 10 11 02 05 00 000    8.64   -18.19   -28.91  -659.00      4.90     51.10    7.89    210886.0
 2024 10 11 02 06 00 000    8.36   -17.94   -28.67  -661.00     -6.30     60.80    7.68    224054.0
 2024 10 11 02 07 00 000    8.89   -18.89   -27.83  -661.80    -10.90     64.80    7.60    229422.0
 2024 10 11 02 08 00 000    8.67   -18.67   -28.07  -657.30    -16.00     66.90    7.60    252633.0
 2024 10 11 02 09 00 000    8.50   -18.48   -28.10  -657.30    -16.00     66.90    7.60    252633.0
 2024 10 11 02 10 00 000    8.95   -19.00   -27.32  -649.30    -27.60     88.00    7.42    239287.0
 2024 10 11 02 11 00 000    8.52   -19.79   -26.76  -649.30    -27.60     88.00    7.42    239287.0
 2024 10 11 02 12 00 000   10.46   -22.11   -24.34  -649.60    -38.60     97.90    6.78    211269.0
 2024 10 11 02 13 00 000   10.43   -19.83   -26.17  -649.50    -39.00     97.60    6.71    211788.0
 2024 10 11 02 14 00 000   10.28   -20.05   -25.89  -647.80    -21.20     70.30    6.72    286207.0
 2024 10 11 02 15 00 000   10.32   -21.64   -24.59  -656.50     -6.70     84.00    6.94    251316.0
 2024 10 11 02 16 00 000    8.98   -18.75   -28.04  -658.60     -3.20     87.30    6.99    242953.0
 2024 10 11 02 17 00 000   10.19   -20.49   -26.39  -654.80     -8.60     86.10    6.26    268432.0
 2024 10 11 02 18 00 000   10.40   -18.04   -27.91  -654.80     -8.60     86.10    6.26    268432.0
 2024 10 11 02 19 00 000   10.29   -17.27   -28.34  -638.90     12.30     92.40    7.27    348070.0
 2024 10 11 02 20 00 000    9.93   -15.35   -29.44  -638.90     12.30     92.40    7.27    348070.0
 2024 10 11 02 21 00 000   10.28   -13.18   -29.89  -649.70     70.10     80.00    6.55    283443.0
 2024 10 11 02 22 00 000    9.10   -15.34   -30.05  -659.30     34.90     72.50    5.23    262265.0
 2024 10 11 02 23 00 000   10.14   -15.44   -29.58  -678.30    -15.00     71.70    4.47    265665.0
 2024 10 11 02 24 00 000    9.60   -15.74   -30.23  -669.60    -17.30     58.40    3.67    245593.0
 2024 10 11 02 25 00 000    8.78   -17.35   -29.55  -661.50    -15.50     47.80    2.81    207118.0
 2024 10 11 02 26 00 000    8.91   -17.89   -29.14  -656.50    -12.40     61.00    3.02    234885.0
 2024 10 11 02 27 00 000    8.89   -17.77   -28.92  -660.60    -13.20     64.60    3.02    271789.0
 2024 10 11 02 28 00 000    7.71   -18.26   -28.62  -664.60    -14.20     67.50    3.01    304724.0
 2024 10 11 02 29 00 000    6.42   -18.51   -28.79  -686.00    -34.10     64.20    3.64    341766.0
 2024 10 11 02 30 00 000    6.69   -18.58   -28.46  -686.70    -38.30     58.60    3.76    363892.0
 2024 10 11 02 31 00 000    5.94   -19.63   -27.80  -684.70    -24.50     59.80    4.03    370906.0
 2024 10 11 02 32 00 000    5.53   -19.62   -27.73  -683.80    -18.30     60.90    4.12    371488.0
 2024 10 11 02 33 00 000    5.56   -19.37   -27.81  -693.20    -46.20     45.80    4.08    340948.0
 2024 10 11 02 34 00 000    6.48   -19.03   -27.77  -693.20    -46.20     45.80    4.08    340948.0
 2024 10 11 02 35 00 000    7.84   -18.68   -27.64  -693.20    -46.20     45.80    4.08    340948.0
 2024 10 11 02 36 00 000    7.57   -18.43   -27.87  -690.70    -44.70     45.50    4.28    366009.0
 2024 10 11 02 37 00 000    7.27   -17.97   -28.29  -690.70    -44.70     45.50    4.28    366009.0
 2024 10 11 02 38 00 000    7.20   -18.05   -28.10  -686.00    -54.90     52.80    4.34    427498.0
 2024 10 11 02 39 00 000    6.87   -17.62   -28.67  -685.90    -54.50     51.60    4.28    420569.0
 2024 10 11 02 40 00 000    7.79   -17.90   -28.48  -685.30    -51.50     42.00    3.84    365350.0
 2024 10 11 02 41 00 000    8.73   -16.99   -28.98  -678.10    -41.50     36.70    3.69    259840.0
 2024 10 11 02 42 00 000    9.68   -14.87   -29.78  -678.70    -40.90     36.50    3.64    249882.0
 2024 10 11 02 43 00 000   10.21   -14.33   -29.97  -689.30    -44.40     39.70    3.44    257887.0
 2024 10 11 02 44 00 000   10.22   -14.36   -30.05  -687.10    -25.80     27.00    2.52    421056.0
 2024 10 11 02 45 00 000   10.00   -14.47   -30.00  -678.00    -17.00     29.40    2.52    406101.0
 2024 10 11 02 46 00 000   10.02   -14.84   -29.74  -679.40    -26.60     32.50    2.56    343129.0
 2024 10 11 02 47 00 000   10.14   -14.56   -29.72  -675.60    -15.30     29.90    2.64    373382.0
 2024 10 11 02 48 00 000   10.07   -14.65   -29.68  -673.40    -24.00     31.80    2.74    367949.0
 2024 10 11 02 49 00 000    9.34   -14.65   -29.96  -679.30    -25.20     36.70    3.22    229456.0
 2024 10 11 02 50 00 000   11.14   -13.95   -29.69  -681.40    -24.20     38.80    3.36    191971.0
 2024 10 11 02 51 00 000   12.89   -13.35   -29.28  -669.40     -3.40     47.70    3.19    192100.0
 2024 10 11 02 52 00 000   12.81   -12.92   -29.49  -668.80     -2.30     48.20    3.18    192107.0
 2024 10 11 02 53 00 000   12.43   -12.93   -29.50  -656.10      5.80     51.70    3.76    233238.0
 2024 10 11 02 54 00 000   10.84   -13.53   -29.57  -658.80      5.50     50.40    3.77    238118.0
 2024 10 11 02 55 00 000   10.71   -13.73   -29.48  -661.70      9.40     52.20    3.75    240106.0
 2024 10 11 02 56 00 000   10.61   -14.06   -29.42  -658.50     14.20     56.40    3.66    223138.0
 2024 10 11 02 57 00 000   11.46   -13.26   -29.49  -659.90     12.90     54.00    3.62    218890.0
 2024 10 11 02 58 00 000   11.14   -13.32   -29.58  -659.90     12.90     54.00    3.62    218890.0
 2024 10 11 02 59 00 000   11.01   -14.23   -29.17  -659.90     12.90     54.00    3.62    218890.0
 2024 10 11 03 00 00 000   11.87   -12.62   -29.55  -659.90     12.90     54.00    3.62    218890.0
 2024 10 11 03 01 00 000   11.96   -12.21   -29.61  -659.90     12.90     54.00    3.62    218890.0
 2024 10 11 03 02 00 000   11.30   -13.31   -29.41  -659.90     12.90     54.00    3.62    218890.0
 2024 10 11 03 03 00 000   11.68   -13.20   -29.30  -659.90     12.90     54.00    3.62    218890.0
 2024 10 11 03 04 00 000   11.87   -13.03   -29.24  -659.90     12.90     54.00    3.62    218890.0
 2024 10 11 03 05 00 000   11.63   -13.11   -29.27  -659.70     20.30     75.30    3.23    247189.0
 2024 10 11 03 06 00 000   11.89   -13.23   -28.90  -659.70     20.30     75.30    3.23    247189.0
 2024 10 11 03 07 00 000   11.60   -13.02   -28.72  -637.20     60.30     77.40    3.42    284275.0
 2024 10 11 03 08 00 000   10.73   -13.65   -29.00  -660.10     23.10     75.40    3.29    288837.0
 2024 10 11 03 09 00 000   12.25   -12.48   -28.98  -650.00     24.10     73.70    3.22    233930.0
 2024 10 11 03 10 00 000   11.72   -13.18   -28.89  -638.30     25.00     67.10    3.19    179042.0
 2024 10 11 03 11 00 000   11.28   -14.15   -28.56  -640.00     19.70     72.10    3.31    185617.0
 2024 10 11 03 12 00 000   11.56   -14.04   -28.53  -640.00     19.70     72.10    3.31    185617.0
 2024 10 11 03 13 00 000   11.53   -13.79   -28.79  -652.60     13.40     25.60    3.04    117235.0
 2024 10 11 03 14 00 000   12.16   -13.54   -28.67  -652.60     13.40     25.60    3.04    117235.0
 2024 10 11 03 15 00 000   12.49   -13.41   -28.60  -652.60     13.40     25.60    3.04    117235.0
 2024 10 11 03 16 00 000   12.95   -13.60   -28.32  -652.60     13.40     25.60    3.04    117235.0
 2024 10 11 03 17 00 000   12.80   -13.98   -28.16  -652.60     13.40     25.60    3.04    117235.0
 2024 10 11 03 18 00 000   12.48   -13.55   -28.52  -634.90     16.20     62.50    3.89    205633.0
 2024 10 11 03 19 00 000   12.35   -13.48   -28.75  -634.90     16.20     62.50    3.89    205633.0
 2024 10 11 03 20 00 000   12.60   -13.04   -28.77  -634.90     16.20     62.50    3.89    205633.0
 2024 10 11 03 21 00 000   11.06   -13.45   -29.19  -647.10      7.70     23.60    3.27    200515.0
 2024 10 11 03 22 00 000   10.97   -13.28   -29.29  -647.10      7.70     23.60    3.27    200515.0
 2024 10 11 03 23 00 000   11.49   -13.35   -29.07  -647.10      7.70     23.60    3.27    200515.0
 2024 10 11 03 24 00 000   12.52   -13.18   -28.76  -644.40     28.60     30.40    3.38    195600.0
 2024 10 11 03 25 00 000   12.75   -13.23   -28.65  -644.40     28.60     30.40    3.38    195600.0
 2024 10 11 03 26 00 000   12.53   -13.14   -28.72  -644.40     28.60     30.40    3.38    195600.0
 2024 10 11 03 27 00 000   12.38   -13.19   -28.80  -644.40     28.60     30.40    3.38    195600.0
 2024 10 11 03 28 00 000   12.41   -13.38   -28.74  -644.40     28.60     30.40    3.38    195600.0
 2024 10 11 03 29 00 000   12.50   -13.20   -28.84  -638.80     17.60     32.00    3.56    215844.0
 2024 10 11 03 30 00 000   12.40   -13.30   -28.84  -638.80     17.60     32.00    3.56    215844.0
 2024 10 11 03 31 00 000   11.18   -13.51   -29.09  -638.80     17.60     32.00    3.56    215844.0
 2024 10 11 03 32 00 000   10.42   -13.64   -29.43  -638.00     28.30     40.80    3.53    179964.0
 2024 10 11 03 33 00 000   10.47   -13.90   -29.27  -638.00     28.30     40.80    3.53    179964.0
 2024 10 11 03 34 00 000   10.91   -13.77   -29.17  -638.00     28.30     40.80    3.53    179964.0
 2024 10 11 03 35 00 000   11.39   -13.68   -29.08  -642.70     25.30     42.80    4.07    309551.0
 2024 10 11 03 36 00 000   11.43   -13.33   -29.31  -642.70     25.30     42.80    4.07    309551.0
 2024 10 11 03 37 00 000   11.50   -13.55   -29.23  -642.70     25.30     42.80    4.07    309551.0
 2024 10 11 03 38 00 000   11.77   -13.29   -29.25  -644.90     29.40     44.00    3.78    296196.0
 2024 10 11 03 39 00 000   11.72   -13.43   -29.17  -644.90     29.40     44.00    3.78    296196.0
 2024 10 11 03 40 00 000   11.66   -13.71   -28.97  -644.90     29.40     44.00    3.78    296196.0
 2024 10 11 03 41 00 000   11.60   -13.37   -28.97  -644.90     29.40     44.00    3.78    296196.0
 2024 10 11 03 42 00 000   11.43   -13.55   -29.08  -644.90     29.40     44.00    3.78    296196.0
 2024 10 11 03 43 00 000   11.37   -13.19   -29.36  -622.40     64.80     18.40    3.29    343952.0
 2024 10 11 03 44 00 000   12.21   -12.02   -29.42  -622.40     64.80     18.40    3.29    343952.0
 2024 10 11 03 45 00 000   11.23   -12.74   -29.38  -622.40     64.80     18.40    3.29    343952.0
 2024 10 11 03 46 00 000   13.55   -12.82   -28.36  -630.20     31.40     55.40    4.04    327192.0
 2024 10 11 03 47 00 000   14.92   -13.09   -27.69  -630.20     31.40     55.40    4.04    327192.0
 2024 10 11 03 48 00 000   13.92   -13.23   -28.06  -630.20     31.40     55.40    4.04    327192.0
 2024 10 11 03 49 00 000   14.07   -14.01   -27.63  -634.40     30.40     50.30    3.49    218745.0
 2024 10 11 03 50 00 000   13.73   -13.84   -27.81  -634.40     30.40     50.30    3.49    218745.0
 2024 10 11 03 51 00 000   12.97   -14.23   -27.95  -634.40     30.40     50.30    3.49    218745.0
 2024 10 11 03 52 00 000   13.36   -13.53   -27.88  -634.40     30.40     50.30    3.49    218745.0
 2024 10 11 03 53 00 000   13.60   -13.90   -27.68  -616.70     23.50     29.70    3.19    216495.0
 2024 10 11 03 54 00 000   12.91   -13.75   -28.11  -616.70     23.50     29.70    3.19    216495.0
 2024 10 11 03 55 00 000   12.81   -14.15   -27.85  -614.50     -2.40     40.60    3.53    302580.0
 2024 10 11 03 56 00 000   13.67   -14.01   -27.52  -614.50     -2.40     40.60    3.53    302580.0
 2024 10 11 03 57 00 000   12.54   -14.03   -27.99  -614.50     -2.40     40.60    3.53    302580.0
 2024 10 11 03 58 00 000   11.75   -13.66   -28.58  -614.50     -2.40     40.60    3.53    302580.0
 2024 10 11 03 59 00 000   11.55   -13.53   -28.75  -634.40     20.80     42.10    3.56    235799.0
 2024 10 11 04 00 00 000   12.17   -13.10   -28.69  -634.40     20.80     42.10    3.56    235799.0
 2024 10 11 04 01 00 000   11.95   -13.09   -28.75  -634.40     20.80     42.10    3.56    235799.0
 2024 10 11 04 02 00 000   12.10   -12.91   -28.86  -616.30     26.50     39.80    3.24    186020.0
 2024 10 11 04 03 00 000   11.80   -12.92   -28.99  -618.90     31.00     42.00    3.24    181671.0
 2024 10 11 04 04 00 000   12.02   -12.35   -29.14  -620.20     33.30     48.60    3.04    160938.0
 2024 10 11 04 05 00 000   12.06   -12.12   -29.22  -610.30     16.60     55.80    2.52    126077.0
 2024 10 11 04 06 00 000   12.03   -11.84   -29.33  -610.30     16.60     55.80    2.52    126077.0
 2024 10 11 04 08 00 000   12.47   -12.16   -29.01  -610.30     16.60     55.80    2.52    126077.0
 2024 10 11 04 09 00 000   12.20   -12.20   -29.10  -610.60     -0.50     23.60    3.63    247421.0
 2024 10 11 04 10 00 000   12.69   -12.24   -28.93  -610.60     -0.50     23.60    3.63    247421.0
 2024 10 11 04 11 00 000   11.67   -11.64   -29.65  -610.60     -0.50     23.60    3.63    247421.0
 2024 10 11 04 12 00 000   11.24   -11.22   -30.05  -610.60     -0.50     23.60    3.63    247421.0
 2024 10 11 04 13 00 000   11.14   -11.26   -30.03  -610.60     -0.50     23.60    3.63    247421.0
 2024 10 11 04 14 00 000   10.20   -10.73   -30.50  -618.70     34.80     64.40    3.83    201422.0
 2024 10 11 04 15 00 000   10.46   -10.67   -30.28  -618.70     34.80     64.40    3.83    201422.0
 2024 10 11 04 16 00 000    9.94   -10.91   -30.40  -620.10     27.20     73.20    3.87    197670.0
 2024 10 11 04 17 00 000   10.36   -10.75   -30.32  -620.10     27.20     73.20    3.87    197670.0
 2024 10 11 04 18 00 000   10.40   -10.55   -30.39  -617.30     26.60     79.40    4.20    206198.0
 2024 10 11 04 19 00 000   14.09   -11.75   -28.38  -617.30     26.60     79.40    4.20    206198.0
 2024 10 11 04 20 00 000   14.17   -11.67   -28.46  -613.10     23.20     84.30    4.06    222545.0
 2024 10 11 04 21 00 000   13.59   -11.24   -28.99  -613.20     23.00     84.30    4.06    222105.0
 2024 10 11 04 22 00 000   12.97   -10.44   -29.77  -616.00     17.00     84.30    3.99    207509.0
 2024 10 11 04 23 00 000   12.77    -9.73   -30.18  -616.00      2.90     89.50    3.97    200059.0
 2024 10 11 04 24 00 000   12.25    -9.75   -30.36  -616.00      0.90     90.30    3.97    198986.0
 2024 10 11 04 25 00 000   12.84   -10.09   -29.98  -616.00      0.90     90.30    3.97    198986.0
 2024 10 11 04 26 00 000   13.13   -11.12   -29.39  -616.00      0.90     90.30    3.97    198986.0
 2024 10 11 04 27 00 000   12.65   -10.71   -29.72  -616.00      0.90     90.30    3.97    198986.0
 2024 10 11 04 28 00 000   12.86    -9.96   -30.01  -611.90     11.10     87.10    4.38    206197.0
 2024 10 11 04 29 00 000   13.23   -10.13   -29.86  -615.70     13.20     91.90    3.52    134503.0
 2024 10 11 04 30 00 000   12.64    -9.94   -30.13  -617.10     13.90     93.70    3.20    108303.0
 2024 10 11 04 31 00 000   13.55   -10.98   -29.44  -617.10     13.90     93.70    3.20    108303.0
 2024 10 11 04 32 00 000   13.74   -11.09   -29.32  -617.10     13.90     93.70    3.20    108303.0
 2024 10 11 04 33 00 000   12.95   -10.93   -29.78  -617.10     13.90     93.70    3.20    108303.0
 2024 10 11 04 34 00 000   12.91   -10.57   -29.80  -612.70     19.80     79.30    3.70    202893.0
 2024 10 11 04 35 00 000   15.15    -9.65   -28.37  -616.10     17.30     76.00    3.54    213278.0
 2024 10 11 04 36 00 000   14.64   -10.95   -28.21  -617.40      9.30     76.10    3.58    232727.0
 2024 10 11 04 37 00 000   14.41   -10.31   -28.61  -619.60      9.70     82.10    3.48    205683.0
 2024 10 11 04 38 00 000   14.33    -9.83   -28.93  -617.50     10.90     78.30    3.31    243683.0
 2024 10 11 04 39 00 000   13.77    -9.99   -29.19  -618.10     16.10     81.20    3.32    227828.0
 2024 10 11 04 40 00 000   13.82   -10.09   -29.12  -625.90     19.30     79.20    3.27    246880.0
 2024 10 11 04 41 00 000   14.27   -10.29   -28.77  -625.20     19.00     79.10    3.30    245595.0
 2024 10 11 04 42 00 000   13.87    -9.92   -29.19  -609.70     13.00     77.40    3.86    211215.0
 2024 10 11 04 43 00 000   14.27    -9.74   -29.02  -625.00     16.50     75.80    3.55    205482.0
 2024 10 11 04 44 00 000   14.61    -9.65   -28.75  -615.50     13.30     69.40    3.90    253915.0
 2024 10 11 04 45 00 000   13.36   -10.34   -29.45  -614.40     13.90     75.50    3.70    242038.0
 2024 10 11 04 46 00 000   14.04    -9.77   -29.13  -614.20     14.80     82.50    3.46    225785.0
 2024 10 11 04 47 00 000   14.04    -9.64   -29.16  -623.40     17.80     82.00    3.33    220568.0
 2024 10 11 04 48 00 000   14.81    -9.27   -28.78  -616.00     13.00     76.90    3.66    220343.0
 2024 10 11 04 49 00 000   15.79    -8.62   -28.35  -613.80     11.60     75.30    3.76    220275.0
 2024 10 11 04 50 00 000   16.11    -7.41   -28.65  -613.80     11.60     75.30    3.76    220275.0
 2024 10 11 04 51 00 000   16.06    -7.64   -28.54  -621.10     16.90     71.40    3.63    248040.0
 2024 10 11 04 52 00 000   15.75    -7.89   -28.53  -621.10     16.90     71.40    3.63    248040.0
 2024 10 11 04 53 00 000   15.93    -8.11   -28.22  -621.10     16.90     71.40    3.63    248040.0
 2024 10 11 04 54 00 000   15.55    -9.47   -27.77  -614.30     13.30     68.30    4.73    237236.0
 2024 10 11 04 55 00 000   15.87    -9.01   -27.93  -614.30     13.30     68.30    4.73    237236.0
 2024 10 11 04 56 00 000   16.74   -10.13   -27.23  -632.80     21.10     85.50    4.41    239006.0
 2024 10 11 04 57 00 000   16.56   -10.22   -27.25  -633.20     21.20     86.00    4.38    235925.0
 2024 10 11 04 58 00 000   17.25   -10.99   -26.50  -628.80     18.60     81.60    4.13    210104.0
 2024 10 11 04 59 00 000   17.14   -11.76   -26.16  -635.30     19.50     81.60    3.19    170078.0
 2024 10 11 05 00 00 000   17.36    -8.68   -27.45  -627.30     12.50     79.00    3.44    242574.0
 2024 10 11 05 01 00 000   17.32    -9.37   -27.40  -623.90      8.00     74.90    3.57    243608.0
 2024 10 11 05 02 00 000   17.55    -9.28   -27.18  -616.80     -2.00     64.20    3.83    222765.0
 2024 10 11 05 03 00 000   17.55    -8.83   -27.26  -617.60     -1.60     65.10    3.83    223444.0
 2024 10 11 05 04 00 000   17.15    -9.71   -27.17  -621.20      0.10     69.20    3.85    226525.0
 2024 10 11 05 05 00 000   17.08    -9.50   -27.40  -622.50     -8.70     67.40    3.81    204402.0
 2024 10 11 05 06 00 000   17.19    -9.52   -27.33  -623.40    -14.40     66.20    3.77    190135.0
 2024 10 11 05 07 00 000   17.11   -10.33   -27.02  -626.40    -20.70     69.80    3.58    225789.0
 2024 10 11 05 08 00 000   17.50   -10.29   -26.76  -625.80    -18.30     70.90    3.49    223798.0
 2024 10 11 05 09 00 000   18.31    -9.89   -26.54  -628.40    -19.20     69.30    3.25    232427.0
 2024 10 11 05 10 00 000   18.36   -10.58   -26.21  -631.30    -11.50     62.50    3.34    311084.0
 2024 10 11 05 11 00 000   17.45    -9.64   -27.30  -634.30    -17.10     60.50    2.93    326143.0
 2024 10 11 05 12 00 000   17.88   -10.19   -26.78  -636.10    -20.90     59.50    2.70    332553.0
 2024 10 11 05 13 00 000   17.75   -10.36   -26.84  -638.00    -30.40     57.50    2.64    381222.0
 2024 10 11 05 14 00 000   17.17    -9.76   -27.44  -638.00    -30.40     57.50    2.64    381222.0
 2024 10 11 05 15 00 000   17.12   -10.14   -27.37  -626.70    -39.60     62.00    2.46    338681.0
 2024 10 11 05 16 00 000   17.19    -8.94   -27.39  -632.40    -35.20     59.20    2.57    329602.0
 2024 10 11 05 17 00 000   18.04    -5.38   -27.58  -642.80    -27.10     54.00    2.78    313067.0
 2024 10 11 05 18 00 000   17.64    -6.36   -27.57  -638.50    -13.70     54.60    3.25    308945.0
 2024 10 11 05 19 00 000   18.26    -7.54   -26.77  -635.80     -6.10     49.80    3.26    318854.0
 2024 10 11 05 20 00 000   17.98    -9.02   -26.60  -633.60     -0.20     46.10    3.26    326658.0
 2024 10 11 05 21 00 000   18.33    -9.92   -26.13  -635.00     -3.40     47.70    2.89    357401.0
 2024 10 11 05 22 00 000   18.52    -9.90   -25.97  -634.90     -2.80     47.50    2.88    353957.0
 2024 10 11 05 23 00 000   17.57   -10.52   -26.29  -634.20      5.40     44.60    2.79    304294.0
 2024 10 11 05 24 00 000   17.20   -10.91   -26.39  -633.60      4.30     44.80    2.84    307296.0
 2024 10 11 05 25 00 000   17.50   -10.77   -26.20  -630.10     -1.60     46.00    3.09    323642.0
 2024 10 11 05 26 00 000   17.65   -11.12   -25.95  -632.60     -3.20     47.50    3.08    314988.0
 2024 10 11 05 27 00 000   17.91   -11.37   -25.37  -635.40     -5.00     49.20    3.07    305238.0
 2024 10 11 05 28 00 000   16.89   -11.25   -26.06  -623.50      9.60     35.50    4.87    196965.0
 2024 10 11 05 29 00 000   17.35   -11.97   -25.57  -629.20      0.30     33.60    4.50    207130.0
 2024 10 11 05 30 00 000   16.92   -12.45   -25.57  -633.20     -5.60     32.90    4.11    239013.0
 2024 10 11 05 31 00 000   17.12   -14.03   -24.88  -637.00     -9.40     33.50    3.20    382279.0
 2024 10 11 05 32 00 000   17.31   -14.58   -24.51  -639.00     -9.20     35.30    3.00    374687.0
 2024 10 11 05 33 00 000   16.99   -15.03   -24.34  -642.90     -8.70     38.80    2.61    360103.0
 2024 10 11 05 34 00 000   17.41   -15.20   -23.82  -642.90     -8.70     38.80    2.61    360103.0
 2024 10 11 05 35 00 000   17.27   -15.83   -23.48  -638.50    -15.60     50.30    2.75    311458.0
 2024 10 11 05 36 00 000   16.65   -16.34   -23.62  -638.50    -15.60     50.30    2.75    311458.0
 2024 10 11 05 37 00 000   16.57   -16.92   -23.35  -638.10    -31.90     46.10    2.53    372911.0
 2024 10 11 05 38 00 000   16.45   -16.44   -23.73  -638.10    -31.90     46.10    2.53    372911.0
 2024 10 11 05 39 00 000   16.33   -15.48   -24.41  -638.30    -35.20     40.80    2.52    332241.0
 2024 10 11 05 40 00 000   16.27   -15.92   -24.13  -638.30    -36.30     39.10    2.52    319408.0
 2024 10 11 05 41 00 000   16.17   -15.21   -24.65  -640.20    -41.10     37.20    2.54    330940.0
 2024 10 11 05 42 00 000   16.42   -13.78   -25.16  -640.20    -41.10     37.20    2.54    330940.0
 2024 10 11 05 43 00 000   16.43   -14.23   -24.87  -656.70    -51.70     41.10    2.31    349868.0
 2024 10 11 05 44 00 000   15.99   -14.83   -24.47  -656.40    -47.70     41.50    2.34    339518.0
 2024 10 11 05 45 00 000   15.92   -13.61   -25.14  -659.30    -51.70     44.40    2.29    358625.0
 2024 10 11 05 46 00 000   15.89   -14.07   -24.89  -661.00    -56.10     45.00    2.23    360058.0
 2024 10 11 05 47 00 000   15.83   -14.24   -24.84  -666.00    -53.50     45.20    2.13    339146.0
 2024 10 11 05 48 00 000   15.55   -14.24   -24.95  -661.90    -57.20     46.80    2.22    402768.0
 2024 10 11 05 49 00 000   16.75   -12.45   -25.06  -661.50    -57.20     44.90    2.26    429077.0
 2024 10 11 05 50 00 000   16.41   -14.55   -23.99  -661.50    -57.20     44.90    2.26    429077.0
 2024 10 11 05 51 00 000   16.84   -14.07   -23.77  -661.50    -57.20     44.90    2.26    429077.0
 2024 10 11 05 53 00 000   17.46   -12.37   -24.45  -649.50    -27.50     52.00    2.39    385363.0
 2024 10 11 05 54 00 000   19.93    -7.38   -24.13  -649.50    -27.50     52.00    2.39    385363.0
 2024 10 11 05 55 00 000   22.35    -4.90   -22.45  -649.50    -27.50     52.00    2.39    385363.0
 2024 10 11 05 56 00 000   24.14    -5.24   -18.93  -672.00    -33.10     76.60    4.04    295688.0
 2024 10 11 05 57 00 000   19.89   -11.90   -20.44  -681.80    -42.80     61.30    3.86    401827.0
 2024 10 11 05 58 00 000   15.06    -9.69   -24.44  -698.20    -59.10     35.70    3.58    578910.0
 2024 10 11 05 59 00 000    9.39   -18.02   -21.40  -698.20    -59.10     35.70    3.58    578910.0
 2024 10 11 06 00 00 000    6.22   -20.65   -20.00  -694.60    -63.90     51.90    6.26    521129.0
 2024 10 11 06 01 00 000    6.04   -20.60   -19.73  -694.60    -63.90     51.90    6.26    521129.0
 2024 10 11 06 02 00 000    5.65   -20.90   -19.61  -701.00    -77.00     72.90    6.48    317389.0
 2024 10 11 06 03 00 000    2.74   -23.25   -17.67  -703.10    -78.50     68.20    6.35    320757.0
 2024 10 11 06 04 00 000    6.17   -20.25   -16.11  -705.20    -80.30     53.30    6.28    377211.0
 2024 10 11 06 05 00 000    9.58   -19.11   -14.14  -704.20    -85.80     31.80    6.42    493424.0
 2024 10 11 06 06 00 000    7.29   -19.12   -14.57  -705.80    -92.60     18.60    6.34    540394.0
 2024 10 11 06 07 00 000    6.37   -20.07   -16.28  -705.80    -92.60     18.60    6.34    540394.0
 2024 10 11 06 08 00 000    7.62   -18.17   -15.33  -705.80    -92.60     18.60    6.34    540394.0
 2024 10 11 06 09 00 000    6.17   -18.63   -15.04  -705.80    -92.60     18.60    6.34    540394.0
 2024 10 11 06 10 00 000    4.56   -19.32   -16.03  -705.80    -92.60     18.60    6.34    540394.0
 2024 10 11 06 11 00 000    4.75   -19.20   -15.96  -690.70    -70.10     66.80    7.32    366103.0
 2024 10 11 06 12 00 000    4.19   -19.83   -15.36  -690.70    -70.10     66.80    7.32    366103.0
 2024 10 11 06 13 00 000    4.82   -17.55   -14.31  -690.70    -70.10     66.80    7.32    366103.0
 2024 10 11 06 14 00 000    6.84   -16.38   -14.43  -678.80    -57.80     59.50    8.01    681061.0
 2024 10 11 06 15 00 000    7.22   -15.92   -15.16  -678.80    -57.80     59.50    8.01    681061.0
 2024 10 11 06 16 00 000    6.76   -16.26   -14.85  -676.60    -60.00     62.90    8.06    646839.0
 2024 10 11 06 17 00 000    5.18   -17.04   -14.49  -676.60    -60.00     62.90    8.06    646839.0
 2024 10 11 06 18 00 000    5.41   -16.44   -14.12  -682.30    -86.90     55.40    8.09    644597.0
 2024 10 11 06 19 00 000    3.25   -18.70   -14.25  -693.10    -80.60     64.10    8.37    625758.0
 2024 10 11 06 20 00 000    1.03   -22.50   -11.60  -711.10    -69.30     79.80    8.23    550241.0
 2024 10 11 06 21 00 000    1.08   -24.34    -9.81  -722.50    -74.90     87.00    6.58    431585.0
 2024 10 11 06 22 00 000    3.65   -21.35   -16.67  -730.20    -73.80     79.80    6.31    521338.0
 2024 10 11 06 23 00 000    9.70   -10.34   -21.86  -723.70    -72.80     51.30    5.43    422728.0
 2024 10 11 06 24 00 000   10.49   -18.99   -17.14  -717.70    -68.30     42.00    5.01    308081.0
 2024 10 11 06 25 00 000   10.66   -20.45   -16.93  -702.60    -64.10     52.60    4.96    281153.0
 2024 10 11 06 26 00 000   12.06   -18.17   -18.16  -702.60    -64.10     52.60    4.96    281153.0
 2024 10 11 06 27 00 000   15.03   -13.30   -21.70  -739.90    -84.20     76.90    5.52    354368.0
 2024 10 11 06 28 00 000   16.20   -14.26   -19.06  -740.00    -84.20     77.00    5.52    354524.0
 2024 10 11 06 29 00 000   16.91   -14.32   -19.53  -740.00    -84.20     77.00    5.52    354524.0
 2024 10 11 06 30 00 000   18.27   -12.53   -19.75  -740.00    -84.20     77.00    5.52    354524.0
 2024 10 11 06 31 00 000   19.61    -9.65   -20.07  -680.50    -53.50     43.20    5.01    152949.0
 2024 10 11 06 32 00 000   19.72    -8.72   -20.36  -680.50    -53.50     43.20    5.01    152949.0
 2024 10 11 06 33 00 000   19.10    -9.36   -20.37  -680.50    -53.50     43.20    5.01    152949.0
 2024 10 11 06 34 00 000   21.24    -5.44   -19.88  -681.50    -59.00     16.00    3.53    246932.0
 2024 10 11 06 35 00 000   21.90    -4.09   -19.82  -680.20    -76.50     21.50    4.01    247491.0
 2024 10 11 06 36 00 000   22.09    -3.59   -20.27  -679.30    -88.90     25.40    4.35    247885.0
 2024 10 11 06 37 00 000   19.62    -8.42   -19.79  -686.60    -74.70     33.50    3.05    181684.0
 2024 10 11 06 38 00 000   16.44   -13.52   -18.86  -686.60    -74.70     33.50    3.05    181684.0
 2024 10 11 06 39 00 000   16.53   -13.56   -18.81  -721.70    -81.00     14.40    4.81    143458.0
 2024 10 11 06 40 00 000   15.96   -13.98   -19.19  -713.70    -98.10     20.10    4.65    113500.0
 2024 10 11 06 42 00 000   19.38    -9.96   -18.93  -726.30   -144.70     19.60    6.41    106417.0
 2024 10 11 06 43 00 000   15.65   -12.87   -20.56  -726.30   -144.70     19.60    6.41    106417.0
 2024 10 11 06 44 00 000   18.42   -10.61   -17.27  -726.30   -144.70     19.60    6.41    106417.0
 2024 10 11 06 45 00 000   -0.51   -24.71   -16.43  -790.90   -127.70     77.50    3.51    221665.0
 2024 10 11 06 46 00 000    1.14   -24.31   -17.62  -788.80   -125.70     61.70    2.99    164717.0
 2024 10 11 06 47 00 000    4.71   -22.44   -17.57  -786.70   -123.60     45.80    2.48    107384.0
 2024 10 11 06 48 00 000    4.25   -22.63   -17.35  -781.00    -96.00     49.40    4.95    196633.0
 2024 10 11 06 49 00 000   -4.50   -27.48   -12.87  -781.00    -96.00     49.40    4.95    196633.0
 2024 10 11 06 50 00 000   -3.92   -27.68   -13.13  -781.00    -96.00     49.40    4.95    196633.0
 2024 10 11 06 51 00 000   -3.07   -27.77   -13.28  -808.60   -115.10     98.00    2.39    214041.0
 2024 10 11 06 52 00 000   -1.75   -27.28   -14.28  -808.60   -115.10     98.00    2.39    214041.0
 2024 10 11 06 53 00 000   -0.57   -27.03   -14.37  -802.20   -115.90     92.50    2.52    282694.0
 2024 10 11 06 54 00 000    1.37   -26.14   -15.51  -791.20   -112.30     76.00    2.54    333419.0
 2024 10 11 06 55 00 000    1.99   -26.33   -15.18  -789.80   -108.50     69.40    2.40    295823.0
 2024 10 11 06 56 00 000    4.71   -25.26   -15.91  -797.90   -103.30     71.60    1.70    190882.0
 2024 10 11 06 57 00 000    5.46   -25.04   -15.93  -797.90   -103.30     71.60    1.70    190882.0
 2024 10 11 06 58 00 000    5.78   -25.02   -15.72  -797.90   -103.30     71.60    1.70    190882.0
 2024 10 11 06 59 00 000    6.33   -25.00   -15.68  -757.60   -121.50     60.10    2.15    406108.0
 2024 10 11 07 00 00 000    5.30   -25.63   -14.91  -757.60   -121.50     60.10    2.15    406108.0
 2024 10 11 07 01 00 000    5.86   -25.11   -15.54  -757.60   -121.50     60.10    2.15    406108.0
 2024 10 11 07 02 00 000    4.96   -24.40   -16.77  -763.20   -111.30     81.40    2.68    299422.0
 2024 10 11 07 03 00 000    6.76   -23.73   -17.04  -763.20   -111.30     81.40    2.68    299422.0
 2024 10 11 07 04 00 000    9.49   -22.35   -18.18  -763.20   -111.30     81.40    2.68    299422.0
 2024 10 11 07 05 00 000    9.20   -22.61   -17.98  -726.40   -138.20      3.50    2.36    220834.0
 2024 10 11 07 06 00 000    9.29   -21.91   -18.71  -728.60   -124.20      9.00    2.47    174000.0
 2024 10 11 07 07 00 000    8.56   -22.07   -18.76  -736.30    -99.10     34.20    2.83    121534.0
 2024 10 11 07 08 00 000    8.38   -21.68   -18.64  -736.30    -99.10     34.20    2.83    121534.0
 2024 10 11 07 09 00 000    8.84   -20.82   -18.27  -736.30    -99.10     34.20    2.83    121534.0
 2024 10 11 07 10 00 000    9.59   -20.49   -18.02  -720.50    -94.50     24.10    4.01    250682.0
 2024 10 11 07 11 00 000    9.29   -20.87   -17.50  -720.50    -94.50     24.10    4.01    250682.0
 2024 10 11 07 12 00 000    9.24   -21.29   -17.22  -723.80   -119.00     15.80    3.64    250837.0
 2024 10 11 07 13 00 000   12.12   -19.26   -17.13  -726.40   -105.70     25.50    4.11    307944.0
 2024 10 11 07 14 00 000   12.44   -18.12   -18.11  -725.30    -94.60     25.70    5.20    292709.0
 2024 10 11 07 15 00 000   14.00   -16.99   -17.64  -707.70    -91.80     -8.50    6.67    110574.0
 2024 10 11 07 16 00 000   13.30   -16.98   -18.16  -698.10    -77.70    -19.30    6.87    113807.0
 2024 10 11 07 17 00 000   14.01   -15.25   -19.26  -700.70    -56.80     25.90    9.10     86308.0
 2024 10 11 07 18 00 000    7.21   -22.11   -16.04  -700.70    -56.80     25.90    9.10     86308.0
 2024 10 11 07 19 00 000    6.52   -23.14   -15.86  -737.70   -100.10     11.60    5.81    119859.0
 2024 10 11 07 20 00 000   11.59   -19.39   -17.47  -737.70   -100.10     11.60    5.81    119859.0
 2024 10 11 07 21 00 000    9.69   -20.58   -17.30  -737.70   -100.10     11.60    5.81    119859.0
 2024 10 11 07 22 00 000    9.11   -22.05   -16.18  -724.50   -125.40     14.90    4.50     97527.0
 2024 10 11 07 23 00 000   10.70   -20.73   -16.86  -724.50   -125.40     14.90    4.50     97527.0
 2024 10 11 07 24 00 000   11.33   -19.21   -18.24  -710.60   -108.20     -6.10    5.54    190817.0
 2024 10 11 07 25 00 000   11.71   -18.60   -18.61  -709.20   -106.50     -8.20    5.65    200098.0
 2024 10 11 07 26 00 000   13.72   -17.61   -18.31  -709.20   -106.50     -8.20    5.65    200098.0
 2024 10 11 07 27 00 000   13.14   -18.37   -17.98  -709.50    -49.90     18.50    5.55    153253.0
 2024 10 11 07 28 00 000   12.22   -21.56   -15.09  -709.50    -49.90     18.50    5.55    153253.0
 2024 10 11 07 29 00 000   13.81   -19.82   -16.70  -709.50    -49.90     18.50    5.55    153253.0
 2024 10 11 07 30 00 000   14.54   -19.21   -16.75  -705.80   -107.40     20.00    4.60    100464.0
 2024 10 11 07 31 00 000   15.43   -18.70   -16.65  -705.80   -107.40     20.00    4.60    100464.0
 2024 10 11 07 32 00 000   16.06   -12.64   -20.54  -725.40    -73.80     27.20    6.16     95376.0
 2024 10 11 07 33 00 000   16.78   -11.67   -20.44  -726.10    -70.30     28.40    6.18     93656.0
 2024 10 11 07 34 00 000   17.86   -10.39   -20.32  -724.00    -56.60     46.40    6.15     79989.0
 2024 10 11 07 35 00 000   17.81    -9.28   -20.79  -720.80    -31.80     49.50    5.71     69469.0
 2024 10 11 07 36 00 000   19.35    -8.31   -20.12  -716.20    -54.00     25.70    6.22     86425.0
 2024 10 11 07 37 00 000   21.31    -6.02   -19.85  -715.50    -56.10     23.00    6.23     89164.0
 2024 10 11 07 38 00 000   21.51    -5.29   -19.96  -719.50    -32.50     34.40    5.31     89490.0
 2024 10 11 07 39 00 000   20.44    -4.77   -21.19  -719.50    -32.50     34.40    5.31     89490.0
 2024 10 11 07 40 00 000   21.43    -5.08   -20.01  -719.50    -32.50     34.40    5.31     89490.0
 2024 10 11 07 41 00 000   21.43    -5.09   -20.01  -719.50    -32.50     34.40    5.31     89490.0
 2024 10 11 07 42 00 000   21.24    -4.68   -20.40  -719.50    -32.50     34.40    5.31     89490.0
 2024 10 11 07 43 00 000   23.30    -5.11   -17.82  -719.50    -32.50     34.40    5.31     89490.0
 2024 10 11 07 44 00 000   23.98    -4.90   -16.52  -719.50    -32.50     34.40    5.31     89490.0
 2024 10 11 07 45 00 000   23.69    -5.25   -16.59  -719.50    -32.50     34.40    5.31     89490.0
 2024 10 11 07 46 00 000   22.87    -4.67   -17.82  -719.50    -32.50     34.40    5.31     89490.0
 2024 10 11 07 47 00 000   22.93    -4.58   -17.64  -719.50    -32.50     34.40    5.31     89490.0
 2024 10 11 07 48 00 000   23.00    -4.54   -17.66  -696.20    -51.70     54.50    5.80    122077.0
 2024 10 11 07 49 00 000   22.79    -5.32   -17.83  -696.20    -51.70     54.50    5.80    122077.0
 2024 10 11 07 50 00 000   22.42    -5.17   -18.25  -696.20    -51.70     54.50    5.80    122077.0
 2024 10 11 07 51 00 000   21.83    -4.66   -19.19  -696.20    -51.70     54.50    5.80    122077.0
 2024 10 11 07 52 00 000   23.31    -6.24   -16.58  -696.20    -51.70     54.50    5.80    122077.0
 2024 10 11 07 53 00 000   21.87    -6.04   -17.34  -700.70     -0.40     59.50    7.76    110206.0
 2024 10 11 07 54 00 000   20.47    -1.47   -19.76  -700.30     -5.00     59.70    7.75    108808.0
 2024 10 11 07 55 00 000   17.31    -2.54   -22.46  -695.10    -70.80     62.40    7.65     88654.0
 2024 10 11 07 56 00 000   17.24    -0.33   -22.64  -692.50    -69.40     62.30    7.29     84490.0
 2024 10 11 07 57 00 000   17.63    -0.28   -22.04  -689.40    -67.80     62.10    6.83     79413.0
 2024 10 11 07 58 00 000   17.75     0.30   -21.83  -689.40    -67.80     62.10    6.83     79413.0
 2024 10 11 07 59 00 000   17.70     0.55   -21.81  -689.40    -67.80     62.10    6.83     79413.0
 2024 10 11 08 00 00 000   17.48     0.71   -21.85  -689.40    -67.80     62.10    6.83     79413.0
 2024 10 11 08 01 00 000   17.75     0.94   -21.33  -682.10    -63.90     77.20    7.45     90517.0
 2024 10 11 08 02 00 000   18.87     1.37   -20.17  -682.10    -63.90     77.20    7.45     90517.0
 2024 10 11 08 03 00 000   18.80     1.45   -20.23  -682.10    -63.90     77.20    7.45     90517.0
 2024 10 11 08 04 00 000   17.19     1.90   -21.81  -688.80    -66.90     71.20    6.62     63785.0
 2024 10 11 08 05 00 000   17.46     0.96   -21.43  -688.80    -66.90     71.20    6.62     63785.0
 2024 10 11 08 06 00 000   17.66     0.47   -21.33  -702.90    -45.70     63.30    6.75     83408.0
 2024 10 11 08 07 00 000   17.69     0.40   -21.33  -694.00    -62.00     77.00    6.42     77402.0
 2024 10 11 08 08 00 000   16.59     0.95   -21.71  -695.70    -59.40     62.60    6.08     74080.0
 2024 10 11 08 09 00 000   16.70     1.21   -21.41  -708.90    -48.80     34.20    5.40     68382.0
 2024 10 11 08 10 00 000   16.87     1.23   -21.12  -708.90    -48.80     34.20    5.40     68382.0
 2024 10 11 08 11 00 000   16.39     1.35   -21.48  -708.90    -48.80     34.20    5.40     68382.0
 2024 10 11 08 12 00 000   16.64     1.32   -21.45  -708.60    -50.90     41.90    6.68     54959.0
 2024 10 11 08 13 00 000   17.45    -0.16   -21.05  -708.60    -50.90     41.90    6.68     54959.0
 2024 10 11 08 14 00 000   16.91    -0.55   -21.32  -708.60    -50.90     41.90    6.68     54959.0
 2024 10 11 08 15 00 000   16.62    -0.65   -21.02  -708.60    -50.90     41.90    6.68     54959.0
 2024 10 11 08 16 00 000   16.29    -0.95   -21.12  -700.80    -61.40     27.70    5.26     58931.0
 2024 10 11 08 17 00 000   16.11    -0.90   -21.34  -700.80    -61.40     27.70    5.26     58926.0
 2024 10 11 08 18 00 000   15.83    -1.43   -21.62  -703.50    -46.20     27.30    5.46     50916.0
 2024 10 11 08 19 00 000   15.38    -2.06   -21.66  -703.50    -46.20     27.30    5.46     50916.0
 2024 10 11 08 20 00 000   15.36    -2.56   -21.49  -703.90    -50.80     30.10    4.20     53402.0
 2024 10 11 08 21 00 000   15.35    -2.59   -21.49  -702.90    -49.70     32.50    4.57     51405.0
 2024 10 11 08 22 00 000   17.05    -1.68   -19.92  -700.80    -48.70     35.70    5.17     50065.0
 2024 10 11 08 23 00 000   18.62    -0.01   -18.35  -698.00    -57.80     22.80    4.38     72415.0
 2024 10 11 08 24 00 000   18.69     0.58   -18.10  -698.00    -57.90     22.60    4.38     72680.0
 2024 10 11 08 25 00 000   18.40    -0.43   -18.32  -684.60    -56.30     39.80    4.60     55325.0
 2024 10 11 08 26 00 000   17.76    -0.24   -18.68  -684.60    -56.30     39.80    4.60     55325.0
 2024 10 11 08 27 00 000   17.11    -1.52   -18.98  -687.10    -57.70     49.00    5.34     76998.0
 2024 10 11 08 28 00 000   17.67    -0.57   -18.25  -687.10    -57.70     49.00    5.34     77107.0
 2024 10 11 08 29 00 000   18.38     0.04   -17.53  -681.00    -64.80     46.80    4.34     79940.0
 2024 10 11 08 30 00 000   18.02    -0.75   -17.56  -682.10    -61.60     45.80    5.11     85643.0
 2024 10 11 08 31 00 000   18.08    -1.01   -17.87  -683.40    -58.20     44.70    5.96     91879.0
 2024 10 11 08 32 00 000   17.78    -1.76   -18.01  -677.20    -64.20     37.80    5.48     65222.0
 2024 10 11 08 33 00 000   18.02    -2.08   -17.94  -677.20    -64.20     37.80    5.48     65207.0
 2024 10 11 08 34 00 000   18.15    -2.48   -17.66  -673.90    -68.70     46.80    5.24     79457.0
 2024 10 11 08 35 00 000   17.54    -2.75   -18.00  -677.30    -68.20     47.10    5.17     79666.0
 2024 10 11 08 36 00 000   16.60    -1.10   -19.07  -685.40    -67.20     47.90    4.99     79606.0
 2024 10 11 08 37 00 000   16.23    -1.91   -18.83  -687.70    -68.00     48.00    4.86     73223.0
 2024 10 11 08 38 00 000   16.40    -2.91   -18.93  -688.70    -66.50     44.30    5.25     94057.0
 2024 10 11 08 39 00 000   16.67    -3.85   -19.08  -688.80    -66.40     44.10    5.28     95498.0
 2024 10 11 08 40 00 000   16.75    -4.01   -18.67  -688.80    -66.40     44.10    5.28     95498.0
 2024 10 11 08 41 00 000   17.20    -5.77   -17.94  -688.90    -76.20     50.90    3.81     67977.0
 2024 10 11 08 42 00 000   17.06    -5.37   -18.30  -688.90    -76.20     50.90    3.81     67977.0
 2024 10 11 08 43 00 000   16.48    -4.30   -18.83  -689.90    -71.90     51.00    4.09     72177.0
 2024 10 11 08 44 00 000   16.05    -4.21   -19.31  -689.80    -72.10     51.30    4.08     71307.0
 2024 10 11 08 45 00 000   16.47    -4.98   -18.64  -688.80    -74.00     54.60    3.92     61527.0
 2024 10 11 08 46 00 000   15.89    -4.83   -19.04  -690.50    -72.90     54.80    3.76     67156.0
 2024 10 11 08 47 00 000   15.67    -4.99   -19.06  -691.00    -72.50     54.90    3.71     68872.0
 2024 10 11 08 48 00 000   15.59    -5.18   -18.97  -691.00    -72.50     54.90    3.71     68872.0
 2024 10 11 08 49 00 000   15.25    -5.47   -19.09  -708.40    -78.80     67.50    3.92     74197.0
 2024 10 11 08 50 00 000   15.11    -5.53   -19.12  -708.40    -78.80     67.50    3.92     74197.0
 2024 10 11 08 51 00 000   15.05    -4.87   -18.90  -697.70    -87.80     63.70    3.64     60580.0
 2024 10 11 08 52 00 000   14.49    -4.70   -18.77  -694.40    -83.80     59.40    3.83     58557.0
 2024 10 11 08 53 00 000   14.43    -4.85   -18.71  -693.30    -66.40     48.60    4.43     58748.0
 2024 10 11 08 54 00 000   13.66    -4.61   -19.02  -702.50    -52.00     40.50    4.35     54207.0
 2024 10 11 08 55 00 000   14.26    -3.70   -18.71  -691.60    -75.60     49.90    4.87     59293.0
 2024 10 11 08 56 00 000   14.23    -3.21   -19.02  -708.20    -83.50     47.20    4.76     59304.0
 2024 10 11 08 57 00 000   14.57    -2.48   -18.79  -712.40    -87.10     39.60    4.57     55928.0
 2024 10 11 08 58 00 000   15.28    -1.20   -18.27  -715.60    -86.20     22.90    4.13     54440.0
 2024 10 11 08 59 00 000   15.28    -1.25   -18.09  -715.60    -86.20     22.90    4.13     54440.0
 2024 10 11 09 00 00 000   16.34    -0.78   -16.09  -715.60    -86.20     22.90    4.13     54440.0
 2024 10 11 09 01 00 000   16.23    -0.76   -15.77  -715.60    -86.20     22.90    4.13     54440.0
 2024 10 11 09 02 00 000   14.26    -2.46   -17.81  -718.20    -89.60     56.30    6.23     88284.0
 2024 10 11 09 03 00 000   11.21    -3.53   -19.28  -718.20    -89.60     56.30    6.23     88284.0
 2024 10 11 09 04 00 000   10.95    -3.48   -19.59  -713.90    -86.60     76.60    6.42     86163.0
 2024 10 11 09 05 00 000   12.18    -3.56   -18.73  -713.70    -86.50     77.40    6.43     86079.0
 2024 10 11 09 06 00 000   13.86    -2.81   -17.67  -708.80    -84.80     81.20    7.28     71635.0
 2024 10 11 09 07 00 000   13.33    -3.21   -18.04  -708.80    -84.50     81.00    7.23     72991.0
 2024 10 11 09 08 00 000   12.81    -3.42   -18.43  -709.00    -83.30     80.10    7.06     77930.0
 2024 10 11 09 09 00 000   12.16    -3.70   -18.60  -709.00    -83.30     80.10    7.06     77930.0
 2024 10 11 09 10 00 000   12.05    -3.69   -18.63  -709.00    -83.30     80.10    7.06     77930.0
 2024 10 11 09 11 00 000   11.96    -3.74   -19.08  -702.10    -87.70     84.80    7.19     72680.0
 2024 10 11 09 12 00 000   11.45    -3.89   -19.04  -702.10    -87.70     84.80    7.19     72680.0
 2024 10 11 09 13 00 000   10.67    -3.54   -19.52  -702.10    -87.70     84.80    7.19     72680.0
 2024 10 11 09 14 00 000   10.72    -3.28   -19.87  -693.60    -83.20     92.30    7.44     98062.0
 2024 10 11 09 15 00 000   10.52    -3.06   -20.17  -693.60    -83.20     92.30    7.44     98062.0
 2024 10 11 09 16 00 000    9.70    -2.84   -20.50  -688.90    -94.50     79.80    7.29     67734.0
 2024 10 11 09 17 00 000    8.49    -2.67   -20.58  -688.50    -94.20     79.90    7.27     69397.0
 2024 10 11 09 18 00 000    7.79    -2.83   -20.79  -678.00    -86.30     81.80    6.81    108406.0
 2024 10 11 09 19 00 000    7.30    -2.98   -20.89  -673.30    -84.80     88.20    6.67    104888.0
 2024 10 11 09 20 00 000    7.68    -3.24   -20.67  -670.30    -83.90     92.40    6.57    102595.0
 2024 10 11 09 21 00 000    8.09    -2.68   -20.62  -675.20    -79.90     90.90    6.48     83694.0
 2024 10 11 09 22 00 000    8.28    -2.93   -20.49  -675.20    -79.90     90.90    6.48     83542.0
 2024 10 11 09 23 00 000    7.84    -2.38   -20.64  -672.40    -81.80     93.10    6.84     81354.0
 2024 10 11 09 24 00 000    7.05    -2.47   -20.98  -672.40    -81.80     93.10    6.84     81354.0
 2024 10 11 09 25 00 000    7.75    -2.37   -20.60  -672.40    -81.80     93.10    6.84     81354.0
 2024 10 11 09 26 00 000    7.97    -2.00   -20.61  -667.80    -83.20     94.20    7.03     87408.0
 2024 10 11 09 27 00 000    8.90    -2.06   -20.24  -667.80    -83.20     94.20    7.03     87408.0
 2024 10 11 09 28 00 000    8.87    -1.95   -20.37  -667.80    -83.20     94.20    7.03     87408.0
 2024 10 11 09 29 00 000    7.85    -1.92   -20.68  -649.10    -97.00    122.90    6.11     53835.0
 2024 10 11 09 30 00 000    8.51    -2.38   -20.41  -649.10    -97.00    122.90    6.11     53835.0
 2024 10 11 09 31 00 000   10.06    -1.17   -19.66  -658.20    -93.60     98.40    6.23     48420.0
 2024 10 11 09 32 00 000    8.61    -2.16   -19.96  -659.70    -93.00     94.20    6.25     47500.0
 2024 10 11 09 33 00 000    8.14    -2.87   -19.76  -644.90    -85.50    100.60    8.22     97770.0
 2024 10 11 09 34 00 000    7.78    -3.08   -19.82  -644.80    -85.20    100.60    8.26     95985.0
 2024 10 11 09 35 00 000    4.76    -5.74   -18.34  -643.40    -78.90    101.00    9.10     63747.0
 2024 10 11 09 36 00 000    1.93    -7.49   -17.52  -630.00    -60.40    124.60    8.42    109440.0
 2024 10 11 09 37 00 000    2.44    -7.08   -17.45  -628.70    -81.40    130.70   10.45     89522.0
 2024 10 11 09 38 00 000   -0.87    -8.39   -17.40  -617.40    -73.40    122.20   11.43    105532.0
 2024 10 11 09 39 00 000    1.64    -8.18   -16.99  -612.60    -61.40    113.50    9.95    119519.0
 2024 10 11 09 40 00 000   13.76    -3.42   -15.08  -630.80    -64.20    105.50    8.88    108720.0
 2024 10 11 09 41 00 000   16.68     4.79    -9.35  -680.70    -71.50     80.90    6.54     91502.0
 2024 10 11 09 42 00 000   18.20     4.37   -10.68  -680.70    -71.50     80.90    6.54     91502.0
 2024 10 11 09 43 00 000   20.16     0.71    -8.26  -707.20    -86.80     47.90    7.61     60062.0
 2024 10 11 09 44 00 000   21.38     3.19    -2.94  -709.80    -74.60     28.20    7.89     54013.0
 2024 10 11 09 45 00 000   21.61     3.08    -1.98  -709.40    -59.10      5.10    8.48     49799.0
 2024 10 11 09 46 00 000   21.93     4.04    -0.71  -709.00    -51.30      5.40    8.98     57266.0
 2024 10 11 09 47 00 000   21.56     4.03    -2.15  -709.00    -51.30      5.40    8.98     57281.0
 2024 10 11 09 48 00 000   21.29     5.40    -4.34  -709.00    -51.30      5.40    8.98     57281.0
 2024 10 11 09 49 00 000   20.69     6.43    -3.71  -695.50    -77.30      1.60    8.09     55325.0
 2024 10 11 09 50 00 000   20.06     6.59    -4.12  -695.50    -77.30      1.60    8.09     55325.0
 2024 10 11 09 51 00 000   19.58     6.35    -6.37  -691.90    -78.70     11.10    7.98     63129.0
 2024 10 11 09 52 00 000   20.27     5.60    -3.04  -691.30    -79.00     12.70    7.96     64466.0
 2024 10 11 09 53 00 000   20.40     6.13    -0.37  -693.20    -70.00    -12.10    8.24     50986.0
 2024 10 11 09 54 00 000   20.20     7.30     0.54  -693.20    -70.00    -12.10    8.24     50986.0
 2024 10 11 09 55 00 000   20.02     7.20     0.46  -693.00    -75.10    -16.70    7.48     65088.0
 2024 10 11 09 56 00 000   19.83     6.87     1.08  -693.00    -75.10    -16.70    7.48     65088.0
 2024 10 11 09 57 00 000   19.02     5.59     3.00  -692.30    -76.60    -20.00    7.29     61296.0
 2024 10 11 09 58 00 000   19.41     4.75     5.46  -684.70    -56.40    -32.10    7.66     60211.0
 2024 10 11 09 59 00 000   19.51     5.44     4.98  -676.10    -33.30    -46.00    8.10     58969.0
 2024 10 11 10 00 00 000   19.49     6.17     2.86  -676.10    -33.30    -46.00    8.10     58969.0
 2024 10 11 10 01 00 000   19.13     6.48     3.43  -679.90    -54.60    -48.30    6.20     64771.0
 2024 10 11 10 02 00 000   18.64     5.74     2.58  -679.90    -54.60    -48.30    6.20     64771.0
 2024 10 11 10 03 00 000   18.80     7.01    -5.34  -738.70    -49.80    -64.00    9.61     58216.0
 2024 10 11 10 04 00 000   18.97     6.70    -5.88  -740.00    -49.70    -64.40    9.69     58066.0
 2024 10 11 10 05 00 000   18.65     7.32    -4.73  -741.40    -53.80    -57.70   10.11     54414.0
 2024 10 11 10 06 00 000   18.10    10.37    -2.15  -741.40    -53.80    -57.70   10.11     54414.0
 2024 10 11 10 07 00 000   18.83     7.83    -4.93  -741.40    -53.80    -57.70   10.11     54414.0
 2024 10 11 10 08 00 000   19.14     8.55    -3.84  -728.20    -69.90    -62.70   11.64     64376.0
 2024 10 11 10 09 00 000   18.92     7.79    -4.26  -728.20    -69.90    -62.70   11.64     64376.0
 2024 10 11 10 10 00 000   18.60     6.72    -4.32  -727.80    -71.00    -62.60   11.26     65923.0
 2024 10 11 10 11 00 000   17.64     8.83    -5.69  -726.70    -74.30    -62.30   10.10     70598.0
 2024 10 11 10 12 00 000   17.27     9.37    -6.59  -726.30    -74.30    -60.90   10.39     63484.0
 2024 10 11 10 13 00 000   17.98     9.22    -6.78  -725.90    -74.30    -59.70   10.65     57244.0
 2024 10 11 10 14 00 000   18.35     7.84    -5.37  -730.40    -75.90    -60.40   10.12     58490.0
 2024 10 11 10 15 00 000   19.92     6.29    -2.29  -732.80    -71.50    -57.80    9.96     74915.0
 2024 10 11 10 16 00 000   20.01     6.54    -1.95  -736.60    -64.40    -53.50    9.71    101651.0
 2024 10 11 10 17 00 000   20.46     6.07    -2.18  -727.40    -70.50    -54.70    9.95     73816.0
 2024 10 11 10 18 00 000   20.58     6.11    -2.68  -727.40    -70.50    -54.70    9.95     73816.0
 2024 10 11 10 19 00 000   20.81     6.09    -3.52  -727.20    -76.70    -49.90   10.41     69486.0
 2024 10 11 10 20 00 000   20.73     5.48    -3.58  -727.20    -76.70    -49.90   10.41     69486.0
 2024 10 11 10 21 00 000   20.73     6.50    -4.40  -723.80    -78.40    -50.90   11.41     74517.0
 2024 10 11 10 22 00 000   20.93     5.84    -4.14  -723.50    -78.50    -51.00   11.49     74919.0
 2024 10 11 10 23 00 000   21.27     5.56    -3.71  -732.60    -78.10    -69.00   10.32     73053.0
 2024 10 11 10 24 00 000   21.03     6.16    -3.53  -735.90    -78.00    -75.50    9.90     72386.0
 2024 10 11 10 25 00 000   20.71     7.16    -3.86  -727.90    -82.00    -55.80    9.49     68569.0
 2024 10 11 10 26 00 000   20.57     8.27    -3.78  -726.60    -82.10    -53.00    9.47     68035.0
 2024 10 11 10 27 00 000   20.13     9.04    -3.91  -720.20    -79.00    -41.50    9.67     66004.0
 2024 10 11 10 28 00 000   20.22     8.38    -3.39  -720.20    -79.00    -41.50    9.67     66004.0
 2024 10 11 10 29 00 000   20.22     6.88    -2.99  -720.90    -82.40    -50.70   10.56     69527.0
 2024 10 11 10 30 00 000   20.24     5.83    -3.54  -723.50    -76.60    -45.20   10.38     68464.0
 2024 10 11 10 31 00 000   20.72     6.29    -3.74  -725.10    -73.00    -41.80   10.27     67815.0
 2024 10 11 10 32 00 000   19.89     6.60    -4.12  -723.30    -84.10    -45.20   10.54     65009.0
 2024 10 11 10 33 00 000   19.96     7.03    -4.73  -723.30    -84.10    -45.20   10.54     65009.0
 2024 10 11 10 34 00 000   19.89     7.68    -5.45  -716.50    -87.00    -33.50    9.49     84489.0
 2024 10 11 10 35 00 000   21.38     5.34    -5.18  -716.50    -87.00    -33.50    9.49     84489.0
 2024 10 11 10 36 00 000   21.41     3.35    -4.04  -716.60    -87.10    -33.70    9.50     84212.0
 2024 10 11 10 37 00 000   14.64    -1.40    -0.62  -731.20    -56.30    -33.50    7.67     48882.0
 2024 10 11 10 38 00 000   13.75    -1.15    -0.84  -736.00    -42.80    -30.50    6.73     39733.0
 2024 10 11 10 39 00 000   13.83    -0.91    -0.94  -749.70    -16.30    -27.10    4.20     24858.0
 2024 10 11 10 40 00 000   16.87     2.42    -3.79  -731.60    -57.50    -30.50    7.26     41592.0
 2024 10 11 10 41 00 000   16.94     2.92    -4.36  -720.70    -74.70    -19.90    8.02     48810.0
 2024 10 11 10 42 00 000   12.25    -3.24     0.67  -716.70   -107.00    -19.60    8.02     65452.0
 2024 10 11 10 43 00 000   12.24    -3.54     0.05  -745.20    -19.60    -24.80    4.87     20751.0
 2024 10 11 10 44 00 000   12.25    -3.27    -0.23  -744.20    -21.50    -29.50    4.03     21489.0
 2024 10 11 10 45 00 000   11.88    -2.99    -0.01  -744.10    -21.60    -29.80    3.97     21543.0
 2024 10 11 10 46 00 000   11.50    -3.15     0.24  -744.10    -21.60    -29.80    3.97     21543.0
 2024 10 11 10 47 00 000   11.45    -3.12     0.66  -752.10    -16.80    -29.40    7.16     22210.0
 2024 10 11 10 48 00 000   11.30    -3.69     1.23  -752.10    -16.80    -29.40    7.16     22210.0
 2024 10 11 10 49 00 000   11.23    -3.39     0.97  -752.80    -17.90    -27.70    7.22     22026.0
 2024 10 11 10 50 00 000   11.07    -3.61     1.19  -752.90    -18.10    -27.50    7.23     22002.0
 2024 10 11 10 51 00 000   11.07    -3.20     0.68  -753.70    -20.70    -32.40    7.46     22864.0
 2024 10 11 10 52 00 000   11.07    -3.06     0.50  -753.70    -20.60    -32.40    7.45     22878.0
 2024 10 11 10 53 00 000   11.01    -3.11     0.16  -753.30    -16.40    -29.70    6.68     23718.0
 2024 10 11 10 54 00 000   11.02    -3.25     0.66  -753.10    -17.40    -29.40    6.80     23637.0
 2024 10 11 10 55 00 000   10.94    -3.60     0.87  -752.40    -21.70    -28.00    7.36     23289.0
 2024 10 11 10 56 00 000   10.83    -3.71     0.83  -752.80    -20.10    -29.90    6.65     24713.0
 2024 10 11 10 57 00 000   10.85    -3.69     0.64  -753.00    -19.30    -30.80    6.30     25400.0
 2024 10 11 10 58 00 000   10.90    -3.64     0.55  -752.30    -20.40    -31.40    6.24     23470.0
 2024 10 11 10 59 00 000   11.01    -3.30     0.18  -752.20    -20.30    -31.30    6.24     23382.0
 2024 10 11 11 00 00 000   10.91    -3.19     0.27  -750.00    -15.10    -27.80    6.26     21664.0
 2024 10 11 11 01 00 000   10.72    -3.23     0.68  -748.00     -2.50    -20.50    6.39     21437.0
 2024 10 11 11 02 00 000   10.77    -3.16     0.61  -747.70     -0.70    -19.50    6.41     21406.0
 2024 10 11 11 03 00 000   10.77    -2.99     0.51  -747.70     -0.70    -19.50    6.41     21406.0
 2024 10 11 11 04 00 000   10.83    -2.83     0.56  -747.70     -0.70    -19.50    6.41     21406.0
 2024 10 11 11 05 00 000   10.82    -2.81     0.70  -751.50    -19.60    -28.90    5.55     29309.0
 2024 10 11 11 06 00 000   10.95    -2.63     0.66  -751.50    -19.30    -28.80    5.54     28911.0
 2024 10 11 11 07 00 000   10.85    -2.47     0.76  -749.50     -4.20    -22.20    5.58     22516.0
 2024 10 11 11 08 00 000   10.83    -2.27     1.08  -747.70      3.00    -17.50    5.77     22289.0
 2024 10 11 11 09 00 000   10.84    -2.21     1.13  -745.60     10.70    -11.60    6.02     22094.0
 2024 10 11 11 10 00 000   10.83    -2.20     1.25  -747.40      5.70    -16.70    6.32     21920.0
 2024 10 11 11 11 00 000   10.82    -1.93     1.27  -748.50      2.70    -19.70    6.51     21818.0
 2024 10 11 11 12 00 000   10.80    -2.31     1.48  -748.20      1.70    -18.50    6.75     22251.0
 2024 10 11 11 13 00 000   10.87    -2.47     1.37  -748.10      1.20    -17.80    6.87     22489.0
 2024 10 11 11 14 00 000   10.84    -2.70     1.34  -747.50      1.70    -18.90    6.18     20908.0
 2024 10 11 11 15 00 000   10.87    -2.37     2.15  -747.50      1.70    -18.80    6.17     20860.0
 2024 10 11 11 16 00 000   11.27    -1.96     1.08  -747.50      2.10    -15.30    6.40     19385.0
 2024 10 11 11 17 00 000   11.37    -1.46     0.72  -747.50      2.60    -16.30    6.27     19638.0
 2024 10 11 11 18 00 000   11.23    -0.89     0.30  -747.60      3.70    -18.80    5.96     20261.0
 2024 10 11 11 19 00 000   11.11    -1.29     1.19  -747.60      3.70    -18.80    5.96     20261.0
 2024 10 11 11 20 00 000   11.00    -1.51     1.57  -747.60      3.70    -18.80    5.96     20261.0
 2024 10 11 11 21 00 000   10.95    -1.70     0.72  -739.30    -14.80    -29.40    5.48     32479.0
 2024 10 11 11 22 00 000   10.65     0.44     3.42  -739.90    -14.90    -24.40    5.45     32283.0
 2024 10 11 11 23 00 000   10.05     1.36     4.40  -744.40    -15.80     14.40    5.21     30764.0
 2024 10 11 11 24 00 000    9.95     1.04     4.73  -744.40    -15.80     14.40    5.21     30764.0
 2024 10 11 11 25 00 000    9.83     0.90     4.88  -749.90    -36.30     -1.20    4.81     34241.0
 2024 10 11 11 26 00 000   10.02     0.76     4.32  -746.10    -24.80      3.30    4.83     36549.0
 2024 10 11 11 27 00 000    9.63     1.24     5.21  -746.80     -1.30      2.50    4.71     31373.0
 2024 10 11 11 28 00 000    9.62     1.65     4.78  -750.10      6.20      4.10    4.79     27561.0
 2024 10 11 11 29 00 000   11.06     1.07     0.89  -752.50      6.30     14.10    5.15     28253.0
 2024 10 11 11 30 00 000   11.15     0.92     1.51  -752.50      6.30     14.10    5.15     28253.0
 2024 10 11 11 31 00 000   11.18     0.45     1.28  -752.50      6.30     14.10    5.15     28253.0
 2024 10 11 11 32 00 000   11.06     0.70     1.53  -737.30    -15.70     -9.10    6.20     19057.0
 2024 10 11 11 33 00 000   10.12     1.08     3.69  -740.00    -15.70      2.70    6.18     20762.0
 2024 10 11 11 34 00 000   10.19     1.71     3.00  -742.60    -17.60     14.80    6.37     23448.0
 2024 10 11 11 35 00 000   10.04     1.55     3.31  -743.00    -19.00     16.80    6.52     24418.0
 2024 10 11 11 36 00 000   10.33     1.61     2.73  -743.00    -19.00     16.80    6.52     24418.0
 2024 10 11 11 37 00 000   10.50     1.47     3.03  -742.50    -12.70     15.20    5.82     20394.0
 2024 10 11 11 38 00 000   10.69     1.41     2.16  -742.50    -12.70     15.20    5.82     20394.0
 2024 10 11 11 39 00 000   10.90     1.52     1.95  -742.50    -12.70     15.20    5.82     20394.0
 2024 10 11 11 40 00 000   10.94     1.45     1.95  -732.10     -6.30     -9.40    4.06     23694.0
 2024 10 11 11 41 00 000   10.72     1.82     2.38  -733.00     -6.60     -5.30    4.12     22884.0
 2024 10 11 11 42 00 000   10.53     2.19     2.03  -736.20     -7.70      8.50    4.34     20137.0
 2024 10 11 11 43 00 000   10.52     2.22     1.73  -722.10     12.00     -7.40    3.58     18868.0
 2024 10 11 11 44 00 000   10.48     2.36     1.78  -722.10     12.00     -7.40    3.58     18868.0
 2024 10 11 11 45 00 000   10.21     2.65     2.40  -722.10     12.00     -7.40    3.58     18868.0
 2024 10 11 11 46 00 000   10.16     2.79     2.31  -727.40     -5.00    -12.30    3.68     19799.0
 2024 10 11 11 47 00 000   10.15     2.88     1.97  -727.40     -5.00    -12.30    3.68     19799.0
 2024 10 11 11 48 00 000   10.34     2.47     1.89  -725.70     -8.70    -13.90    3.57     18592.0
 2024 10 11 11 49 00 000   10.28     2.57     1.78  -725.90     -8.20    -13.90    3.57     18661.0
 2024 10 11 11 50 00 000   10.12     2.31     2.17  -723.50      3.10     -8.60    4.35     19380.0
 2024 10 11 11 51 00 000    9.97     2.56     2.61  -720.70     12.20     -2.30    5.07     19246.0
 2024 10 11 11 52 00 000    9.84     2.70     2.81  -720.10     13.90      1.50    5.16     17857.0
 2024 10 11 11 53 00 000    9.74     2.77     3.09  -720.10     13.90      1.50    5.16     17857.0
 2024 10 11 11 54 00 000    9.84     2.80     2.80  -722.00      3.20      2.10    5.83     24694.0
 2024 10 11 11 55 00 000    9.83     2.77     2.85  -721.80     13.40      4.70    4.97     19694.0
 2024 10 11 11 56 00 000    9.82     2.77     2.83  -721.70     18.70      6.10    4.52     17076.0
 2024 10 11 11 57 00 000    9.74     2.79     2.98  -719.20     12.90     -1.80    4.34     16712.0
 2024 10 11 11 58 00 000    9.75     2.57     2.98  -719.30     14.40     -1.40    4.45     16942.0
 2024 10 11 11 59 00 000    9.72     2.42     3.18  -719.60     17.10     -0.80    4.68     17361.0
 2024 10 11 12 00 00 000    9.65     2.43     3.23  -719.60     17.10     -0.80    4.68     17361.0
 2024 10 11 12 01 00 000    9.57     2.27     3.26  -719.60     17.10     -0.80    4.68     17361.0
 2024 10 11 12 02 00 000    9.71     2.13     3.17  -723.80     -1.10     -2.40    4.27     19040.0
 2024 10 11 12 03 00 000    9.72     2.41     3.02  -723.80     -0.60     -2.00    4.31     19027.0
 2024 10 11 12 04 00 000    9.78     2.62     2.84  -723.40     10.90      5.80    5.03     18761.0
 2024 10 11 12 05 00 000    9.80     2.60     3.07  -720.10     10.30     -2.30    4.52     18986.0
 2024 10 11 12 06 00 000    9.95     2.72     2.27  -719.70     10.10     -3.40    4.44     19018.0
 2024 10 11 12 07 00 000    9.91     2.62     2.49  -719.70     10.10     -3.40    4.44     19018.0
 2024 10 11 12 08 00 000    9.82     2.53     2.78  -719.70     10.10     -3.40    4.44     19018.0
 2024 10 11 12 09 00 000    9.81     2.38     2.98  -719.70     14.00      1.70    4.53     17443.0
 2024 10 11 12 10 00 000    9.82     2.28     3.16  -719.70     14.00      1.70    4.53     17443.0
 2024 10 11 12 11 00 000    9.68     2.24     3.61  -719.70     14.00      1.70    4.53     17443.0
 2024 10 11 12 12 00 000    9.52     2.17     4.07  -721.20     13.40      1.30    3.92     20084.0
 2024 10 11 12 13 00 000    9.59     2.20     3.92  -721.20     13.40      1.30    3.92     20084.0
 2024 10 11 12 14 00 000    9.53     2.29     3.84  -721.20     13.40      1.30    3.92     20084.0
 2024 10 11 12 15 00 000    9.51     2.27     3.90  -720.50     14.60      3.80    3.36     18911.0
 2024 10 11 12 16 00 000    9.18     3.43     2.50  -722.00     13.00      5.50    3.28     25409.0
 2024 10 11 12 17 00 000    9.09     3.58     2.56  -728.00      6.40     12.00    2.86     51165.0
 2024 10 11 12 18 00 000    9.26     3.42     2.33  -723.30      9.50      2.50    2.27     37846.0
 2024 10 11 12 19 00 000    9.34     3.08     3.04  -722.60      5.10     10.70    3.10     27316.0
 2024 10 11 12 20 00 000    9.27     2.76     3.83  -724.00      1.90     16.00    2.95     30165.0
 2024 10 11 12 21 00 000    9.31     3.19     2.85  -724.00      1.90     16.00    2.95     30165.0
 2024 10 11 12 22 00 000    9.11     3.27     2.02  -724.00      1.90     16.00    2.95     30165.0
 2024 10 11 12 23 00 000    8.97     2.98     2.46  -732.20     -6.10    -13.00    3.12     39402.0
 2024 10 11 12 24 00 000    8.74     3.16     1.38  -736.20     -5.70     -7.40    3.27     40341.0
 2024 10 11 12 25 00 000    9.27     2.99     1.73  -737.50      3.10     -4.00    3.31     42010.0
 2024 10 11 12 26 00 000    7.49     1.18    -3.16  -723.50      6.70     -3.00    2.67     32959.0
 2024 10 11 12 27 00 000    4.87    -1.15    -8.63  -766.80    -16.80     -9.80    3.55     34645.0
 2024 10 11 12 28 00 000    5.21    -0.91    -8.59  -766.80    -16.80     -9.80    3.55     34645.0
 2024 10 11 12 29 00 000    5.09    -0.53    -8.66  -771.90    -24.80     -7.80    3.68     35578.0
 2024 10 11 12 30 00 000    5.49    -0.23    -8.47  -768.90    -19.30     -5.30    3.86     40367.0
 2024 10 11 12 31 00 000    4.25     0.07    -9.25  -767.00    -15.60     -3.60    3.99     43513.0
 2024 10 11 12 32 00 000    4.12    -0.45    -9.38  -775.70    -14.70     -9.60    3.73     40975.0
 2024 10 11 12 33 00 000    4.10    -0.76    -9.38  -773.40    -13.40     -7.60    3.89     39460.0
 2024 10 11 12 34 00 000    5.36    -0.52    -8.59  -771.50    -14.60    -12.90    4.30     43868.0
 2024 10 11 12 35 00 000    6.72    -0.10    -7.47  -763.70    -18.30      1.30    4.40     50113.0
 2024 10 11 12 36 00 000    7.58     1.00    -6.44  -751.90     -7.90      0.70    4.40     44958.0
 2024 10 11 12 37 00 000    8.42     1.31    -5.28  -748.80     -5.30      0.30    4.39     43778.0
 2024 10 11 12 38 00 000    8.36     1.24    -5.59  -743.70    -11.40      8.10    4.13     52045.0
 2024 10 11 12 39 00 000    8.57     0.82    -5.35  -743.70     -5.50      2.20    3.83     51316.0
 2024 10 11 12 40 00 000    8.50     0.12    -5.57  -743.70     -4.00      0.70    3.75     51126.0
 2024 10 11 12 41 00 000    8.44    -0.01    -5.71  -744.30    -14.60      0.20    3.89     54741.0
 2024 10 11 12 42 00 000    8.42     0.33    -5.71  -744.30    -14.60      0.20    3.89     54741.0
 2024 10 11 12 43 00 000    8.62     0.14    -5.35  -741.40    -29.70      8.90    3.62     50321.0
 2024 10 11 12 44 00 000    8.67     0.29    -5.14  -741.60    -23.10      4.90    3.65     55725.0
 2024 10 11 12 45 00 000    8.54     1.04    -5.24  -741.70    -17.30      1.40    3.67     60451.0
 2024 10 11 12 46 00 000    8.69     1.05    -5.00  -742.60    -24.90     -4.10    3.79     56761.0
 2024 10 11 12 47 00 000    8.28     1.07    -5.50  -740.00    -16.80     -6.30    3.81     50960.0
 2024 10 11 12 48 00 000    8.05     0.92    -5.90  -738.50    -11.90     -7.60    3.82     47500.0
 2024 10 11 12 49 00 000    8.10     1.31    -5.71  -744.60     -1.50      0.70    3.83     50670.0
 2024 10 11 12 50 00 000    8.07     1.96    -5.60  -744.60     -1.50      0.70    3.83     50670.0
 2024 10 11 12 51 00 000    8.17     1.86    -5.26  -745.40     -4.50      4.40    3.83     50444.0
 2024 10 11 12 52 00 000    8.59     0.93    -4.95  -745.60     -5.20      5.30    3.83     50390.0
 2024 10 11 12 53 00 000    8.67     1.16    -4.66  -741.60     -8.70      3.90    3.70     57002.0
 2024 10 11 12 54 00 000    8.69    -0.42    -4.80  -742.80     10.30      0.50    3.71     53103.0
 2024 10 11 12 55 00 000    8.73     0.08    -4.78  -743.50     20.10     -1.20    3.72     51091.0
 2024 10 11 12 56 00 000    8.48     0.58    -5.07  -743.50     20.10     -1.20    3.72     51091.0
 2024 10 11 12 57 00 000    8.96     1.10    -4.10  -741.50    -18.70    -11.80    3.66     50286.0
 2024 10 11 12 58 00 000    8.61     1.18    -4.74  -741.50    -18.70    -11.80    3.66     50286.0
 2024 10 11 12 59 00 000    8.30     1.17    -5.14  -740.50    -13.60      5.00    4.05     51849.0
 2024 10 11 13 00 00 000    8.75     0.99    -4.43  -739.10    -12.40      3.40    4.03     50509.0
 2024 10 11 13 01 00 000    9.04     1.27    -3.80  -739.10    -12.40      3.40    4.03     50509.0
 2024 10 11 13 02 00 000    9.04     1.16    -3.90  -739.10    -12.40      3.40    4.03     50509.0
 2024 10 11 13 03 00 000    9.31     1.29    -2.95  -733.40    -25.70     11.40    4.58     47568.0
 2024 10 11 13 04 00 000    9.20     1.64    -3.22  -733.40    -25.70     11.40    4.58     47568.0
 2024 10 11 13 05 00 000    9.16     1.66    -3.44  -735.90    -14.20      6.40    4.45     47599.0
 2024 10 11 13 06 00 000    9.22     2.68    -1.46  -734.30    -16.10     23.70    4.39     55983.0
 2024 10 11 13 07 00 000    8.49     2.07    -4.26  -733.20    -15.00     43.30    4.00     45746.0
 2024 10 11 13 08 00 000    7.53     1.43    -5.88  -744.50    -15.20     -8.80    5.03     57803.0
 2024 10 11 13 09 00 000    8.02     2.53    -4.74  -744.50    -14.20     -8.00    5.02     57769.0
 2024 10 11 13 10 00 000    8.37     4.24    -2.02  -743.90     -2.40      2.30    4.77     57355.0
 2024 10 11 13 11 00 000    9.00     2.60    -2.13  -743.90     -2.40      2.30    4.77     57355.0
 2024 10 11 13 12 00 000    9.35     0.45    -2.86  -729.90    -25.80      5.40    3.72     83452.0
 2024 10 11 13 13 00 000    9.32     0.98    -2.80  -729.90    -25.80      5.40    3.72     83452.0
 2024 10 11 13 14 00 000    9.40     1.34    -2.24  -731.30    -24.40      7.30    3.77     81474.0
 2024 10 11 13 15 00 000    9.15     1.49    -2.98  -732.20    -23.50      8.60    3.81     80160.0
 2024 10 11 13 16 00 000    8.14     1.54    -4.76  -735.00    -13.40      2.30    3.79     69082.0
 2024 10 11 13 17 00 000    6.34     0.19    -7.23  -735.40    -13.20      0.30    4.09     63462.0
 2024 10 11 13 18 00 000    5.81     0.01    -7.66  -736.30    -14.10     -4.90    5.03     47161.0
 2024 10 11 13 19 00 000    5.86    -0.05    -7.62  -736.30    -14.10     -4.90    5.03     47161.0
 2024 10 11 13 20 00 000    5.53     0.15    -7.89  -736.60    -11.30     15.80    4.67     36940.0
 2024 10 11 13 21 00 000    7.35     1.16    -5.89  -736.60    -11.30     15.80    4.67     36940.0
 2024 10 11 13 22 00 000    7.83     1.50    -5.07  -736.60    -11.30     15.80    4.67     36940.0
 2024 10 11 13 23 00 000    8.21     1.94    -4.30  -736.60    -11.30     15.80    4.67     36940.0
 2024 10 11 13 24 00 000    7.84     1.72    -5.01  -734.20    -11.30     11.00    5.29     68261.0
 2024 10 11 13 25 00 000    8.12     1.88    -4.50  -734.20    -11.30     11.00    5.29     68261.0
 2024 10 11 13 26 00 000    8.22     2.18    -4.25  -734.20    -11.30     11.00    5.29     68261.0
 2024 10 11 13 27 00 000    8.09     1.65    -4.64  -721.70     -9.70     36.90    4.54     49314.0
 2024 10 11 13 28 00 000    7.94     1.64    -4.89  -721.70     -9.70     36.90    4.54     49314.0
 2024 10 11 13 29 00 000    7.63     1.69    -5.33  -733.10    -13.30      7.80    5.57     59044.0
 2024 10 11 13 30 00 000    7.61     2.95    -3.96  -733.10    -13.30      7.80    5.57     59044.0
 2024 10 11 13 31 00 000    7.57     4.54    -1.86  -724.00     -4.50     24.30    6.29     55948.0
 2024 10 11 13 32 00 000    8.09     2.63    -2.79  -723.90     -4.40     24.40    6.29     55879.0
 2024 10 11 13 33 00 000    7.94     2.05    -3.73  -719.40     -2.30     26.40    6.44     53762.0
 2024 10 11 13 34 00 000    7.97     2.16    -3.66  -718.10     -4.60     24.20    6.24     49735.0
 2024 10 11 13 35 00 000    7.79     2.64    -3.59  -715.20     -9.50     19.50    5.79     41067.0
 2024 10 11 13 36 00 000    8.05     2.94    -2.51  -720.70     -2.70     25.30    6.36     56647.0
 2024 10 11 13 37 00 000    8.13     3.28    -1.79  -720.70     -5.40     31.70    6.77     58829.0
 2024 10 11 13 38 00 000    8.18     3.41    -0.70  -720.40     -7.50     36.10    7.06     59529.0
 2024 10 11 13 39 00 000    7.91     4.08    -0.41  -721.30     -4.80     37.00    7.92     55105.0
 2024 10 11 13 40 00 000    7.43     5.06     0.08  -721.40     -6.30     34.80    7.66     54812.0
 2024 10 11 13 41 00 000    8.47     2.95    -1.64  -721.40     -6.60     34.30    7.60     54741.0
 2024 10 11 13 42 00 000    8.40     3.30    -1.28  -715.50      5.30     23.50    7.11     72219.0
 2024 10 11 13 43 00 000    8.11     3.89    -1.28  -715.50      5.30     23.50    7.11     72219.0
 2024 10 11 13 44 00 000    8.19     3.33    -1.70  -719.80      3.80     25.90    8.36     53115.0
 2024 10 11 13 45 00 000    8.19     3.46    -1.43  -719.80      3.80     25.90    8.36     53115.0
 2024 10 11 13 46 00 000    8.24     2.91    -2.45  -721.80     -1.70     24.40    9.49     49487.0
 2024 10 11 13 47 00 000    8.45     2.82     0.65  -721.80     -1.70     24.40    9.49     49487.0
 2024 10 11 13 48 00 000    8.41     2.88     1.18  -721.40     -0.40     25.50    9.15     51479.0
 2024 10 11 13 49 00 000    8.72     3.17     0.01  -720.80      0.40     26.40    9.05     50933.0
 2024 10 11 13 50 00 000    8.72     3.29     0.62  -718.80      2.90     29.50    8.73     49141.0
 2024 10 11 13 51 00 000    8.67     3.49     0.70  -718.80      2.90     29.50    8.73     49141.0
 2024 10 11 13 53 00 000    8.73     3.33     1.03  -718.80      2.90     29.50    8.73     49141.0
 2024 10 11 13 55 00 000    8.77     3.19     1.21  -715.40     15.10     12.90    7.01     39495.0
 2024 10 11 13 56 00 000    8.86     3.03     1.11  -715.40     15.10     12.90    7.01     39495.0
 2024 10 11 13 57 00 000    8.81     3.15     1.26  -715.40     14.60     13.50    7.04     39758.0
 2024 10 11 13 58 00 000    8.81     3.20     1.35  -715.40     -1.50     32.90    8.00     48078.0
 2024 10 11 13 59 00 000    8.75     2.98     1.76  -715.40     -1.50     32.90    8.00     48078.0
 2024 10 11 14 00 00 000    8.73     2.64     2.15  -717.20     -2.40     35.80    7.91     52793.0
 2024 10 11 14 01 00 000    8.73     3.52     0.86  -717.00     -1.50     35.20    7.81     54255.0
 2024 10 11 14 02 00 000    8.01     5.16    -1.99  -715.30      5.60     31.00    7.04     65247.0
 2024 10 11 14 03 00 000    7.76     5.71    -2.62  -715.30      5.60     31.00    7.04     65247.0
 2024 10 11 14 04 00 000    8.32     4.87    -2.09  -720.00     -2.00     27.80    5.28     59765.0
 2024 10 11 14 05 00 000    8.22     5.26    -1.72  -720.00     -2.00     27.80    5.28     59765.0
 2024 10 11 14 06 00 000    7.87     5.58    -2.30  -724.90     15.90     36.30    5.57     62379.0
 2024 10 11 14 07 00 000    7.47     6.08    -2.39  -724.90     15.90     36.30    5.57     62379.0
 2024 10 11 14 08 00 000    7.42     5.96    -2.65  -722.80      2.20     32.30    5.42     55508.0
 2024 10 11 14 09 00 000    7.66     5.68    -2.70  -722.80      2.20     32.30    5.42     55508.0
 2024 10 11 14 10 00 000    8.01     5.44    -2.01  -720.50      0.30     32.10    5.54     52329.0
 2024 10 11 14 11 00 000    8.05     5.07    -1.89  -720.50      0.30     32.10    5.54     52329.0
 2024 10 11 14 12 00 000    7.90     5.25    -1.71  -716.80      1.30     29.50    6.62     51762.0
 2024 10 11 14 13 00 000    8.04     5.22    -1.27  -716.20      1.10     30.20    5.97     54860.0
 2024 10 11 14 14 00 000    8.30     4.76    -1.00  -715.90      1.00     31.10    5.49     57008.0
 2024 10 11 14 15 00 000    8.46     4.58    -0.74  -716.50      1.70     33.20    5.79     54850.0
 2024 10 11 14 16 00 000    8.85     3.99    -0.88  -713.60     -1.90     32.10    5.40     55321.0
 2024 10 11 14 17 00 000    8.67     4.44    -0.50  -713.40     -1.70     35.70    5.48     54854.0
 2024 10 11 14 18 00 000    8.76     4.34     0.10  -713.40     -1.30     39.00    5.59     54414.0
 2024 10 11 14 19 00 000    8.76     4.30    -0.05  -712.60     -3.10     34.10    5.36     59120.0
 2024 10 11 14 20 00 000    8.83     4.02     1.17  -712.60     -3.10     34.10    5.36     59120.0
 2024 10 11 14 21 00 000    8.67     4.55     0.34  -712.60     -3.10     34.10    5.36     59120.0
 2024 10 11 14 22 00 000    8.61     4.76     0.43  -713.40     -1.80     37.50    5.98     46959.0
 2024 10 11 14 23 00 000    8.42     5.18     0.68  -713.40     -1.80     37.50    5.98     46959.0
 2024 10 11 14 24 00 000    8.58     4.89     0.57  -714.50      1.20     38.50    4.97     55188.0
 2024 10 11 14 25 00 000    8.59     4.91     0.56  -714.60      1.50     38.60    4.88     55875.0
 2024 10 11 14 26 00 000    8.80     4.35    -0.22  -712.10     -0.50     34.40    5.23     60643.0
 2024 10 11 14 27 00 000    8.77     4.63     0.11  -712.10     -0.50     34.40    5.23     60643.0
 2024 10 11 14 28 00 000    8.57     4.96     0.34  -710.80     -0.10     35.80    5.28     51264.0
 2024 10 11 14 29 00 000    8.48     5.05     0.62  -710.80     -0.10     35.80    5.28     51021.0
 2024 10 11 14 30 00 000    8.51     5.13     1.06  -715.00     -2.90     38.60    4.83     60222.0
 2024 10 11 14 31 00 000    8.54     5.18     1.03  -715.20     -0.80     41.20    4.71     58717.0
 2024 10 11 14 32 00 000    8.69     4.97     1.33  -715.70      3.70     46.80    4.47     55398.0
 2024 10 11 14 33 00 000    8.56     5.12     1.62  -717.10     -3.90     40.70    5.17     40448.0
 2024 10 11 14 34 00 000    8.88     4.74     1.14  -717.20     -4.70     40.00    5.25     38787.0
 2024 10 11 14 35 00 000    9.07     4.44     0.78  -715.20     -5.20     35.80    4.82     43467.0
 2024 10 11 14 36 00 000    9.23     4.18     0.94  -715.00     -5.30     35.30    4.77     43974.0
 2024 10 11 14 37 00 000    9.14     3.47     2.37  -711.80    -23.40     29.70    4.94     57589.0
 2024 10 11 14 38 00 000    8.87     3.35     3.09  -709.00    -15.10     36.10    4.96     63613.0
 2024 10 11 14 39 00 000    8.90     3.16     3.28  -708.30    -24.90     34.30    4.65     62477.0
 2024 10 11 14 40 00 000    8.90     3.46     2.80  -709.50    -28.40     31.80    4.65     57710.0
 2024 10 11 14 41 00 000    8.40     5.41     2.16  -711.50    -15.30     36.10    5.07     48969.0
 2024 10 11 14 42 00 000    8.10     5.86     2.05  -718.60     -5.70     40.20    4.76     39849.0
 2024 10 11 14 43 00 000    9.13     4.31     1.91  -718.90     -5.70     40.20    4.73     39525.0
 2024 10 11 14 44 00 000    8.63     4.26     3.47  -712.80    -32.80     32.70    4.09     40482.0
 2024 10 11 14 45 00 000    8.35     4.18     4.06  -714.30    -29.80     39.80    4.51     38339.0
 2024 10 11 14 46 00 000    8.44     4.04     3.84  -714.70    -28.10     44.50    4.69     42043.0
 2024 10 11 14 47 00 000    8.87     4.59     1.98  -708.90    -26.50     26.20    3.75     59844.0
 2024 10 11 14 48 00 000    8.91     4.61     2.19  -704.40    -10.40     15.80    3.61     73482.0
 2024 10 11 14 49 00 000    9.01     4.35     2.30  -701.20    -10.60     26.10    3.17     85762.0
 2024 10 11 14 50 00 000    9.24     4.25     1.93  -692.90     -2.90     36.00    2.87     70832.0
 2024 10 11 14 51 00 000    9.29     4.21     1.80  -697.40     -9.00     38.70    2.93     90337.0
 2024 10 11 14 52 00 000    9.51     3.98     1.34  -693.00    -13.70     43.10    2.91     72066.0
 2024 10 11 14 53 00 000    9.56     4.04     1.45  -696.80    -14.70     28.30    2.61     63841.0
 2024 10 11 14 54 00 000    7.44     5.79     3.34  -701.90     -7.60     10.10    2.53     61611.0
 2024 10 11 14 55 00 000    8.24     4.79     3.33  -703.10     -3.20     31.10    4.92     55728.0
 2024 10 11 14 56 00 000    8.77     4.44     2.54  -703.10     -3.20     31.10    4.92     55728.0
 2024 10 11 14 57 00 000    8.70     4.52     2.86  -685.10    -11.80     30.60    4.85     50251.0
 2024 10 11 14 58 00 000    8.81     4.30     2.95  -685.10    -11.80     30.60    4.85     50251.0
 2024 10 11 14 59 00 000    8.72     4.55     2.94  -685.20     -8.60     31.30    4.73     74622.0
 2024 10 11 15 00 00 000    8.66     4.63     3.01  -685.20     -8.60     31.30    4.73     74622.0
 2024 10 11 15 01 00 000    8.57     4.73     3.17  -682.90     -9.30     33.40    4.69     48960.0
 2024 10 11 15 02 00 000    8.56     4.78     2.91  -683.30     -9.20     33.20    4.72     49375.0
 2024 10 11 15 03 00 000    8.49     5.07     2.17  -689.10     -7.70     30.90    5.22     57505.0
 2024 10 11 15 04 00 000    8.91     4.40     2.06  -688.60     -7.90     30.60    5.23     57808.0
 2024 10 11 15 05 00 000    9.05     3.93     2.35  -682.30     -9.60     27.70    5.39     61296.0
 2024 10 11 15 06 00 000    8.55     4.84     2.59  -685.70     -5.50     30.20    5.31     55484.0
 2024 10 11 15 07 00 000    8.33     4.98     2.68  -688.00     -2.60     32.00    5.25     51479.0
 2024 10 11 15 08 00 000    8.23     5.13     2.61  -691.70     -3.20     33.90    5.59     58993.0
 2024 10 11 15 09 00 000    8.54     4.68     2.61  -691.70     -3.20     33.90    5.59     59006.0
 2024 10 11 15 10 00 000    8.66     4.68     2.50  -686.20     -5.90     27.40    5.23     52365.0
 2024 10 11 15 11 00 000    9.02     3.93     2.35  -686.20     -5.90     27.40    5.23     52365.0
 2024 10 11 15 12 00 000    8.80     4.12     2.45  -683.90    -11.30     28.00    5.37     54743.0
 2024 10 11 15 13 00 000    8.88     3.95     2.32  -683.80    -11.50     28.00    5.37     54814.0
 2024 10 11 15 14 00 000    9.02     3.78     2.26  -682.60    -11.20     28.10    5.32     57072.0
 2024 10 11 15 15 00 000    9.15     3.54     2.05  -681.30    -10.90     28.30    5.27     59385.0
 2024 10 11 15 16 00 000    9.15     3.62     2.12  -681.30    -10.90     28.30    5.27     59385.0
 2024 10 11 15 17 00 000    9.22     3.72     2.25  -682.10    -11.70     28.10    4.75     83948.0
 2024 10 11 15 18 00 000    9.39     3.42     1.89  -681.90    -11.70     27.80    4.70     80189.0
 2024 10 11 15 19 00 000    9.09     3.70     2.16  -680.20    -11.70     25.80    4.32     51514.0
 2024 10 11 15 20 00 000    8.86     3.82     2.34  -680.20    -12.90     27.00    4.97     58274.0
 2024 10 11 15 21 00 000    9.09     3.69     2.21  -680.20    -13.80     28.00    5.46     63432.0
 2024 10 11 15 22 00 000    9.18     3.61     2.18  -677.30    -11.40     37.40    4.37     46216.0
 2024 10 11 15 23 00 000    9.20     3.83     2.02  -676.40    -10.70     40.20    4.05     41182.0
 2024 10 11 15 24 00 000    9.27     3.71     1.97  -679.90    -13.00     28.30    4.48     54543.0
 2024 10 11 15 25 00 000    9.00     3.63     2.32  -680.00    -13.10     27.80    4.50     55069.0
 2024 10 11 15 26 00 000    8.89     3.44     2.56  -675.80    -13.90     45.70    4.91     46782.0
 2024 10 11 15 27 00 000    9.03     3.40     2.37  -675.60    -13.90     46.50    4.93     46388.0
 2024 10 11 15 28 00 000    8.83     3.57     2.63  -675.60    -13.90     46.50    4.93     46388.0
 2024 10 11 15 29 00 000    8.89     3.49     2.44  -675.60    -13.90     46.50    4.93     46388.0
 2024 10 11 15 30 00 000    8.94     3.58     2.29  -679.60    -15.20     29.10    4.96     58855.0
 2024 10 11 15 31 00 000    8.97     3.67     2.50  -679.60    -15.20     29.10    4.96     58855.0
 2024 10 11 15 32 00 000    8.97     3.94     1.96  -680.20    -17.80     25.10    4.99     58517.0
 2024 10 11 15 33 00 000    8.78     4.19     2.19  -680.20    -17.80     25.10    4.99     58516.0
 2024 10 11 15 34 00 000    9.02     3.90     1.95  -682.40     -8.90     19.90    4.80     70603.0
 2024 10 11 15 35 00 000    9.07     3.94     1.84  -682.80     -7.50     19.10    4.77     72512.0
 2024 10 11 15 36 00 000    9.17     3.50     1.97  -681.20    -13.00     20.00    4.99     65977.0
 2024 10 11 15 37 00 000    9.22     3.32     1.94  -680.30    -16.40     20.50    5.11     61991.0
 2024 10 11 15 38 00 000    9.06     3.95     1.82  -679.30    -18.70     19.80    5.08     60578.0
 2024 10 11 15 39 00 000    9.07     3.95     1.64  -676.90    -24.00     18.30    5.02     57281.0
 2024 10 11 15 40 00 000    9.02     4.09     1.64  -677.70    -15.40     18.70    5.07     58874.0
 2024 10 11 15 41 00 000    9.30     3.51     1.57  -678.00    -12.70     18.80    5.09     59385.0
 2024 10 11 15 42 00 000    9.28     3.42     1.74  -676.60    -10.90     19.60    4.78     57691.0
 2024 10 11 15 43 00 000    9.29     3.41     1.60  -676.60    -10.90     19.60    4.78     57691.0
 2024 10 11 15 44 00 000    9.05     3.94     1.71  -669.90    -12.10     19.20    4.87     54305.0
 2024 10 11 15 45 00 000    8.88     4.33     1.67  -669.90    -12.10     19.20    4.87     54305.0
 2024 10 11 15 46 00 000    9.00     4.05     1.84  -671.20    -13.10      7.10    5.22     62495.0
 2024 10 11 15 47 00 000    9.08     3.63     1.54  -672.00     -9.70     10.60    5.27     62389.0
 2024 10 11 15 48 00 000    9.37     3.09     1.01  -674.60      1.80     22.40    5.43     62029.0
 2024 10 11 15 49 00 000    9.42     3.01     0.91  -676.00     -9.10     24.10    5.23     64534.0
 2024 10 11 15 50 00 000    9.47     2.69     1.11  -676.00     -9.10     24.10    5.23     64534.0
 2024 10 11 15 51 00 000    9.47     2.57     1.55  -676.00     -9.10     24.10    5.23     64534.0
 2024 10 11 15 52 00 000    9.74     1.99     0.90  -674.10     -9.50     18.70    5.24     78539.0
 2024 10 11 15 53 00 000    9.59     2.49     0.72  -674.10     -9.50     18.70    5.24     78420.0
 2024 10 11 15 54 00 000    9.51     2.58     0.98  -674.50     -8.40     22.30    5.24     66677.0
 2024 10 11 15 55 00 000    9.50     2.50     1.05  -673.60     -4.40     19.50    5.25     66735.0
 2024 10 11 15 56 00 000    9.52     2.37     1.17  -672.50      0.90     15.80    5.26     67007.0
 2024 10 11 15 57 00 000    9.41     2.97     1.17  -672.50      0.90     15.80    5.26     67007.0
 2024 10 11 15 58 00 000    9.49     2.68     1.07  -667.90    -11.10     13.00    5.07     62846.0
 2024 10 11 15 59 00 000    9.46     2.76     1.12  -667.90    -11.10     13.00    5.07     62846.0
 2024 10 11 16 00 00 000    9.34     3.19     1.15  -667.10    -14.00     11.70    5.30     68018.0
 2024 10 11 16 01 00 000    9.17     3.64     1.29  -667.10    -14.00     11.70    5.30     68018.0
 2024 10 11 16 02 00 000    9.38     3.14     1.24  -667.70    -17.90      8.20    5.53     83318.0
 2024 10 11 16 03 00 000    9.11     3.84     1.46  -667.70    -17.90      8.20    5.53     83318.0
 2024 10 11 16 04 00 000    9.00     4.01     1.43  -668.60    -19.80     27.90    5.07     61292.0
 2024 10 11 16 05 00 000    9.21     3.38     1.14  -668.70    -19.90     29.40    5.03     59575.0
 2024 10 11 16 06 00 000    9.33     3.20     1.01  -668.60     -9.90     10.00    5.56     71552.0
 2024 10 11 16 07 00 000    9.33     3.23     0.96  -668.60     -9.90     10.00    5.56     71552.0
 2024 10 11 16 08 00 000    9.48     2.94     0.61  -665.80    -13.10      7.40    5.36     66967.0
 2024 10 11 16 09 00 000    9.50     2.90     0.42  -665.80    -13.10      7.40    5.36     66967.0
 2024 10 11 16 10 00 000    9.51     2.88     0.42  -666.10    -14.30     11.50    5.25     69539.0
 2024 10 11 16 11 00 000    9.52     2.95     0.45  -666.50    -15.90     17.20    5.09     73184.0
 2024 10 11 16 12 00 000    9.41     3.24     0.44  -667.10    -13.30     13.20    5.33     71409.0
 2024 10 11 16 13 00 000    9.47     3.23     0.67  -667.40    -11.70     10.80    5.47     70350.0
 2024 10 11 16 14 00 000    9.42     3.00     0.94  -668.10    -10.40      8.70    5.36     71344.0
 2024 10 11 16 15 00 000    9.49     2.88     0.56  -668.00    -10.40      8.90    5.36     71121.0
 2024 10 11 16 16 00 000    9.61     2.72     0.03  -664.20     -9.50     21.80    5.20     55288.0
 2024 10 11 16 17 00 000    9.67     2.57    -0.12  -664.20     -9.50     21.80    5.20     55288.0
 2024 10 11 16 18 00 000    9.60     2.46    -0.34  -671.50     -6.80      7.00    5.05     63510.0
 2024 10 11 16 19 00 000    9.53     2.06    -0.65  -671.50     -6.80      7.00    5.05     63510.0
 2024 10 11 16 20 00 000    9.56     1.91    -0.46  -666.40     -8.00      5.70    5.51     80160.0
 2024 10 11 16 21 00 000    9.57     1.77    -0.63  -666.40     -8.00      5.70    5.51     80160.0
 2024 10 11 16 22 00 000    9.60     1.47    -1.04  -667.30     -9.90      5.40    5.49     82333.0
 2024 10 11 16 23 00 000    9.67     1.82    -0.56  -667.30     -9.90      5.40    5.49     82333.0
 2024 10 11 16 24 00 000    9.74     2.52     0.53  -670.30    -15.00      9.90    5.36     76736.0
 2024 10 11 16 25 00 000    9.67     2.78     0.68  -670.30    -15.00      9.90    5.36     76718.0
 2024 10 11 16 26 00 000    9.58     2.96     0.91  -670.80    -15.40     12.30    5.23     73605.0
 2024 10 11 16 27 00 000    9.57     3.01     0.83  -670.80    -15.40     12.30    5.23     73605.0
 2024 10 11 16 28 00 000    9.54     3.00     0.89  -671.70    -18.90     14.80    5.13     72847.0
 2024 10 11 16 29 00 000    9.59     2.88     0.81  -671.70    -18.90     14.80    5.13     72847.0
 2024 10 11 16 30 00 000    9.70     2.41     0.18  -672.00    -16.50     14.00    5.33     66276.0
 2024 10 11 16 31 00 000    9.73     2.07    -0.37  -672.10    -15.90     13.80    5.37     64771.0
 2024 10 11 16 32 00 000    9.69     2.08    -0.78  -669.40    -13.90     18.20    5.48     69118.0
 2024 10 11 16 33 00 000    9.55     2.99     0.40  -669.40    -13.90     18.20    5.48     69118.0
 2024 10 11 16 34 00 000    9.12     3.73     1.27  -669.40    -13.90     18.20    5.48     69118.0
 2024 10 11 16 35 00 000    8.56     4.20     1.93  -671.40    -27.90      5.70    7.79     76374.0
 2024 10 11 16 36 00 000    8.14     4.63     2.50  -671.50    -27.70      5.70    7.80     75332.0
 2024 10 11 16 37 00 000    8.12     4.60     2.42  -672.90    -23.20      5.10    8.10     53187.0
 2024 10 11 16 38 00 000    7.91     4.88     2.54  -672.90    -23.20      5.10    8.10     53187.0
 2024 10 11 16 39 00 000    8.05     4.75     2.54  -673.00    -24.70      3.80    8.27     51197.0
 2024 10 11 16 40 00 000    8.03     4.75     2.54  -673.20    -24.60      3.90    8.21     51288.0
 2024 10 11 16 41 00 000    8.14     4.58     2.42  -675.00    -24.10      4.70    7.62     52187.0
 2024 10 11 16 42 00 000    8.11     4.64     2.43  -674.90    -24.00      4.70    7.63     52441.0
 2024 10 11 16 43 00 000    8.11     4.76     2.33  -673.90    -23.10      4.20    7.70     55215.0
 2024 10 11 16 44 00 000    8.14     4.76     2.23  -673.90    -23.40      4.70    7.64     55068.0
 2024 10 11 16 45 00 000    8.09     4.85     2.18  -674.00    -24.40      6.60    7.41     54523.0
 2024 10 11 16 46 00 000    8.11     4.86     2.16  -675.30    -17.10      3.80    7.43     56326.0
 2024 10 11 16 47 00 000    8.05     4.78     2.18  -676.30    -11.50      1.60    7.45     57691.0
 2024 10 11 16 48 00 000    8.02     4.89     2.20  -676.30    -11.50      1.60    7.45     57691.0
 2024 10 11 16 49 00 000    8.02     4.87     2.28  -671.70    -26.10      8.00    7.15     71302.0
 2024 10 11 16 50 00 000    7.90     4.97     2.30  -671.70    -26.20      8.00    7.13     71230.0
 2024 10 11 16 51 00 000    8.01     4.87     2.34  -672.70    -28.70      8.00    6.59     68750.0
 2024 10 11 16 52 00 000    8.18     4.69     2.17  -672.70    -28.70      8.00    6.59     68750.0
 2024 10 11 16 53 00 000    8.15     4.48     2.03  -672.70    -28.70      8.00    6.59     68750.0
 2024 10 11 16 54 00 000    8.16     4.65     2.20  -672.70    -28.70      8.00    6.59     68750.0
 2024 10 11 16 55 00 000    8.20     4.66     2.20  -667.20    -26.60      7.10    6.49     55325.0
 2024 10 11 16 56 00 000    8.29     4.52     2.15  -667.20    -26.60      7.10    6.49     55325.0
 2024 10 11 16 57 00 000    8.33     4.44     2.15  -665.30    -24.10      8.20    6.52     60222.0
 2024 10 11 16 58 00 000    8.31     4.51     2.13  -665.30    -24.10      8.20    6.52     60219.0
 2024 10 11 16 59 00 000    8.32     4.42     2.11  -663.60    -27.50      9.10    6.37     49176.0
 2024 10 11 17 00 00 000    8.16     4.60     2.26  -663.80    -27.60      9.50    6.40     49968.0
 2024 10 11 17 01 00 000    7.89     4.89     2.16  -664.60    -27.90     11.70    6.60     54450.0
 2024 10 11 17 02 00 000    7.59     5.14     2.16  -665.10    -28.20     11.40    6.74     54439.0
 2024 10 11 17 03 00 000    7.52     5.28     2.25  -668.10    -30.10      9.40    7.52     54377.0
 2024 10 11 17 04 00 000    7.71     5.05     2.21  -666.00    -27.50     12.90    6.90     51652.0
 2024 10 11 17 05 00 000    7.68     5.12     2.17  -665.10    -26.30     14.40    6.64     50460.0
 2024 10 11 17 06 00 000    7.63     5.04     2.14  -665.10    -26.30     14.40    6.64     50460.0
 2024 10 11 17 07 00 000    7.74     5.04     2.07  -666.40    -25.60     12.60    6.80     69118.0
 2024 10 11 17 08 00 000    7.54     5.22     1.98  -666.40    -25.50     12.50    6.78     68521.0
 2024 10 11 17 09 00 000    7.37     5.66     2.24  -666.60    -24.10     10.10    6.52     59158.0
 2024 10 11 17 10 00 000    7.15     5.66     2.60  -667.10    -25.30     10.10    6.74     55516.0
 2024 10 11 17 11 00 000    7.17     5.54     2.53  -668.00    -27.20     10.10    7.09     49383.0
 2024 10 11 17 12 00 000    7.66     5.15     2.26  -666.40    -27.00     11.30    6.74     50650.0
 2024 10 11 17 13 00 000    7.86     4.90     2.11  -664.30    -26.80     12.80    6.26     52329.0
 2024 10 11 17 14 00 000    8.50     4.01     1.95  -664.30    -26.80     12.80    6.26     52329.0
 2024 10 11 17 15 00 000    8.79     3.38     1.98  -653.20    -27.00     11.00    5.41     53762.0
 2024 10 11 17 16 00 000    9.06     2.54     1.91  -653.20    -27.00     11.00    5.41     53762.0
 2024 10 11 17 17 00 000    9.35     1.55     1.82  -653.20    -27.00     11.00    5.41     53762.0
 2024 10 11 17 18 00 000    9.23     1.72     2.15  -660.10    -23.60     17.80    5.48     69527.0
 2024 10 11 17 19 00 000    9.28     1.78     2.01  -660.10    -23.60     17.80    5.48     69527.0
 2024 10 11 17 20 00 000    9.27     1.93     1.88  -662.10    -26.30     13.70    5.47     66244.0
 2024 10 11 17 21 00 000    9.40     1.23     1.92  -662.10    -26.30     13.70    5.47     66244.0
 2024 10 11 17 22 00 000    8.91     3.09     2.08  -658.90    -27.90     14.80    5.70     73705.0
 2024 10 11 17 23 00 000    9.06     2.66     1.92  -658.40    -28.10     14.90    5.73     74749.0
 2024 10 11 17 24 00 000    9.47     1.29     1.86  -658.40    -28.10     14.90    5.73     74749.0
 2024 10 11 17 25 00 000    9.52     0.88     1.94  -658.40    -28.10     14.90    5.73     74749.0
 2024 10 11 17 26 00 000    9.54     0.82     1.95  -662.50    -28.80     17.70    5.06     86995.0
 2024 10 11 17 27 00 000    9.49     2.47     1.53  -657.70    -25.90     23.30    4.24     79658.0
 2024 10 11 17 28 00 000    9.41     3.11     1.43  -654.60    -24.10     26.90    3.72     75005.0
 2024 10 11 17 29 00 000    9.73     1.65     1.55  -659.40    -13.90     26.80    3.88    101057.0
 2024 10 11 17 30 00 000    9.74     1.07     1.72  -659.40    -13.90     26.80    3.88    101057.0
 2024 10 11 17 31 00 000    9.58     2.16     2.14  -659.40    -13.90     26.80    3.88    101057.0
 2024 10 11 17 32 00 000    9.73     1.71     1.93  -659.90    -12.70     20.40    3.95    108047.0
 2024 10 11 17 33 00 000    9.69     1.76     1.94  -661.40    -17.20     20.10    3.90    102082.0
 2024 10 11 17 34 00 000    9.87     1.07     1.92  -664.70    -27.00     19.50    3.80     89164.0
 2024 10 11 17 35 00 000    9.92     1.07     1.72  -670.30    -18.30     22.30    3.61     88209.0
 2024 10 11 17 36 00 000    9.95     0.74     1.87  -669.80    -20.40     23.00    3.46     94149.0
 2024 10 11 17 37 00 000    9.96     1.40     1.83  -668.00    -26.60     24.80    3.05    110516.0
 2024 10 11 17 38 00 000    9.82     2.36     1.92  -658.80    -17.80     32.70    2.64     84450.0
 2024 10 11 17 39 00 000    9.66     2.99     2.18  -658.40    -17.40     33.00    2.62     83363.0
 2024 10 11 17 40 00 000    9.83     2.64     1.93  -658.40    -17.40     33.00    2.62     83363.0
 2024 10 11 17 41 00 000   10.04     1.93     1.76  -658.20    -19.30     30.50    2.55     95642.0
 2024 10 11 17 42 00 000   10.04     1.87     1.76  -653.70    -16.40     33.90    2.72     72543.0
 2024 10 11 17 43 00 000   10.04     2.12     1.64  -651.10    -14.80     35.80    2.82     59271.0
 2024 10 11 17 44 00 000    9.96     2.60     1.47  -651.40    -11.20     33.90    2.66     58366.0
 2024 10 11 17 45 00 000    9.90     2.76     1.53  -651.40    -11.20     33.90    2.66     58366.0
 2024 10 11 17 46 00 000    9.64     3.31     1.95  -653.60     -6.90     36.70    2.61     57510.0
 2024 10 11 17 47 00 000    9.54     3.24     2.51  -653.60     -6.90     36.70    2.61     57505.0
 2024 10 11 17 48 00 000    9.54     3.10     2.58  -653.60     -6.90     36.70    2.61     57505.0
 2024 10 11 17 49 00 000    9.62     3.09     2.38  -655.90    -15.20     39.10    2.82     65884.0
 2024 10 11 17 50 00 000    9.73     3.14     2.15  -655.90    -15.20     39.10    2.82     65884.0
 2024 10 11 17 51 00 000    9.41     3.36     2.61  -655.20    -15.50     46.70    2.50     56608.0
 2024 10 11 17 52 00 000    9.35     3.36     2.59  -656.00    -19.20     54.20    2.49     55325.0
 2024 10 11 17 53 00 000    9.35     2.53     2.40  -656.30    -13.20     42.40    2.66     68548.0
 2024 10 11 17 54 00 000    9.17     2.51     3.32  -656.30    -13.20     42.40    2.66     68548.0
 2024 10 11 17 55 00 000    9.02     3.08     3.23  -669.80     -9.50     50.60    2.89    121751.0
 2024 10 11 17 56 00 000    9.02     3.57     2.87  -669.80     -9.50     50.60    2.89    121751.0
 2024 10 11 17 57 00 000    8.66     4.51     2.29  -669.60     -2.80     44.90    2.82     86262.0
 2024 10 11 17 58 00 000    8.40     4.49     2.37  -669.60     -2.80     44.90    2.82     86262.0
 2024 10 11 17 59 00 000    8.58     4.35     2.76  -669.60     -2.80     44.90    2.82     86262.0
 2024 10 11 18 00 00 000    8.60     4.81     1.97  -675.20     12.60     42.20    2.99     82780.0
 2024 10 11 18 01 00 000    8.74     4.72     1.81  -675.20     12.60     42.20    2.99     82793.0
 2024 10 11 18 02 00 000    8.62     4.77     2.15  -678.10     10.70     34.80    3.49     98404.0
 2024 10 11 18 03 00 000    8.48     5.11     2.21  -679.20     16.10     38.00    3.31     87860.0
 2024 10 11 18 04 00 000    8.39     5.37     2.22  -679.50     17.70     38.90    3.25     84716.0
 2024 10 11 18 06 00 000    8.44     5.21     2.25  -679.50     17.70     38.90    3.25     84716.0
 2024 10 11 18 08 00 000    8.64     5.05     2.18  -679.50     17.70     38.90    3.25     84716.0
 2024 10 11 18 09 00 000    8.64     5.17     2.24  -679.50     17.70     38.90    3.25     84716.0
 2024 10 11 18 10 00 000    8.45     5.56     2.24  -669.30     23.10     31.30    3.18     83264.0
 2024 10 11 18 11 00 000    8.48     5.56     2.18  -669.70     19.90     33.60    3.12     82264.0
 2024 10 11 18 12 00 000    8.20     5.93     1.93  -670.40     14.80     37.50    3.01     80645.0
 2024 10 11 18 13 00 000    8.03     6.13     1.88  -675.10     18.00     36.70    3.31    102842.0
 2024 10 11 18 14 00 000    7.44     6.71     1.43  -679.90     19.20     38.30    3.37     80610.0
 2024 10 11 18 15 00 000    6.77     7.35     2.29  -679.60      9.20     36.60    3.51     69556.0
 2024 10 11 18 16 00 000    7.42     6.87     2.14  -677.60      0.30     33.80    3.53     62768.0
 2024 10 11 18 17 00 000    7.67     6.73     1.89  -671.30      3.90     36.60    3.26     60033.0
 2024 10 11 18 18 00 000    7.43     6.99     1.48  -671.30      3.90     36.60    3.26     60031.0
 2024 10 11 18 19 00 000    7.72     5.46     3.01  -669.70      5.00     30.00    3.46     76730.0
 2024 10 11 18 20 00 000    7.53     6.06     2.47  -678.30      0.60     29.00    4.68     64027.0
 2024 10 11 18 21 00 000    7.25     6.55     2.29  -671.70     -8.40     30.50    4.50     49174.0
 2024 10 11 18 22 00 000    6.62     7.13     2.60  -676.30     -8.20     30.50    3.79     54450.0
 2024 10 11 18 23 00 000    5.68     7.81     2.80  -676.60     -8.50     30.40    3.72     55507.0
 2024 10 11 18 24 00 000    7.82     5.76     2.03  -674.00     -5.70     32.00    4.26     59868.0
 2024 10 11 18 25 00 000    8.06     5.72     1.74  -679.00      7.20     36.10    3.82     65323.0
 2024 10 11 18 26 00 000    7.67     6.18     2.29  -680.70     12.70     38.30    3.38     71360.0
 2024 10 11 18 27 00 000    7.35     6.77     1.84  -679.10     -5.30     34.80    3.11     63982.0
 2024 10 11 18 28 00 000    7.30     6.81     1.38  -679.10     -5.30     34.80    3.11     63982.0
 2024 10 11 18 29 00 000    5.50     7.97     2.57  -660.90    -14.60     22.70    4.67     69691.0
 2024 10 11 18 30 00 000    6.20     7.47     2.61  -663.00    -12.90     23.00    4.68     65997.0
 2024 10 11 18 31 00 000    5.94     7.68     2.88  -673.30     -4.30     24.20    4.74     47605.0
 2024 10 11 18 32 00 000    6.18     7.67     2.80  -680.20     -7.90     22.20    4.66     44796.0
 2024 10 11 18 33 00 000    6.38     7.67     2.24  -677.70     -3.90     23.30    4.51     47016.0
 2024 10 11 18 34 00 000    6.79     7.29     2.03  -676.80     -2.50     23.70    4.45     47805.0
 2024 10 11 18 35 00 000    6.33     7.73     1.79  -675.90      3.20     12.80    4.57     34964.0
 2024 10 11 18 36 00 000    6.00     7.95     1.94  -675.80      2.90     13.10    4.56     35562.0
 2024 10 11 18 37 00 000    6.11     7.78     2.22  -673.80     -6.50     20.90    4.17     53814.0
 2024 10 11 18 38 00 000    6.11     7.80     2.02  -671.00     -5.00     16.30    4.56     50766.0
 2024 10 11 18 39 00 000    6.00     7.98     1.46  -669.30     -4.00     13.40    4.79     48763.0
 2024 10 11 18 40 00 000    5.74     8.16     1.26  -668.50     -4.60     12.50    4.82     49584.0
 2024 10 11 18 41 00 000    5.81     8.09     1.24  -669.90     -6.10     11.70    4.87     47653.0
 2024 10 11 18 42 00 000    6.28     7.61     1.30  -671.10     -7.50     11.00    4.92     45953.0
 2024 10 11 18 43 00 000    6.50     7.67     1.24  -669.20     -9.10      8.40    4.72     50580.0
 2024 10 11 18 44 00 000    6.78     7.29     1.45  -672.70      2.20     11.60    3.56     51335.0
 2024 10 11 18 45 00 000    7.37     6.88     0.86  -669.40     -5.90     23.80    3.60     52453.0
 2024 10 11 18 46 00 000    7.19     6.90     1.00  -668.10     -8.40     24.10    3.70     56128.0
 2024 10 11 18 47 00 000    7.66     6.40     1.87  -666.50     -9.70     18.30    3.77     67937.0
 2024 10 11 18 48 00 000    7.93     5.62     2.58  -666.60    -11.60     17.70    3.44     73146.0
 2024 10 11 18 49 00 000    8.21     5.25     1.23  -666.60    -12.20     17.50    3.33     74919.0
 2024 10 11 18 50 00 000    8.24     5.17     1.22  -663.00    -13.30     21.10    3.83     98083.0
 2024 10 11 18 51 00 000    8.55     4.64     0.78  -664.90    -12.40     24.30    3.73    103885.0
 2024 10 11 18 52 00 000    8.48     4.83     0.63  -661.70     -5.30     24.80    3.54     93921.0
 2024 10 11 18 53 00 000    8.02     5.49     0.93  -660.80     -4.00     24.50    3.51     91126.0
 2024 10 11 18 54 00 000    7.77     5.80     1.15  -660.70     -8.60     21.70    3.78     97770.0
 2024 10 11 18 55 00 000    8.31     5.05     0.83  -661.90     -5.50     21.70    3.64     99535.0
 2024 10 11 18 56 00 000    7.78     5.81     0.94  -663.60     -0.80     21.80    3.45    102147.0
 2024 10 11 18 57 00 000    7.16     6.42     1.47  -658.80    -12.60     10.50    3.88     75090.0
 2024 10 11 18 58 00 000    7.01     6.72     1.52  -658.80    -12.60     10.50    3.88     75090.0
 2024 10 11 18 59 00 000    7.21     6.56     1.45  -656.50    -11.50      9.70    3.85     70834.0
 2024 10 11 19 00 00 000    6.99     6.54     1.61  -655.60     -9.80     12.40    4.24     58947.0
 2024 10 11 19 01 00 000    7.01     6.62     1.25  -662.00     -9.50     20.30    4.85     54958.0
 2024 10 11 19 02 00 000    7.28     6.59     0.97  -661.80     -6.30     23.40    4.68     51762.0
 2024 10 11 19 03 00 000    7.44     6.71     0.50  -660.20    -10.20     26.10    3.62     88099.0
 2024 10 11 19 04 00 000    7.70     6.40     1.26  -661.10    -10.30     26.10    3.65     85393.0
 2024 10 11 19 05 00 000    7.94     5.66     2.11  -664.00    -10.80     25.90    3.74     76675.0
 2024 10 11 19 06 00 000    7.61     6.24     1.89  -661.30     -6.30     22.70    3.58     64064.0
 2024 10 11 19 07 00 000    7.34     6.35     1.62  -661.40     -7.00     22.90    3.80     63239.0
 2024 10 11 19 08 00 000    7.11     6.43     1.11  -661.90     -9.80     23.60    4.66     59917.0
 2024 10 11 19 09 00 000    6.95     6.63     1.01  -666.70    -10.50     20.50    5.50     58123.0
 2024 10 11 19 10 00 000    6.98     6.60     0.50  -667.10    -10.50     20.30    5.56     57991.0
 2024 10 11 19 11 00 000    7.03     6.44     0.75  -665.60    -10.70     19.80    5.61     58969.0
 2024 10 11 19 12 00 000    7.50     5.81     1.15  -665.30     -9.80     20.00    5.61     60285.0
 2024 10 11 19 13 00 000    7.45     5.90     1.62  -663.90     -5.90     20.70    5.63     66284.0
 2024 10 11 19 14 00 000    7.58     5.94     2.12  -663.90    -15.70     26.50    4.48     53450.0
 2024 10 11 19 15 00 000    7.71     5.90     1.99  -663.90    -16.70     27.10    4.37     52187.0
 2024 10 11 19 16 00 000    7.49     6.21     1.78  -667.80     -9.90     20.50    4.56     56835.0
 2024 10 11 19 17 00 000    7.58     6.18     2.40  -667.80     -9.90     20.50    4.56     56835.0
 2024 10 11 19 18 00 000    7.89     5.85     1.99  -667.30    -17.80     23.10    4.37     57579.0
 2024 10 11 19 19 00 000    7.88     5.89     2.00  -667.30    -17.80     22.80    4.38     57142.0
 2024 10 11 19 20 00 000    8.19     5.54     1.87  -666.70    -17.40     16.10    4.63     46388.0
 2024 10 11 19 21 00 000    8.40     5.12     2.21  -662.80    -18.90     23.10    4.69     43714.0
 2024 10 11 19 22 00 000    8.12     5.36     2.57  -661.60    -19.40     25.20    4.70     42904.0
 2024 10 11 19 23 00 000    8.09     5.34     2.83  -661.50    -22.70     23.90    4.87     42294.0
 2024 10 11 19 24 00 000    7.88     5.58     2.93  -661.50    -22.70     23.90    4.87     42342.0
 2024 10 11 19 25 00 000    8.38     4.97     2.21  -663.00    -23.50     21.50    4.82     45123.0
 2024 10 11 19 26 00 000    8.21     5.29     2.22  -661.30    -24.70     23.90    5.11     41669.0
 2024 10 11 19 27 00 000    8.19     5.48     1.97  -659.40    -26.20     26.70    5.44     37631.0
 2024 10 11 19 28 00 000    7.80     5.89     2.51  -658.00    -18.80     22.30    5.48     41289.0
 2024 10 11 19 29 00 000    8.26     5.56     1.96  -658.00    -18.60     22.20    5.48     41403.0
 2024 10 11 19 30 00 000    8.30     5.55     2.07  -656.10    -20.60     19.50    4.25     37692.0
 2024 10 11 19 31 00 000    8.08     5.74     2.36  -656.30    -20.70     20.00    4.28     37679.0
 2024 10 11 19 32 00 000    8.29     5.49     2.25  -657.20    -21.00     23.20    4.45     37601.0
 2024 10 11 19 33 00 000    8.28     5.47     2.39  -657.00    -21.00     23.30    4.46     41367.0
 2024 10 11 19 34 00 000    7.86     5.89     2.81  -656.60    -21.10     23.60    4.50     50951.0
 2024 10 11 19 35 00 000    8.42     5.65     1.39  -654.90    -23.60     21.00    4.25     42977.0
 2024 10 11 19 36 00 000    8.50     5.57     1.45  -654.20    -24.70     19.80    4.14     39433.0
 2024 10 11 19 37 00 000    7.91     5.78     2.95  -655.90    -13.30     13.60    4.48     42936.0
 2024 10 11 19 38 00 000    8.19     5.33     3.08  -656.00    -19.90     23.30    4.38     40485.0
 2024 10 11 19 39 00 000    8.69     4.74     2.33  -656.10    -24.10     29.40    4.33     38940.0
 2024 10 11 19 40 00 000    8.33     5.01     3.04  -656.60    -28.30     26.60    4.42     41087.0
 2024 10 11 19 41 00 000    8.44     4.78     3.12  -656.60    -28.40     26.60    4.42     40980.0
 2024 10 11 19 42 00 000    8.62     4.93     2.20  -655.70    -39.90     30.60    3.98     28279.0
 2024 10 11 19 43 00 000    8.82     4.70     2.32  -655.30    -39.20     30.20    3.99     29753.0
 2024 10 11 19 44 00 000    8.99     4.30     2.50  -652.20    -33.70     27.20    4.08     41182.0
 2024 10 11 19 45 00 000    9.27     4.09     2.00  -652.20    -33.70     27.20    4.08     41182.0
 2024 10 11 19 46 00 000    8.86     4.66     2.42  -650.60    -38.90     18.60    4.28     42070.0
 2024 10 11 19 47 00 000    8.97     4.45     2.13  -650.50    -38.80     18.50    4.27     42012.0
 2024 10 11 19 48 00 000    9.90     2.71    -0.05  -647.30    -31.80     15.40    4.03     39124.0
 2024 10 11 19 49 00 000   10.05     2.26    -0.05  -647.30    -31.80     15.40    4.03     39124.0
 2024 10 11 19 50 00 000    9.92     2.74    -0.10  -638.60    -31.10      5.50    4.03     53546.0
 2024 10 11 19 51 00 000   10.18     1.79    -0.03  -638.60    -31.10      5.50    4.03     53546.0
 2024 10 11 19 52 00 000   10.08     2.22     0.28  -637.20    -32.70      5.90    4.21     46222.0
 2024 10 11 19 53 00 000    9.84     3.28     0.47  -637.60    -33.20      7.10    4.38     41908.0
 2024 10 11 19 54 00 000    9.90     2.95     1.11  -640.70    -32.30     10.30    4.61     39653.0
 2024 10 11 19 55 00 000    9.69     3.48     1.35  -640.00    -30.00     15.90    4.27     44645.0
 2024 10 11 19 56 00 000    9.39     4.31     0.91  -641.90    -25.60     21.10    4.32     42175.0
 2024 10 11 19 57 00 000    8.43     6.06     0.33  -646.40    -23.70     18.90    4.27     40251.0
 2024 10 11 19 58 00 000    8.19     6.45     0.09  -650.70    -22.10     16.40    4.23     38569.0
 2024 10 11 19 59 00 000    8.02     6.72     0.74  -652.70     -6.00     10.50    4.32     37392.0
 2024 10 11 20 00 00 000    7.41     7.39     0.36  -657.00    -10.10     19.20    4.60     37366.0
 2024 10 11 20 01 00 000    7.52     7.20     0.34  -658.00    -11.50     21.30    4.72     37293.0
 2024 10 11 20 02 00 000    7.55     7.21     0.64  -658.30    -15.20     20.80    5.29     36612.0
 2024 10 11 20 03 00 000    8.24     6.40     1.45  -658.30    -15.20     20.80    5.29     36612.0
 2024 10 11 20 04 00 000    8.23     6.34     1.96  -650.00    -26.10     28.50    4.88     56984.0
 2024 10 11 20 05 00 000    9.01     5.08     2.03  -650.00    -26.10     28.50    4.88     56984.0
 2024 10 11 20 06 00 000    8.97     5.02     2.52  -642.30    -32.40     30.20    4.65     40271.0
 2024 10 11 20 07 00 000    8.77     5.39     2.62  -642.80    -31.90     30.40    4.63     40945.0
 2024 10 11 20 08 00 000    8.43     6.20     2.25  -649.60    -25.30     32.70    4.41     50251.0
 2024 10 11 20 09 00 000    8.48     6.27     1.80  -649.60    -25.30     32.70    4.41     50251.0
 2024 10 11 20 10 00 000    8.12     6.60     2.01  -646.50    -21.40     27.20    4.27     45720.0
 2024 10 11 20 11 00 000    8.41     6.22     2.24  -648.00    -19.20     29.60    4.16     42989.0
 2024 10 11 20 12 00 000    8.77     5.72     1.49  -654.00    -10.70     39.20    3.73     32228.0
 2024 10 11 20 13 00 000    7.44     6.94     3.55  -657.30    -18.90     38.90    4.50     32830.0
 2024 10 11 20 14 00 000    7.14     6.93     4.03  -660.20    -26.00     38.60    5.17     33354.0
 2024 10 11 20 15 00 000    7.61     6.41     4.01  -660.20    -26.00     38.60    5.17     33354.0
 2024 10 11 20 16 00 000    8.97     4.57     3.37  -640.90    -47.60     38.00    4.35     38971.0
 2024 10 11 20 17 00 000    8.45     4.82     4.05  -640.90    -47.60     38.00    4.35     38971.0
 2024 10 11 20 18 00 000    9.30     4.02     3.41  -640.90    -47.60     38.00    4.35     38971.0
 2024 10 11 20 19 00 000    9.02     3.98     3.73  -648.20    -40.70     33.80    6.07     32901.0
 2024 10 11 20 20 00 000    9.08     3.77     4.00  -648.20    -40.70     33.80    6.07     32901.0
 2024 10 11 20 21 00 000    9.30     3.11     4.19  -647.40    -44.80     31.00    4.82     34848.0
 2024 10 11 20 22 00 000    8.78     4.14     4.38  -647.40    -44.80     31.00    4.82     34848.0
 2024 10 11 20 23 00 000    8.68     4.07     4.78  -650.30    -42.10     41.80    4.36     51832.0
 2024 10 11 20 24 00 000    8.67     4.44     4.44  -650.30    -42.10     41.80    4.36     51832.0
 2024 10 11 20 25 00 000    8.87     3.98     4.68  -652.80    -37.90     40.90    4.18     40679.0
 2024 10 11 20 26 00 000    8.84     5.02     3.79  -648.30    -38.90     43.80    3.41     43340.0
 2024 10 11 20 27 00 000    8.53     5.41     4.05  -650.10    -33.40     47.30    3.11     45541.0
 2024 10 11 20 28 00 000    8.46     5.68     3.82  -653.90    -37.40     36.50    3.37     43130.0
 2024 10 11 20 29 00 000    8.77     3.26     4.88  -651.40    -42.90     39.30    3.54     45134.0
 2024 10 11 20 30 00 000    9.07     3.08     4.96  -644.90    -57.10     46.50    3.96     50315.0
 2024 10 11 20 31 00 000    8.93     3.65     4.77  -645.20    -51.80     49.90    3.73     42747.0
 2024 10 11 20 32 00 000    8.97     3.72     4.50  -648.00    -43.20     54.90    3.69     49298.0
 2024 10 11 20 33 00 000    8.84     3.95     4.48  -649.60    -40.50     57.90    3.55     54298.0
 2024 10 11 20 34 00 000    8.63     3.97     4.87  -650.80    -41.80     55.90    3.53     58945.0
 2024 10 11 20 35 00 000    8.66     4.24     4.65  -651.30    -42.20     55.10    3.53     60643.0
 2024 10 11 20 36 00 000    8.99     4.49     3.78  -643.30    -38.30     39.10    3.37     45110.0
 2024 10 11 20 37 00 000    9.11     4.00     4.08  -644.50    -44.40     44.60    3.30     42873.0
 2024 10 11 20 38 00 000    9.52     3.09     3.85  -641.60    -54.20     45.40    3.30     43142.0
 2024 10 11 20 39 00 000    9.28     3.42     4.05  -638.80    -58.70     47.90    3.33     41796.0
 2024 10 11 20 40 00 000    9.46     3.15     3.74  -638.80    -60.50     50.90    3.30     38934.0
 2024 10 11 20 41 00 000    9.60     2.52     3.94  -637.50    -63.50     42.60    3.22     38633.0
 2024 10 11 20 42 00 000    9.49     2.60     4.28  -635.90    -52.70     41.30    3.35     37932.0
 2024 10 11 20 43 00 000    9.18     2.99     4.75  -644.90    -64.10     36.60    3.12     30764.0
 2024 10 11 20 44 00 000    9.52     4.07     2.91  -642.10    -52.00     36.80    3.19     38734.0
 2024 10 11 20 45 00 000    8.28     6.77     0.94  -640.00    -43.20     36.90    3.24     44497.0
 2024 10 11 20 46 00 000    9.54     4.23     2.69  -640.00    -43.20     36.90    3.24     44497.0
 2024 10 11 20 47 00 000    9.19     5.42     0.02  -641.50     -3.30    -14.90    3.41     40640.0
 2024 10 11 20 48 00 000    9.23     4.75     1.57  -638.10    -44.10     33.80    3.07     48128.0
 2024 10 11 20 49 00 000    8.57     3.93     5.66  -640.60    -55.50     42.80    3.28     44891.0
 2024 10 11 20 50 00 000    8.80     4.33     4.63  -648.30    -49.60     57.30    5.12     35042.0
 2024 10 11 20 51 00 000    8.73     4.25     4.91  -648.30    -49.40     57.30    5.14     34877.0
 2024 10 11 20 52 00 000    8.64     4.35     5.27  -652.20    -47.60     58.20    4.22     37330.0
 2024 10 11 20 53 00 000    8.54     4.46     5.10  -652.20    -47.60     58.20    4.22     37330.0
 2024 10 11 20 54 00 000    8.25     4.32     5.57  -650.60    -44.00     58.60    5.38     33156.0
 2024 10 11 20 55 00 000    8.02     4.90     5.38  -650.60    -44.00     58.60    5.38     33156.0
 2024 10 11 20 56 00 000    8.05     5.10     5.05  -650.60    -44.00     58.60    5.38     33156.0
 2024 10 11 20 57 00 000    8.16     5.45     4.50  -650.60    -44.00     58.60    5.38     33156.0
 2024 10 11 20 58 00 000    8.15     5.43     4.41  -650.00    -41.10     63.20    6.14     31561.0
 2024 10 11 20 59 00 000    8.58     5.25     3.86  -650.00    -41.10     63.20    6.14     31561.0
 2024 10 11 21 00 00 000    8.17     5.59     4.18  -650.00    -41.10     63.20    6.14     31561.0
 2024 10 11 21 01 00 000    7.88     6.06     4.02  -650.00    -41.10     63.20    6.14     31561.0
 2024 10 11 21 02 00 000    8.18     5.71     3.98  -650.00    -41.10     63.20    6.14     31561.0
 2024 10 11 21 03 00 000    8.51     5.22     4.15  -650.00    -41.10     63.20    6.14     31561.0
 2024 10 11 21 04 00 000    8.59     5.05     4.11  -650.00    -41.10     63.20    6.14     31561.0
 2024 10 11 21 05 00 000    8.72     4.79     4.25  -650.00    -41.10     63.20    6.14     31561.0
 2024 10 11 21 06 00 000    8.54     4.97     4.38  -651.60    -38.20     55.40    5.70     36693.0
 2024 10 11 21 07 00 000    8.56     5.00     4.64  -651.90    -38.10     55.90    5.66     35511.0
 2024 10 11 21 08 00 000    8.43     5.33     4.19  -655.00    -32.30     47.90    5.24     31038.0
 2024 10 11 21 09 00 000    8.51     5.57     4.59  -655.00    -32.30     47.90    5.24     31038.0
 2024 10 11 21 10 00 000    8.43     5.78     4.69  -655.00    -32.30     47.90    5.24     31038.0
 2024 10 11 21 11 00 000    8.32     6.03     4.51  -650.40    -28.40     61.80    2.71     32004.0
 2024 10 11 21 12 00 000    8.18     6.42     4.24  -650.40    -28.40     61.70    2.71     32106.0
 2024 10 11 21 13 00 000    8.03     6.68     4.07  -649.90    -26.60     56.50    2.54     40804.0
 2024 10 11 21 14 00 000    7.60     7.46     2.89  -647.50    -31.60     59.70    2.53     35395.0
 2024 10 11 21 15 00 000    7.80     7.70     2.76  -648.10    -29.60     60.60    2.44     41757.0
 2024 10 11 21 16 00 000    7.64     7.81     2.79  -651.20    -21.80     59.90    2.25     57213.0
 2024 10 11 21 17 00 000    7.84     7.60     2.89  -650.60    -16.60     58.90    2.24     39217.0
 2024 10 11 21 18 00 000    7.46     7.95     2.20  -650.60    -16.60     58.90    2.24     39217.0
 2024 10 11 21 19 00 000    7.35     8.05     1.79  -650.60    -16.60     58.90    2.24     39217.0
 2024 10 11 21 20 00 000    7.71     7.65     2.24  -650.60    -16.60     58.90    2.24     39217.0
 2024 10 11 21 21 00 000    7.75     7.58     2.27  -650.60    -16.60     58.90    2.24     39217.0
 2024 10 11 21 22 00 000    7.89     7.26     2.46  -650.60    -16.60     58.90    2.24     39217.0
 2024 10 11 21 23 00 000    6.77     8.07     1.29  -671.80    -54.00     38.60    2.36    101255.0
 2024 10 11 21 24 00 000    7.04     7.86     1.44  -672.10    -53.10     38.50    2.37    100531.0
 2024 10 11 21 25 00 000    6.69     8.02     0.89  -677.20    -39.20     37.30    2.45     89511.0
 2024 10 11 21 26 00 000    6.73     7.99     0.87  -671.30    -43.60     44.80    2.69    117860.0
 2024 10 11 21 27 00 000    6.68     8.25     0.82  -669.00    -45.90     47.50    2.77    128575.0
 2024 10 11 21 28 00 000    7.16     6.87     3.82  -666.50    -42.50     27.80    3.61     58203.0
 2024 10 11 21 29 00 000    7.88     6.58     3.64  -671.20    -27.80     28.20    3.81     48500.0
 2024 10 11 21 30 00 000    8.04     6.79     3.15  -676.30    -12.10     28.70    4.01     38572.0
 2024 10 11 21 31 00 000    8.02     6.94     3.07  -667.90    -33.10     43.50    3.65     35373.0
 2024 10 11 21 32 00 000    7.79     7.52     1.82  -667.90    -33.10     43.50    3.65     35373.0
 2024 10 11 21 33 00 000    7.54     7.90     1.27  -677.30    -16.60     25.80    3.93     42486.0
 2024 10 11 21 34 00 000    7.49     7.83     0.97  -677.30    -16.60     25.80    3.93     42486.0
 2024 10 11 21 35 00 000    7.23     7.23     3.55  -677.30    -16.60     25.80    3.93     42486.0
 2024 10 11 21 36 00 000    7.61     7.11     3.44  -671.90     13.20     15.50    4.39     26554.0
 2024 10 11 21 37 00 000    7.40     7.33     3.49  -671.90     13.20     15.50    4.39     26554.0
 2024 10 11 21 38 00 000    7.11     7.68     3.37  -672.80      8.40     17.40    4.35     26880.0
 2024 10 11 21 39 00 000    6.74     7.93     3.50  -676.90    -13.00     26.10    4.12     28332.0
 2024 10 11 21 40 00 000    7.06     7.76     3.42  -676.90    -13.00     26.10    4.12     28332.0
 2024 10 11 21 41 00 000    6.99     7.79     3.53  -676.90     -8.80     28.20    3.92     28541.0
 2024 10 11 21 42 00 000    6.70     8.03     3.54  -676.90     -8.80     28.20    3.92     28541.0
 2024 10 11 21 43 00 000    7.36     7.12     4.25  -669.30     10.80     18.10    3.75     27758.0
 2024 10 11 21 44 00 000    7.58     6.67     4.54  -669.30     10.80     18.10    3.75     27758.0
 2024 10 11 21 45 00 000    7.31     7.30     3.75  -669.30     10.80     18.10    3.75     27758.0
 2024 10 11 21 46 00 000    7.25     6.20     5.64  -669.30     10.80     18.10    3.75     27758.0
 2024 10 11 21 47 00 000    7.25     6.29     5.47  -669.30     10.80     18.10    3.75     27758.0
 2024 10 11 21 48 00 000    7.06     5.98     6.02  -669.30     10.80     18.10    3.75     27758.0
 2024 10 11 21 49 00 000    7.35     5.83     5.83  -669.30     10.80     18.10    3.75     27758.0
 2024 10 11 21 50 00 000    7.44     5.80     5.75  -669.30     10.80     18.10    3.75     27758.0
 2024 10 11 21 51 00 000    7.66     5.56     5.63  -667.80     -6.20      7.50    4.31     30846.0
 2024 10 11 21 52 00 000    7.70     5.48     5.66  -667.80     -6.20      7.50    4.31     30846.0
 2024 10 11 21 53 00 000    7.81     5.16     5.80  -667.80     -6.20      7.50    4.31     30846.0
 2024 10 11 21 54 00 000    7.96     4.94     5.82  -680.20     17.00    -24.70    3.94     38483.0
 2024 10 11 21 55 00 000    8.37     4.93     5.29  -675.80     15.30    -10.90    3.80     37786.0
 2024 10 11 21 56 00 000    8.15     5.08     5.15  -671.20     13.50      3.40    3.65     37067.0
 2024 10 11 21 57 00 000    8.51     5.61     4.29  -671.20     13.50      3.40    3.65     37067.0
 2024 10 11 21 58 00 000    8.59     5.48     4.45  -672.70    -12.70     13.30    3.75     39032.0
 2024 10 11 21 59 00 000    8.66     5.00     5.06  -672.70    -12.70     13.30    3.75     39032.0
 2024 10 11 22 00 00 000    8.62     5.14     5.21  -669.90     -7.40      6.90    3.68     39742.0
 2024 10 11 22 01 00 000    8.79     4.88     5.27  -669.90     -7.40      6.90    3.68     39741.0
 2024 10 11 22 02 00 000    8.39     4.38     6.36  -664.80    -15.20     23.70    3.52     38280.0
 2024 10 11 22 03 00 000    8.78     4.67     5.78  -664.30    -15.90     25.30    3.50     38146.0
 2024 10 11 22 04 00 000    8.65     4.30     6.30  -672.40    -14.80     11.40    3.64     38787.0
 2024 10 11 22 05 00 000    8.94     4.39     5.90  -672.40    -14.80     11.40    3.64     38787.0
 2024 10 11 22 06 00 000    8.92     3.96     6.17  -672.40    -14.80     11.40    3.64     38787.0
 2024 10 11 22 07 00 000    8.59     3.67     6.73  -672.50    -15.90     11.80    3.77     42358.0
 2024 10 11 22 08 00 000    8.46     3.40     7.01  -672.50    -15.90     11.80    3.77     42358.0
 2024 10 11 22 09 00 000    9.10     3.38     6.09  -672.50    -15.90     11.80    3.77     42358.0
 2024 10 11 22 10 00 000    9.38     2.77     5.99  -666.70    -28.20     13.10    3.05     30628.0
 2024 10 11 22 11 00 000    9.34     2.78     6.05  -666.70    -28.20     13.10    3.05     30628.0
 2024 10 11 22 12 00 000    8.94     3.03     6.51  -666.70    -28.20     13.10    3.05     30628.0
 2024 10 11 22 13 00 000    9.29     3.18     5.95  -666.70    -28.20     13.10    3.05     30628.0
 2024 10 11 22 14 00 000    9.31     3.05     6.01  -666.70    -28.20     13.10    3.05     30628.0
 2024 10 11 22 15 00 000    9.35     2.67     6.13  -661.70    -13.40     18.40    3.02     50986.0
 2024 10 11 22 16 00 000    9.21     1.73     6.44  -661.70    -13.40     18.40    3.02     50986.0
 2024 10 11 22 17 00 000    9.58     1.29     6.14  -655.30    -34.00     19.80    3.25     34298.0
 2024 10 11 22 18 00 000    9.39     1.08     6.29  -655.30    -33.00     19.40    3.25     34354.0
 2024 10 11 22 19 00 000    9.43     2.09     6.21  -654.80      1.40      4.50    3.40     36285.0
 2024 10 11 22 20 00 000    6.26     7.48     6.01  -657.10      0.90      6.30    3.53     35697.0
 2024 10 11 22 21 00 000    7.11     6.46     6.33  -678.60     -4.00     23.00    4.71     30302.0
 2024 10 11 22 22 00 000    6.88     6.61     6.34  -673.40      5.20     17.80    3.99     36754.0
 2024 10 11 22 23 00 000    6.91     6.32     6.82  -674.00      0.30     21.50    4.08     34598.0
 2024 10 11 22 24 00 000    6.82     6.39     6.81  -673.60      4.80     20.90    4.29     31265.0
 2024 10 11 22 25 00 000    6.06     7.24     6.69  -671.80     15.00     15.90    4.26     31533.0
 2024 10 11 22 26 00 000    7.30     6.06     6.52  -671.90      5.90     12.00    4.69     26326.0
 2024 10 11 22 27 00 000    8.14     5.51     6.22  -671.90      5.90     12.00    4.69     26326.0
 2024 10 11 22 28 00 000    8.45     5.28     6.04  -669.50     -7.20      7.00    4.14     29683.0
 2024 10 11 22 30 00 000    8.53     5.13     6.04  -669.50     -7.20      7.00    4.14     29683.0
 2024 10 11 22 31 00 000    8.53     5.13     6.04  -669.50     -7.20      7.00    4.14     29683.0
 2024 10 11 22 32 00 000    8.33     5.10     6.38  -669.50     -7.20      7.00    4.14     29683.0
 2024 10 11 22 33 00 000    7.67     6.31     6.22  -669.50     -7.20      7.00    4.14     29683.0
 2024 10 11 22 34 00 000    7.92     6.07     6.14  -669.50     -7.20      7.00    4.14     29683.0
 2024 10 11 22 35 00 000    7.54     5.95     6.70  -651.70    -33.00     14.20    3.43     38371.0
 2024 10 11 22 36 00 000    7.92     6.11     6.26  -653.50    -32.40      8.70    3.36     42049.0
 2024 10 11 22 37 00 000    7.79     6.24     6.33  -653.50    -20.10     10.30    2.78     40553.0
 2024 10 11 22 38 00 000    7.85     6.27     6.29  -658.80    -32.70      9.00    3.16     36747.0
 2024 10 11 22 39 00 000    7.75     6.32     6.36  -649.80    -36.60      4.30    3.18     34345.0
 2024 10 11 22 40 00 000    7.61     6.45     6.41  -645.90    -18.40      5.50    3.85     36136.0
 2024 10 11 22 41 00 000    7.50     6.18     6.74  -658.00    -37.90     -5.90    3.02     30259.0
 2024 10 11 22 42 00 000    7.81     6.04     6.76  -654.40    -17.60      7.20    3.19     36540.0
 2024 10 11 22 43 00 000    7.45     8.92     2.66  -650.10      4.80     -0.70    3.52     41708.0
 2024 10 11 22 44 00 000    6.89     9.78     0.11  -664.30      1.60     -2.20    3.52     45520.0
 2024 10 11 22 45 00 000    7.21     9.60    -0.89  -664.20     12.40    -18.50    3.18     42793.0
 2024 10 11 22 46 00 000    7.77     8.84     1.49  -663.90     30.80    -46.20    2.62     38146.0
 2024 10 11 22 47 00 000    8.27     7.43     4.48  -651.50     -0.60      0.20    2.56     35515.0
 2024 10 11 22 48 00 000    7.84     6.38     6.42  -648.50     -7.20     10.70    2.56     34839.0
 2024 10 11 22 49 00 000    8.02     6.94     5.68  -644.10     16.20      3.50    2.91     32311.0
 2024 10 11 22 50 00 000    8.10     7.21     5.05  -647.40      8.60      0.10    2.72     52790.0
 2024 10 11 22 51 00 000    7.26     5.64     7.78  -648.40      6.30     -0.90    2.67     58931.0
 2024 10 11 22 52 00 000    7.25     6.69     6.96  -647.20    -15.10     16.40    3.37     52972.0
 2024 10 11 22 53 00 000    7.00     5.22     7.94  -647.20    -15.10     16.40    3.37     52968.0
 2024 10 11 22 54 00 000    6.35     1.99     9.70  -668.70    -27.00      9.50    4.56     43945.0
 2024 10 11 22 55 00 000    6.37     2.05     9.73  -668.80    -27.00      9.50    4.56     43909.0
 2024 10 11 22 56 00 000    6.49     4.59     8.69  -669.70    -31.30      5.00    4.10     43941.0
 2024 10 11 22 57 00 000    6.43     5.04     8.47  -669.70    -31.30      5.00    4.10     43941.0
 2024 10 11 22 58 00 000    6.33     5.16     8.39  -663.20    -43.40      8.00    5.16     40178.0
 2024 10 11 22 59 00 000    6.42     4.99     8.33  -663.20    -43.40      8.00    5.16     40178.0
 2024 10 11 23 00 00 000    6.90     3.81     8.48  -663.50    -44.20      8.10    6.25     39649.0
 2024 10 11 23 01 00 000    6.83     4.12     8.35  -663.50    -44.20      8.10    6.25     39649.0
 2024 10 11 23 02 00 000    6.71     2.00     8.91  -669.10    -63.00      5.80    6.33     44727.0
 2024 10 11 23 03 00 000    6.24     2.51     8.96  -669.10    -63.00      5.80    6.33     44727.0
 2024 10 11 23 04 00 000    5.39     0.99     9.75  -665.90    -36.10      6.40    6.36     38879.0
 2024 10 11 23 05 00 000    4.20    -2.25    10.15  -665.90    -36.10      6.40    6.36     38879.0
 2024 10 11 23 06 00 000    4.46     0.89     9.81  -657.60    -39.60     27.20    6.78     37661.0
 2024 10 11 23 07 00 000    3.95     4.28     9.91  -657.60    -39.60     27.20    6.78     37661.0
 2024 10 11 23 08 00 000    4.79     3.25     9.78  -654.20    -37.60     23.40    5.20     60413.0
 2024 10 11 23 09 00 000    5.24     2.88     9.57  -654.20    -37.60     23.40    5.20     60413.0
 2024 10 11 23 10 00 000    5.34     1.21     9.83  -654.50    -38.30     22.80    5.23     59781.0
 2024 10 11 23 11 00 000    5.52     0.28     9.71  -663.30    -62.50      2.80    6.15     39094.0
 2024 10 11 23 12 00 000    5.22     0.36     9.79  -663.30    -62.50      2.80    6.15     39094.0
 2024 10 11 23 13 00 000    4.93     2.27     9.84  -652.00    -74.10     29.10    5.62     42038.0
 2024 10 11 23 14 00 000    4.76     0.32     9.97  -652.00    -74.10     29.10    5.62     42038.0
 2024 10 11 23 15 00 000    4.87     0.22     9.58  -654.60    -42.10     32.90    6.80     55398.0
 2024 10 11 23 16 00 000    6.18     2.43     8.74  -654.60    -42.10     32.90    6.80     55398.0
 2024 10 11 23 17 00 000    6.41     2.28     8.39  -654.60    -42.10     32.90    6.80     55398.0
 2024 10 11 23 18 00 000    6.89     2.13     8.04  -663.00    -48.00      8.30    6.17     54160.0
 2024 10 11 23 19 00 000    6.37     0.94     8.52  -663.00    -48.00      8.30    6.17     54160.0
 2024 10 11 23 20 00 000    5.75     0.77     9.01  -655.40    -71.50     26.40    7.20     51797.0
 2024 10 11 23 21 00 000    6.12     0.16     8.79  -655.40    -71.50     26.40    7.20     51797.0
 2024 10 11 23 22 00 000    6.03     0.29     8.84  -655.40    -71.50     26.40    7.20     51797.0
 2024 10 11 23 23 00 000    6.04     0.01     8.82  -663.30    -39.10     11.90    6.60     48557.0
 2024 10 11 23 24 00 000    6.18    -0.24     8.76  -663.30    -39.10     11.90    6.60     48557.0
 2024 10 11 23 25 00 000    5.63    -1.60     8.96  -660.20    -34.90      9.80    6.15     46354.0
 2024 10 11 23 26 00 000    5.83    -1.32     8.48  -660.20    -34.90      9.80    6.15     46443.0
 2024 10 11 23 27 00 000    7.07    -0.01     7.43  -666.90    -45.20      8.50    6.47     69897.0
 2024 10 11 23 28 00 000    6.54     0.64     7.74  -666.40    -59.90      8.00    5.79    121326.0
 2024 10 11 23 29 00 000    6.46    -0.09     7.75  -664.60    -66.20      7.90    5.53    136415.0
 2024 10 11 23 30 00 000    7.18    -2.38     6.53  -650.30    -74.70      9.20    5.49    101453.0
 2024 10 11 23 31 00 000    8.32    -2.56     5.19  -650.30    -74.70      9.20    5.49    101453.0
 2024 10 11 23 32 00 000    6.93    -1.36     7.03  -650.30    -74.70      9.20    5.49    101453.0
 2024 10 11 23 33 00 000    5.37     0.17     7.85  -651.90    -66.30      8.40    7.98     81132.0
 2024 10 11 23 34 00 000    4.63     1.87     8.59  -669.70    -48.40     20.40    6.47     81863.0
 2024 10 11 23 35 00 000    3.91     3.80     8.49  -679.00    -39.10     26.60    5.70     82244.0
 2024 10 11 23 36 00 000    2.91     4.56     6.98  -693.80    -22.00     30.30    4.82     72295.0
 2024 10 11 23 37 00 000    5.12     1.78     8.83  -676.80    -44.80     47.50    3.86     69218.0
 2024 10 11 23 38 00 000    5.83     1.21     8.56  -676.80    -44.80     47.50    3.86     69218.0
 2024 10 11 23 39 00 000    4.99     2.22     8.61  -669.80    -60.20     42.10    3.26     45687.0
 2024 10 11 23 40 00 000    5.06     3.62     9.21  -667.90    -66.60     38.70    3.42     50347.0
 2024 10 11 23 41 00 000    4.46     2.70    10.19  -666.70    -69.80     37.10    3.52     53546.0
 2024 10 11 23 42 00 000    4.45     2.85    10.18  -667.00    -73.70     45.50    3.47     40302.0
 2024 10 11 23 43 00 000    4.30     3.00    10.15  -667.00    -73.70     45.50    3.47     40302.0
 2024 10 11 23 44 00 000    3.98     3.15    10.23  -667.00    -73.70     45.50    3.47     40302.0
 2024 10 11 23 45 00 000    5.20     2.61     9.83  -657.00    -69.50     30.20    4.12     51443.0
 2024 10 11 23 46 00 000    4.13     2.01    10.43  -657.00    -69.50     30.20    4.12     51443.0
 2024 10 11 23 47 00 000    3.32     1.17    10.76  -670.60    -73.50     20.20    4.13     65178.0
 2024 10 11 23 48 00 000    3.64     2.16    10.57  -670.10    -73.30     20.80    4.23     65581.0
 2024 10 11 23 49 00 000    4.27     1.85    10.38  -667.80    -72.80     23.40    4.68     67400.0
 2024 10 11 23 50 00 000    3.55     0.77    10.92  -667.80    -72.80     23.40    4.68     67400.0
 2024 10 11 23 51 00 000    4.02     1.47    10.59  -669.00    -72.70     16.10    4.52     43356.0
 2024 10 11 23 52 00 000    2.73     3.11    10.63  -669.00    -72.70     16.10    4.52     43356.0
 2024 10 11 23 53 00 000    1.98     0.49    11.48  -678.30    -83.10     18.10    5.19     39347.0
 2024 10 11 23 54 00 000    1.99    -0.99    11.49  -681.20    -86.40     18.70    5.40     38085.0
 2024 10 11 23 55 00 000    2.08    -3.22    11.23  -681.20    -86.40     18.70    5.40     38085.0
 2024 10 11 23 56 00 000    2.63    -3.37    11.08  -681.20    -86.40     18.70    5.40     38085.0
 2024 10 11 23 57 00 000    3.09    -2.91    11.00  -668.20   -110.60     19.90    4.71     40209.0
 2024 10 11 23 58 00 000    3.18    -3.67    10.65  -668.30   -110.50     19.80    4.71     40169.0
 2024 10 11 23 59 00 000    2.50    -4.00    10.73  -672.80   -107.30     13.00    4.74     37572.0
 2024 10 12 00 00 00 000    2.70    -4.14    10.60  -673.20   -107.00     12.50    4.74     37409.0
 2024 10 12 00 01 00 000    3.30    -5.25     9.84  -666.30   -108.40      4.70    4.35     46622.0
 2024 10 12 00 02 00 000    2.87    -4.58    10.20  -667.50   -103.30      8.40    4.62     43050.0
 2024 10 12 00 03 00 000    2.50    -4.43    10.25  -670.50    -90.70     17.40    5.28     34212.0
 2024 10 12 00 04 00 000    2.41    -4.59    10.14  -669.40   -100.00     14.70    4.39     48019.0
 2024 10 12 00 05 00 000    2.00    -4.10    10.14  -669.30   -100.70     14.50    4.33     49107.0
 2024 10 12 00 06 00 000    1.87    -4.04    10.16  -669.30   -100.70     14.50    4.33     49107.0
 2024 10 12 00 07 00 000    2.63    -3.71    10.07  -669.30   -100.70     14.50    4.33     49107.0
 2024 10 12 00 08 00 000    3.08    -3.71    10.02  -668.70    -88.50     12.90    5.93     32088.0
 2024 10 12 00 09 00 000    2.90    -4.01     9.94  -668.70    -88.50     12.90    5.93     32088.0
 2024 10 12 00 10 00 000    1.40    -3.71    10.33  -674.10    -97.50     19.10    7.21     44257.0
 2024 10 12 00 11 00 000    1.54    -3.77    10.39  -675.20    -98.50     19.50    7.40     45614.0
 2024 10 12 00 12 00 000    1.30    -2.60    10.75  -671.70    -84.40      7.60    5.94     27917.0
 2024 10 12 00 13 00 000    1.38    -2.88    10.72  -676.10    -80.90     10.10    6.33     31094.0
 2024 10 12 00 14 00 000    1.33    -2.65    10.78  -674.30    -81.50     10.40    6.28     33023.0
 2024 10 12 00 15 00 000    0.57    -4.03    10.22  -673.80    -81.70     10.20    6.26     34334.0
 2024 10 12 00 16 00 000    0.27    -3.91     9.89  -674.70    -81.70      5.90    6.22     45853.0
 2024 10 12 00 17 00 000    0.29    -3.34     9.92  -674.70    -81.70      5.90    6.22     45853.0
 2024 10 12 00 18 00 000    0.36    -3.55     9.28  -674.70    -81.70      5.90    6.22     45853.0
 2024 10 12 00 19 00 000    0.60    -3.82     9.21  -670.90    -43.70    -22.40    6.25    103194.0
 2024 10 12 00 20 00 000   -0.79    -5.08     7.98  -671.00    -43.90    -22.70    6.27    103615.0
 2024 10 12 00 21 00 000   -1.06    -4.40     8.68  -675.80    -51.40    -31.10    7.16    117448.0
 2024 10 12 00 22 00 000    0.28    -3.46     9.14  -675.80    -51.40    -31.10    7.17    117552.0
 2024 10 12 00 23 00 000    0.57    -3.89     8.64  -667.60    -49.60    -32.00    8.84    139334.0
 2024 10 12 00 24 00 000   -0.08    -5.15     9.02  -667.60    -49.60    -32.00    8.84    139324.0
 2024 10 12 00 25 00 000   -0.37    -6.04     9.24  -673.10    -91.40      9.10    3.98    114744.0
 2024 10 12 00 26 00 000   -0.41    -5.53     9.60  -676.10    -90.60      3.30    4.02    110131.0
 2024 10 12 00 27 00 000    0.31    -4.54    10.12  -675.20    -86.20      6.40    3.83    107833.0
 2024 10 12 00 28 00 000   -0.16    -5.22     9.76  -671.80    -79.30     15.60    3.50    107129.0
 2024 10 12 00 29 00 000   -0.82    -6.16     8.99  -671.80    -79.30     15.60    3.50    107129.0
 2024 10 12 00 30 00 000   -0.96    -6.48     8.94  -671.80    -79.30     15.60    3.50    107129.0
 2024 10 12 00 31 00 000   -1.30    -7.26     8.23  -671.80    -79.30     15.60    3.50    107129.0
 2024 10 12 00 32 00 000   -1.98    -8.00     7.37  -685.20   -101.50    -13.90    3.90     76159.0
 2024 10 12 00 33 00 000   -1.79    -8.15     7.16  -685.20   -101.50    -13.90    3.90     76159.0
 2024 10 12 00 34 00 000   -1.54    -7.78     7.79  -678.40    -90.00      1.50    3.60     79809.0
 2024 10 12 00 35 00 000   -1.57    -8.56     6.89  -677.20    -88.10      4.10    3.56     80425.0
 2024 10 12 00 36 00 000   -1.88    -8.23     7.17  -678.30   -100.10     -8.10    3.39     78060.0
 2024 10 12 00 37 00 000   -3.29    -9.43     4.80  -681.00   -100.60    -11.20    3.43     82189.0
 2024 10 12 00 38 00 000   -4.69    -9.09     4.51  -695.80   -104.70    -27.60    3.50    102802.0
 2024 10 12 00 39 00 000   -4.84    -8.87     5.17  -699.50   -109.60    -26.60    2.81     97204.0
 2024 10 12 00 40 00 000   -4.76    -8.33     6.16  -696.90    -99.90    -22.30    2.52     96350.0
 2024 10 12 00 41 00 000   -4.24    -8.40     6.48  -698.90    -98.40    -17.40    2.46     80958.0
 2024 10 12 00 42 00 000   -4.70    -7.93     6.40  -698.80   -101.80    -16.80    2.75     90741.0
 2024 10 12 00 43 00 000   -4.32    -7.72     6.80  -698.60   -105.90    -16.10    3.11    102745.0
 2024 10 12 00 44 00 000   -4.12    -7.75     6.84  -698.50   -105.40    -15.80    3.11    105925.0
 2024 10 12 00 45 00 000   -5.16    -6.48     7.57  -697.40   -101.40    -13.20    3.11    129255.0
 2024 10 12 00 46 00 000   -5.46    -5.63     8.00  -700.20    -91.80    -10.80    2.71     96207.0
 2024 10 12 00 47 00 000   -3.73    -6.94     7.70  -700.80    -89.90    -10.30    2.62     89148.0
 2024 10 12 00 48 00 000   -3.93    -6.61     7.91  -693.30   -106.10     -4.50    3.34     97965.0
 2024 10 12 00 49 00 000   -3.75    -6.91     7.70  -692.90   -106.60     -5.60    3.34     92572.0
 2024 10 12 00 50 00 000   -3.63    -6.58     7.88  -691.20   -108.70     -9.70    3.35     71552.0
 2024 10 12 00 51 00 000   -3.44    -6.88     7.50  -691.20   -108.70     -9.70    3.35     71552.0
 2024 10 12 00 52 00 000   -3.41    -7.01     7.35  -691.20   -108.70     -9.70    3.35     71552.0
 2024 10 12 00 53 00 000   -2.96    -7.81     7.25  -695.30   -127.00      1.00    2.79    145023.0
 2024 10 12 00 54 00 000   -2.87    -8.40     7.50  -691.50   -114.30     -8.20    2.29    123669.0
 2024 10 12 00 55 00 000   -2.71    -8.51     7.37  -680.80    -78.30    -34.10    0.91     63315.0
 2024 10 12 00 56 00 000   -2.56    -8.35     7.36  -688.00    -89.20      0.10    1.31    105212.0
 2024 10 12 00 57 00 000   -1.42    -7.00     8.09  -688.20    -89.40      0.80    1.32    106113.0
 2024 10 12 00 58 00 000   -0.98    -6.42     8.46  -680.60   -113.20      5.10    2.51    108359.0
 2024 10 12 00 59 00 000   -1.47    -6.50     8.28  -680.40   -113.70      5.20    2.53    108406.0
 2024 10 12 01 00 00 000   -1.95    -6.78     7.93  -680.40   -113.70      5.20    2.53    108406.0
 2024 10 12 01 01 00 000   -1.94    -6.50     8.10  -680.40   -113.70      5.20    2.53    108406.0
 2024 10 12 01 02 00 000   -1.76    -6.46     8.09  -680.40   -113.70      5.20    2.53    108406.0
 2024 10 12 01 03 00 000   -1.61    -6.59     7.94  -681.70   -111.60     -4.90    2.95    115854.0
 2024 10 12 01 04 00 000   -2.34    -6.42     7.46  -681.70   -111.60     -4.90    2.95    115854.0
 2024 10 12 01 05 00 000   -2.94    -6.47     7.13  -681.70   -111.60     -4.90    2.95    115854.0
 2024 10 12 01 06 00 000   -2.07    -6.57     7.32  -681.70   -111.60     -4.90    2.95    115854.0
 2024 10 12 01 07 00 000   -2.47    -6.45     7.26  -681.70   -111.60     -4.90    2.95    115854.0
 2024 10 12 01 08 00 000   -3.09    -6.38     7.04  -681.70   -111.60     -4.90    2.95    115854.0
 2024 10 12 01 09 00 000   -2.91    -6.78     6.58  -681.70   -111.60     -4.90    2.95    115854.0
 2024 10 12 01 10 00 000   -2.56    -6.26     7.16  -681.70   -111.60     -4.90    2.95    115854.0
 2024 10 12 01 11 00 000   -1.74    -6.33     7.25  -686.20    -77.80    -17.10    2.29     89956.0
 2024 10 12 01 12 00 000   -1.81    -6.88     7.43  -686.20    -77.80    -17.10    2.29     89956.0
 2024 10 12 01 13 00 000   -2.76    -6.52     8.09  -688.60    -88.50    -12.20    1.80     88474.0
 2024 10 12 01 14 00 000   -2.98    -6.48     8.07  -688.60    -88.50    -12.20    1.80     88469.0
 2024 10 12 01 15 00 000   -3.00    -7.06     7.47  -688.60    -88.50    -12.20    1.80     88469.0
 2024 10 12 01 16 00 000   -2.85    -7.29     7.05  -688.60    -88.50    -12.20    1.80     88469.0
 2024 10 12 01 17 00 000   -3.02    -7.23     6.80  -688.60    -88.50    -12.20    1.80     88469.0
 2024 10 12 01 18 00 000   -2.07    -6.97     7.34  -688.60    -88.50    -12.20    1.80     88469.0
 2024 10 12 01 19 00 000   -1.85    -6.94     7.32  -688.60    -88.50    -12.20    1.80     88469.0
 2024 10 12 01 20 00 000   -1.55    -6.99     7.19  -679.70   -106.00    -19.60    2.31     86399.0
 2024 10 12 01 21 00 000   -1.47    -7.12     6.94  -679.70   -106.00    -19.60    2.31     86399.0
 2024 10 12 01 22 00 000   -1.23    -7.32     6.43  -681.80   -104.70    -20.10    2.71     85532.0
 2024 10 12 01 23 00 000   -0.88    -7.62     5.80  -681.80   -104.70    -20.10    2.71     85532.0
 2024 10 12 01 24 00 000   -1.21    -7.73     4.14  -679.60    -95.60    -42.60    2.95     96027.0
 2024 10 12 01 25 00 000   -0.73    -7.71     4.73  -679.60    -95.60    -42.60    2.95     96027.0
 2024 10 12 01 26 00 000   -0.56    -7.88     5.09  -674.70   -104.70    -23.60    2.88     96075.0
 2024 10 12 01 27 00 000   -0.42    -7.00     6.08  -674.70   -104.70    -23.70    2.88     96147.0
 2024 10 12 01 28 00 000   -0.03    -5.28     7.83  -679.70   -105.40    -34.50    3.07    109021.0
 2024 10 12 01 29 00 000    0.17    -5.35     8.30  -679.70   -105.60    -34.50    3.07    108857.0
 2024 10 12 01 30 00 000    0.11    -5.14     8.52  -676.30   -150.50    -34.60    2.34     67937.0
 2024 10 12 01 31 00 000   -0.12    -4.45     8.99  -674.40   -129.00    -12.40    2.26    105120.0
 2024 10 12 01 32 00 000   -0.41    -5.09     8.71  -673.20   -115.30      1.80    2.20    128854.0
 2024 10 12 01 33 00 000   -0.68    -5.30     8.54  -675.00   -112.50    -12.40    2.39     96220.0
 2024 10 12 01 34 00 000   -0.54    -5.04     8.63  -675.00   -112.50    -12.40    2.39     96220.0
 2024 10 12 01 35 00 000   -0.42    -5.11     8.61  -672.60   -102.50    -17.10    1.94    131323.0
 2024 10 12 01 36 00 000    0.14    -5.85     8.12  -671.80   -103.20    -17.10    1.94    128747.0
 2024 10 12 01 37 00 000   -0.52    -5.58     8.08  -662.80   -110.80    -17.60    1.96     99628.0
 2024 10 12 01 38 00 000   -0.46    -5.62     8.07  -666.50   -114.00    -13.80    2.03    120249.0
 2024 10 12 01 39 00 000   -0.52    -5.49     8.13  -667.40   -114.70    -12.90    2.05    124946.0
 2024 10 12 01 40 00 000   -0.55    -5.42     8.17  -665.80   -110.80     -9.60    2.07    116490.0
 2024 10 12 01 41 00 000   -0.45    -5.43     8.14  -661.90   -109.00      5.00    1.88     92728.0
 2024 10 12 01 42 00 000   -0.83    -5.46     8.13  -660.60   -108.40      9.90    1.83     84851.0
 2024 10 12 01 43 00 000   -1.15    -5.47     8.01  -660.60   -108.40      9.90    1.83     84851.0
 2024 10 12 01 44 00 000   -0.20    -5.33     8.12  -665.30   -109.20     -2.80    2.08    108611.0
 2024 10 12 01 45 00 000   -0.21    -5.42     8.04  -662.80   -112.00      4.80    1.96     84577.0
 2024 10 12 01 46 00 000   -0.27    -5.35     8.11  -663.10   -110.40      4.10    2.05     88241.0
 2024 10 12 01 47 00 000   -0.31    -5.31     8.16  -664.50   -108.00     -0.20    2.17    102845.0
 2024 10 12 01 48 00 000   -0.30    -5.14     8.28  -662.60   -107.30      3.00    2.20     97458.0
 2024 10 12 01 49 00 000   -0.27    -5.19     8.23  -662.50   -107.20      3.20    2.20     97091.0
 2024 10 12 01 50 00 000   -0.29    -5.03     8.29  -668.30    -93.50     -1.00    2.16    115589.0
 2024 10 12 01 51 00 000   -0.09    -5.26     8.17  -668.30    -93.50     -1.00    2.16    115589.0
 2024 10 12 01 52 00 000   -0.17    -5.18     8.14  -665.20   -106.20     -0.60    2.30    102595.0
 2024 10 12 01 53 00 000   -0.10    -5.12     8.16  -665.20   -106.20     -0.60    2.30    102595.0
 2024 10 12 01 54 00 000   -0.20    -5.18     8.11  -666.30   -101.30      0.20    2.19    116696.0
 2024 10 12 01 55 00 000   -0.32    -5.26     8.09  -666.40   -101.10      0.20    2.18    117341.0
 2024 10 12 01 56 00 000   -0.28    -5.26     8.06  -666.50   -104.20      1.30    2.19    100760.0
 2024 10 12 01 57 00 000   -0.29    -5.23     8.00  -666.60   -104.30      1.30    2.18    102470.0
 2024 10 12 01 58 00 000   -0.48    -5.28     7.91  -667.90   -105.40      1.00    2.12    126575.0
 2024 10 12 01 59 00 000   -0.51    -5.43     7.78  -667.90   -105.40      1.00    2.12    126575.0
 2024 10 12 02 00 00 000   -0.57    -5.43     7.72  -668.10   -100.20     -2.60    1.98    111553.0
 2024 10 12 02 01 00 000   -0.47    -5.24     7.87  -668.10   -100.20     -2.60    1.98    111553.0
 2024 10 12 02 02 00 000   -0.19    -4.91     8.14  -665.50    -97.80      0.40    1.95    114335.0
 2024 10 12 02 03 00 000   -0.20    -4.89     8.16  -664.80    -98.60     -1.00    1.96    119949.0
 2024 10 12 02 04 00 000   -0.08    -5.01     8.06  -664.60    -99.20     -2.00    1.97    123232.0
 2024 10 12 02 05 00 000   -0.11    -5.05     8.00  -661.30    -98.20      0.60    1.95    138522.0
 2024 10 12 02 06 00 000   -0.18    -5.07     7.99  -661.20    -98.40      0.60    1.95    135112.0
 2024 10 12 02 07 00 000   -0.51    -5.06     7.96  -661.00    -99.20      0.60    1.93    119913.0
 2024 10 12 02 08 00 000   -0.67    -5.11     7.90  -661.50    -99.20     -0.20    1.92    119820.0
 2024 10 12 02 09 00 000   -0.80    -5.04     7.87  -664.00    -99.10     -4.60    1.87    119321.0
 2024 10 12 02 10 00 000   -0.87    -5.16     7.78  -666.60    -98.60     -3.60    1.95    124811.0
 2024 10 12 02 11 00 000   -0.59    -5.16     7.74  -667.10    -98.50     -3.20    1.97    126342.0
 2024 10 12 02 12 00 000   -0.60    -4.79     7.92  -660.50    -97.30     -0.10    1.96    129749.0
 2024 10 12 02 13 00 000   -2.11    -5.21     7.37  -659.30    -90.50     -0.60    1.84    141851.0
 2024 10 12 02 14 00 000   -0.75    -4.96     7.62  -658.90    -88.60     -0.70    1.80    145260.0
 2024 10 12 02 15 00 000    0.38    -4.53     7.96  -644.20    -86.60      1.60    1.84    130872.0
 2024 10 12 02 16 00 000    1.61    -3.55     7.96  -643.30    -85.10      2.40    1.89    142592.0
 2024 10 12 02 17 00 000    2.36    -2.77     7.81  -640.40    -81.40      5.60    2.05    173002.0
 2024 10 12 02 18 00 000    0.08    -4.33     7.84  -638.70    -81.90     14.90    2.08    172701.0
 2024 10 12 02 19 00 000   -0.95    -4.82     7.78  -662.90    -71.80      2.50    1.85    164316.0
 2024 10 12 02 20 00 000   -1.19    -4.96     7.61  -664.10    -71.30      1.90    1.85    163907.0
 2024 10 12 02 21 00 000   -0.80    -4.80     7.66  -668.20    -90.20    -12.70    1.83    126188.0
 2024 10 12 02 22 00 000   -0.29    -4.40     8.06  -666.40    -89.10     -9.90    1.80    126039.0
 2024 10 12 02 23 00 000   -0.42    -4.36     7.94  -654.30    -63.40      1.90    1.63    144228.0
 2024 10 12 02 24 00 000    0.47    -3.74     8.29  -652.60    -45.00     -2.10    1.64    162233.0
 2024 10 12 02 25 00 000    0.46    -3.89     8.15  -663.60    -71.20    -10.10    1.61    139450.0
 2024 10 12 02 26 00 000    0.06    -3.96     8.18  -663.60    -71.20    -10.10    1.61    139450.0
 2024 10 12 02 27 00 000   -0.10    -4.11     8.15  -661.40    -71.20     -6.90    1.61    156118.0
 2024 10 12 02 28 00 000   -0.34    -4.11     8.17  -660.10    -71.20     -5.10    1.61    165548.0
 2024 10 12 02 29 00 000   -0.23    -4.22     8.07  -660.50    -73.40    -12.70    1.62    170663.0
 2024 10 12 02 30 00 000   -1.96    -4.99     7.13  -659.80    -74.00    -14.90    1.61    171470.0
 2024 10 12 02 31 00 000   -3.56    -5.80     6.09  -632.50    -67.40      7.00    1.32    176633.0
 2024 10 12 02 32 00 000   -4.47    -6.02     5.49  -629.50    -66.80      7.10    1.42    204846.0
 2024 10 12 02 33 00 000   -2.94    -5.05     6.93  -629.50    -66.80      7.10    1.42    204846.0
 2024 10 12 02 34 00 000   -2.42    -5.29     7.07  -629.50    -66.80      7.10    1.42    204846.0
 2024 10 12 02 35 00 000   -3.69    -5.59     6.49  -608.10    -42.00     -8.00    0.98    218527.0
 2024 10 12 02 36 00 000   -4.17    -5.28     6.47  -608.10    -42.00     -8.00    0.98    218527.0
 2024 10 12 02 37 00 000   -4.09    -5.45     6.38  -605.90    -51.00      4.30    1.07    194891.0
 2024 10 12 02 38 00 000   -3.95    -5.40     6.56  -605.90    -52.30      5.50    1.09    192196.0
 2024 10 12 02 39 00 000   -3.80    -5.66     6.46  -610.80    -55.10     -0.70    1.19    196633.0
 2024 10 12 02 40 00 000   -4.44    -6.26     6.10  -613.20    -59.10     20.20    1.11    254444.0
 2024 10 12 02 41 00 000   -4.53    -6.03     6.32  -613.60    -59.80     23.60    1.10    263778.0
 2024 10 12 02 42 00 000   -4.50    -6.20     6.17  -613.60    -59.80     23.60    1.10    263778.0
 2024 10 12 02 43 00 000   -3.95    -6.78     5.88  -612.10    -62.00     -1.10    0.88    127406.0
 2024 10 12 02 44 00 000   -4.35    -6.51     5.86  -612.10    -62.00     -1.10    0.88    127406.0
 2024 10 12 02 45 00 000   -3.77    -6.15     6.58  -617.80    -73.10     -5.80    1.09     85897.0
 2024 10 12 02 46 00 000   -4.04    -6.05     6.58  -617.80    -73.10     -5.80    1.09     85897.0
 2024 10 12 02 47 00 000   -4.32    -6.14     6.38  -614.50    -65.80     21.40    1.16     95498.0
 2024 10 12 02 48 00 000   -4.18    -5.90     6.73  -614.50    -65.80     21.40    1.16     95498.0
 2024 10 12 02 49 00 000   -4.37    -6.03     6.54  -616.10    -65.60     21.00    1.06     82248.0
 2024 10 12 02 50 00 000   -4.47    -5.74     6.73  -616.40    -65.50     20.90    1.03     79325.0
 2024 10 12 02 51 00 000   -4.66    -5.67     6.68  -616.40    -65.50     20.90    1.03     79325.0
 2024 10 12 02 52 00 000   -4.46    -5.75     6.75  -623.70    -60.90     25.20    1.02     66004.0
 2024 10 12 02 53 00 000   -4.50    -5.80     6.72  -623.70    -60.90     25.20    1.02     66004.0
 2024 10 12 02 54 00 000   -4.53    -5.69     6.83  -616.70    -55.40     29.40    1.00     88701.0
 2024 10 12 02 55 00 000   -4.57    -5.72     6.71  -616.70    -55.40     29.40    1.00     88701.0
 2024 10 12 02 56 00 000   -4.93    -5.63     6.57  -620.90    -48.00     22.10    0.72    143137.0
 2024 10 12 02 57 00 000   -4.86    -5.21     6.98  -620.90    -47.90     22.00    0.72    143782.0
 2024 10 12 02 58 00 000   -4.88    -5.14     7.05  -623.30    -41.10     30.60    0.75    169443.0
 2024 10 12 02 59 00 000   -4.97    -5.25     6.92  -623.70    -40.00     31.90    0.76    173425.0
 2024 10 12 03 00 00 000   -4.49    -5.32     7.32  -626.20    -47.40     26.10    0.73    174080.0
 2024 10 12 03 01 00 000   -6.07    -3.84     7.29  -626.90    -49.50     24.40    0.72    174268.0
 2024 10 12 03 02 00 000   -6.15    -3.82     7.25  -600.20    -74.70     14.40    0.60    105253.0
 2024 10 12 03 03 00 000   -6.11    -4.17     6.96  -600.20    -74.70     14.40    0.60    105253.0
 2024 10 12 03 04 00 000   -5.28    -4.97     7.19  -605.60    -70.40     19.30    0.76    143259.0
 2024 10 12 03 05 00 000   -4.61    -5.63     7.10  -609.50    -67.40     16.50    0.76    139646.0
 2024 10 12 03 06 00 000   -4.61    -5.60     7.03  -623.30    -56.50     14.70    0.85    161199.0
 2024 10 12 03 07 00 000   -4.57    -5.61     6.96  -627.60    -57.70     15.80    0.90    162902.0
 2024 10 12 03 08 00 000   -3.80    -6.21     6.95  -629.90    -60.70     13.10    0.91    152233.0
 2024 10 12 03 09 00 000   -4.15    -5.92     7.08  -623.20    -63.10      5.40    0.82    129336.0
 2024 10 12 03 10 00 000   -4.57    -6.05     6.75  -625.40    -61.10      9.10    0.73    132374.0
 2024 10 12 03 11 00 000   -4.23    -6.27     6.72  -632.60    -38.70      7.90    0.87    171051.0
 2024 10 12 03 12 00 000   -3.58    -6.86     6.52  -633.30    -36.80      8.80    0.89    175448.0
 2024 10 12 03 13 00 000   -4.32    -6.23     6.71  -628.70    -53.60     17.50    0.82    155576.0
 2024 10 12 03 14 00 000   -4.09    -5.82     7.20  -628.70    -53.60     17.50    0.82    155576.0
 2024 10 12 03 15 00 000   -3.93    -6.44     6.75  -626.30    -45.00     35.00    0.74    142429.0
 2024 10 12 03 16 00 000   -3.85    -6.76     6.71  -623.00    -51.00     25.50    0.64    120010.0
 2024 10 12 03 17 00 000   -3.90    -6.79     6.72  -618.10    -60.00     11.40    0.51     86719.0
 2024 10 12 03 18 00 000   -3.89    -7.01     6.43  -607.50    -63.10     -0.60    0.51    110878.0
 2024 10 12 03 19 00 000   -4.03    -7.08     6.16  -607.50    -63.10     -0.60    0.51    110878.0
 2024 10 12 03 20 00 000   -4.17    -6.61     6.50  -602.40    -62.90     -5.10    0.54    126656.0
 2024 10 12 03 21 00 000   -4.52    -5.79     7.05  -607.70    -58.70     -1.40    0.53    116481.0
 2024 10 12 03 22 00 000   -4.34    -5.78     7.09  -616.40    -51.80      4.70    0.51     99529.0
 2024 10 12 03 23 00 000   -4.31    -5.76     7.11  -613.60    -57.80      3.50    0.52    131718.0
 2024 10 12 03 24 00 000   -4.57    -5.52     7.13  -613.60    -57.60      3.70    0.52    132148.0
 2024 10 12 03 25 00 000   -4.52    -5.54     7.12  -612.70    -51.70      9.70    0.50    143311.0
 2024 10 12 03 26 00 000   -4.16    -5.90     6.92  -614.90    -57.60     -5.50    0.57    204538.0
 2024 10 12 03 27 00 000   -4.22    -5.87     6.92  -615.30    -58.60     -7.90    0.58    214401.0
 2024 10 12 03 28 00 000   -4.31    -5.39     7.27  -606.80    -59.10      9.00    0.55    162524.0
 2024 10 12 03 29 00 000   -4.16    -5.43     7.29  -606.80    -59.10      9.00    0.55    162524.0
 2024 10 12 03 30 00 000   -4.29    -5.34     7.23  -601.90    -63.80      4.70    0.55    172907.0
 2024 10 12 03 31 00 000   -4.14    -5.27     7.31  -603.10    -62.10      2.40    0.57    174898.0
 2024 10 12 03 32 00 000   -4.23    -5.18     7.29  -604.00    -60.50      0.90    0.59    177158.0
 2024 10 12 03 33 00 000   -4.19    -5.23     7.32  -604.60    -54.30      6.50    0.60    189931.0
 2024 10 12 03 34 00 000   -4.17    -5.30     7.32  -607.60    -50.90      9.40    0.57    178456.0
 2024 10 12 03 35 00 000   -4.16    -5.22     7.33  -607.90    -51.20      8.40    0.56    175591.0
 2024 10 12 03 36 00 000   -3.99    -5.22     7.34  -607.50    -53.20      3.70    0.52    170438.0
 2024 10 12 03 37 00 000   -4.38    -5.27     7.05  -611.30    -45.00     -5.20    0.50    137739.0
 2024 10 12 03 38 00 000   -4.14    -5.38     7.04  -611.10    -45.30     -5.00    0.50    138481.0
 2024 10 12 03 39 00 000   -4.15    -5.08     7.29  -605.80    -57.50      4.40    0.56    174074.0
 2024 10 12 03 40 00 000   -3.99    -5.20     7.29  -605.80    -57.50      4.40    0.56    174074.0
 2024 10 12 03 41 00 000   -3.81    -5.46     7.21  -603.00    -56.80     -8.30    0.60    183202.0
 2024 10 12 03 42 00 000   -3.96    -5.51     7.10  -602.30    -46.00     -0.40    0.61    185175.0
 2024 10 12 03 43 00 000   -3.99    -5.43     7.12  -602.30    -46.00     -0.40    0.61    185175.0
 2024 10 12 03 44 00 000   -4.24    -5.44     6.98  -605.20    -62.90    -13.30    0.63    171165.0
 2024 10 12 03 45 00 000   -3.98    -5.40     7.13  -606.10    -63.70     -5.40    0.62    172013.0
 2024 10 12 03 46 00 000   -3.67    -5.50     7.17  -606.50    -64.10     -1.30    0.61    172455.0
 2024 10 12 03 47 00 000   -3.07    -5.31     7.56  -621.70    -59.90    -13.90    0.60    235491.0
 2024 10 12 03 48 00 000   -2.92    -5.63     7.33  -621.80    -59.60     -5.70    0.61    251277.0
 2024 10 12 03 49 00 000   -2.94    -5.55     7.37  -620.10    -52.60     -8.20    0.69    189457.0
 2024 10 12 03 50 00 000   -2.86    -5.56     7.38  -620.10    -52.60     -8.20    0.69    189457.0
 2024 10 12 03 51 00 000   -3.11    -5.60     7.22  -620.30    -53.10     -5.50    0.73    206369.0
 2024 10 12 03 52 00 000   -3.01    -5.53     7.28  -620.50    -53.80     -1.60    0.78    230168.0
 2024 10 12 03 53 00 000   -2.99    -5.50     7.29  -620.50    -53.80     -1.60    0.78    230168.0
 2024 10 12 03 54 00 000   -2.95    -5.50     7.26  -620.50    -53.80     -1.60    0.78    230168.0
 2024 10 12 03 55 00 000   -3.19    -5.58     7.08  -611.50    -63.20     -7.70    0.74    200515.0
 2024 10 12 03 56 00 000   -3.14    -5.44     7.22  -611.50    -63.20     -7.70    0.74    200515.0
 2024 10 12 03 57 00 000   -3.80    -5.63     6.80  -608.90    -70.00     -5.80    0.76    182281.0
 2024 10 12 03 58 00 000   -3.30    -5.39     7.22  -608.90    -70.00     -5.80    0.76    182281.0
 2024 10 12 03 59 00 000   -3.87    -5.69     6.67  -611.90    -65.80    -14.80    0.77    192994.0
 2024 10 12 04 00 00 000   -2.77    -5.13     7.61  -615.90    -58.30    -17.80    0.73    220303.0
 2024 10 12 04 01 00 000   -1.19    -5.25     7.79  -629.90    -55.60    -13.90    0.64    232403.0
 2024 10 12 04 02 00 000   -2.61    -4.29     8.05  -648.40    -37.20    -19.70    0.64    176568.0
 2024 10 12 04 03 00 000   -2.54    -4.48     7.92  -633.20    -52.60    -18.90    0.65    213493.0
 2024 10 12 04 04 00 000   -1.97    -4.46     7.98  -627.70    -51.10    -16.70    0.73    257236.0
 2024 10 12 04 05 00 000   -1.18    -4.45     7.71  -634.30    -38.30    -24.10    0.83    279482.0
 2024 10 12 04 06 00 000   -1.08    -4.44     7.76  -636.10    -35.70    -27.10    0.85    282887.0
 2024 10 12 04 07 00 000   -1.03    -4.31     7.89  -634.30    -33.80    -25.60    0.82    257740.0
 2024 10 12 04 08 00 000   -1.04    -4.50     7.85  -634.30    -33.80    -25.60    0.82    257740.0
 2024 10 12 04 09 00 000   -0.96    -4.32     7.89  -642.10    -32.50    -21.50    0.81    249760.0
 2024 10 12 04 10 00 000   -0.76    -4.24     7.96  -644.20    -32.10    -20.40    0.81    247653.0
 2024 10 12 04 11 00 000   -0.80    -4.19     8.00  -644.20    -32.10    -20.40    0.81    247653.0
 2024 10 12 04 12 00 000   -0.67    -4.26     8.01  -643.00    -42.70    -23.30    0.80    247885.0
 2024 10 12 04 13 00 000   -0.61    -4.34     7.99  -643.00    -42.70    -23.30    0.80    247885.0
 2024 10 12 04 14 00 000   -0.58    -4.33     8.05  -643.00    -42.70    -23.30    0.80    247885.0
 2024 10 12 04 15 00 000   -0.69    -4.44     8.17  -641.10    -52.00    -10.50    0.69    198154.0
 2024 10 12 04 16 00 000   -1.19    -4.43     8.23  -641.10    -52.00    -10.50    0.69    198154.0
 2024 10 12 04 17 00 000   -1.44    -4.45     8.21  -632.80    -57.90      5.20    0.58    136848.0
 2024 10 12 04 18 00 000   -1.17    -4.32     8.29  -632.80    -57.90      5.20    0.58    136848.0
 2024 10 12 04 19 00 000   -1.12    -4.27     8.29  -632.80    -57.90      5.20    0.58    136848.0
 2024 10 12 04 20 00 000   -1.36    -3.99     8.11  -635.70    -35.70    -12.20    0.73    221592.0
 2024 10 12 04 21 00 000   -1.15    -4.22     7.99  -635.70    -35.70    -12.20    0.73    221592.0
 2024 10 12 04 22 00 000   -1.53    -4.02     7.95  -635.70    -35.70    -12.20    0.73    221592.0
 2024 10 12 04 23 00 000   -1.65    -4.04     7.91  -619.30    -38.60    -23.40    0.82    260036.0
 2024 10 12 04 24 00 000   -1.25    -4.13     7.90  -619.30    -38.60    -23.40    0.82    260036.0
 2024 10 12 04 25 00 000   -1.36    -3.87     8.05  -612.90    -30.60    -27.50    0.79    274185.0
 2024 10 12 04 26 00 000   -1.07    -3.99     8.06  -612.90    -30.60    -27.50    0.79    274185.0
 2024 10 12 04 27 00 000   -1.03    -3.82     8.10  -613.60    -31.00    -27.00    0.80    277747.0
 2024 10 12 04 28 00 000   -1.05    -3.73     7.92  -617.20    -33.20    -24.40    0.86    294927.0
 2024 10 12 04 29 00 000   -0.74    -3.51     7.67  -617.20    -33.20    -24.40    0.86    294927.0
 2024 10 12 04 30 00 000   -0.95    -3.42     7.62  -603.30    -49.40    -23.10    1.10    380934.0
 2024 10 12 04 31 00 000   -1.39    -3.13     7.90  -603.30    -49.40    -23.10    1.10    380934.0
 2024 10 12 04 32 00 000   -1.11    -2.89     7.08  -596.90    -44.60    -29.30    1.30    403139.0
 2024 10 12 04 33 00 000   -1.02    -3.24     7.31  -596.90    -44.60    -29.30    1.30    403139.0
 2024 10 12 04 34 00 000   -0.79    -3.10     7.14  -610.60    -33.10    -35.30    1.31    382183.0
 2024 10 12 04 35 00 000   -0.59    -3.21     7.14  -610.60    -33.10    -35.30    1.31    382183.0
 2024 10 12 04 36 00 000   -0.46    -3.04     7.11  -603.20    -33.90    -23.40    1.40    417387.0
 2024 10 12 04 37 00 000   -0.29    -3.07     7.26  -603.20    -33.90    -23.40    1.40    417387.0
 2024 10 12 04 38 00 000   -0.94    -3.91     7.41  -603.20    -33.90    -23.40    1.40    417387.0
 2024 10 12 04 39 00 000   -0.80    -3.74     7.53  -606.30    -29.00    -18.40    1.13    374549.0
 2024 10 12 04 40 00 000   -1.06    -3.44     7.57  -607.40    -32.00    -27.90    1.17    389066.0
 2024 10 12 04 41 00 000   -1.63    -3.22     8.40  -605.70    -40.70    -37.10    1.22    448517.0
 2024 10 12 04 42 00 000   -0.88    -3.71     8.27  -616.50    -45.00    -15.00    0.67    291912.0
 2024 10 12 04 43 00 000   -1.86    -3.15     8.35  -616.50    -45.00    -15.00    0.67    291894.0
 2024 10 12 04 44 00 000   -2.98    -2.57     8.28  -608.30    -48.40    -14.80    0.66    321224.0
 2024 10 12 04 45 00 000   -3.54    -2.43     8.09  -587.60    -56.90    -14.40    0.65    395863.0
 2024 10 12 04 46 00 000   -3.57    -1.95     8.21  -575.00    -65.70    -18.40    0.63    350450.0
 2024 10 12 04 47 00 000   -3.02    -2.03     8.38  -577.00    -69.70    -18.10    0.58    363065.0
 2024 10 12 04 48 00 000   -3.17    -1.89     8.28  -584.30    -71.70    -16.20    0.54    398427.0
 2024 10 12 04 49 00 000   -3.18    -1.61     8.35  -578.40    -79.50    -17.30    0.55    433654.0
 2024 10 12 04 50 00 000   -3.08    -1.46     8.35  -574.50    -83.40    -18.20    0.50    402461.0
 2024 10 12 04 51 00 000   -3.16    -0.94     8.24  -573.60    -84.50    -23.50    0.52    401799.0
 2024 10 12 04 52 00 000   -3.15    -0.32     8.22  -572.60    -84.00    -23.30    0.54    415631.0
 2024 10 12 04 53 00 000   -2.91    -0.44     8.26  -571.70    -83.40    -21.80    0.55    430147.0
 2024 10 12 04 54 00 000   -2.71    -0.88     8.30  -571.70    -83.40    -21.80    0.55    430147.0
 2024 10 12 04 55 00 000   -2.92    -0.70     8.18  -567.50    -93.60    -22.40    0.52    412777.0
 2024 10 12 04 56 00 000   -3.46    -0.29     7.91  -567.50    -93.60    -22.40    0.52    412777.0
 2024 10 12 04 57 00 000   -3.12    -0.56     8.01  -560.20   -109.80    -18.90    0.48    385266.0
 2024 10 12 04 58 00 000   -2.52    -0.85     8.12  -563.50   -106.50    -18.90    0.48    388451.0
 2024 10 12 04 59 00 000   -2.67    -0.76     8.03  -576.50    -93.50    -18.70    0.47    400969.0
 2024 10 12 05 00 00 000   -2.69    -0.63     7.98  -576.50    -93.50    -18.70    0.47    400969.0
 2024 10 12 05 01 00 000   -2.71    -0.58     7.94  -572.10    -69.80    -19.40    0.50    386716.0
 2024 10 12 05 02 00 000   -2.91    -0.66     7.73  -573.30    -70.60    -20.90    0.51    387074.0
 2024 10 12 05 03 00 000   -3.59     0.45     7.28  -576.90    -74.80    -27.40    0.54    383832.0
 2024 10 12 05 04 00 000   -3.14     0.14     7.43  -559.30    -96.00    -42.60    0.62    296626.0
 2024 10 12 05 05 00 000   -2.77    -0.40     7.49  -556.60    -98.40    -40.30    0.62    313386.0
 2024 10 12 05 06 00 000   -2.67    -0.39     7.46  -557.40    -98.70    -36.90    0.62    334639.0
 2024 10 12 05 07 00 000   -2.64    -0.51     7.39  -573.00    -77.80    -50.50    0.55    320998.0
 2024 10 12 05 08 00 000   -2.44    -0.43     7.45  -571.50    -62.00    -78.00    0.55    290314.0
 2024 10 12 05 09 00 000   -2.39    -0.34     7.39  -561.80    -99.40    -53.40    0.69    367988.0
 2024 10 12 05 10 00 000   -2.38    -0.12     7.32  -561.80    -99.40    -53.40    0.69    367988.0
 2024 10 12 05 11 00 000   -2.27    -0.71     7.16  -566.80   -106.70    -39.40    0.66    319726.0
 2024 10 12 05 12 00 000   -2.06    -1.65     7.12  -567.50   -107.70    -37.50    0.66    313025.0
 2024 10 12 05 13 00 000   -1.73    -1.71     7.11  -563.60    -69.30    -50.50    1.18    138928.0
 2024 10 12 05 14 00 000   -1.50    -1.91     7.12  -563.70    -75.00    -62.50    1.11    112081.0
 2024 10 12 05 15 00 000   -1.66    -1.95     7.10  -563.70    -76.80    -66.40    1.09    103494.0
 2024 10 12 05 16 00 000   -2.36    -1.87     6.92  -550.90    -61.10    -34.40    0.97    158288.0
 2024 10 12 05 17 00 000   -2.72    -1.90     6.72  -550.90    -61.10    -34.40    0.97    158288.0
 2024 10 12 05 18 00 000   -2.39    -2.97     6.39  -553.70    -56.00    -24.80    0.92    186229.0
 2024 10 12 05 19 00 000   -1.92    -2.67     6.66  -556.50    -52.00    -17.50    0.88    207363.0
 2024 10 12 05 20 00 000   -2.00    -2.36     6.72  -564.60    -55.40    -25.50    1.06    180558.0
 2024 10 12 05 21 00 000   -1.99    -2.47     6.68  -567.30    -51.50    -32.50    1.01    157355.0
 2024 10 12 05 22 00 000   -1.96    -2.45     6.69  -568.00    -50.40    -34.40    0.99    151008.0
 2024 10 12 05 23 00 000   -2.06    -2.45     6.61  -566.90    -48.60    -36.50    1.00    200028.0
 2024 10 12 05 24 00 000   -2.14    -2.26     6.61  -566.90    -48.60    -36.50    1.00    200028.0
 2024 10 12 05 25 00 000   -1.98    -2.41     6.53  -566.90    -48.60    -36.50    1.00    200028.0
 2024 10 12 05 26 00 000   -1.98    -2.23     6.56  -564.40    -36.00    -34.10    1.06    199889.0
 2024 10 12 05 27 00 000   -2.03    -2.19     6.53  -564.40    -36.00    -34.10    1.06    199889.0
 2024 10 12 05 28 00 000   -2.05    -2.05     6.54  -571.00    -33.20    -40.30    1.06    192353.0
 2024 10 12 05 29 00 000   -2.06    -2.01     6.48  -575.50    -31.40    -44.50    1.06    187296.0
 2024 10 12 05 30 00 000   -1.94    -2.10     6.57  -575.50    -31.40    -44.50    1.06    187296.0
 2024 10 12 05 31 00 000   -1.94    -2.13     6.56  -577.10    -28.70    -41.60    0.88    208251.0
 2024 10 12 05 32 00 000   -1.92    -2.14     6.51  -577.10    -28.70    -41.60    0.88    208251.0
 2024 10 12 05 33 00 000   -1.90    -1.90     6.14  -560.30    -32.70    -55.40    1.47    211387.0
 2024 10 12 05 34 00 000   -2.21    -1.65     6.04  -560.50    -32.70    -55.30    1.47    210961.0
 2024 10 12 05 35 00 000   -2.64    -1.39     5.73  -567.00    -30.90    -52.10    1.49    194158.0
 2024 10 12 05 36 00 000   -2.88    -1.32     5.45  -567.00    -30.90    -52.10    1.49    194118.0
 2024 10 12 05 37 00 000   -2.94    -1.22     5.47  -561.90    -57.80    -31.30    2.02    126464.0
 2024 10 12 05 38 00 000   -2.72    -1.21     5.66  -561.90    -57.80    -31.30    2.02    126464.0
 2024 10 12 05 39 00 000   -2.82    -0.99     5.69  -569.40    -34.80    -48.30    1.91    115008.0
 2024 10 12 05 40 00 000   -2.80    -1.46     5.79  -569.40    -34.80    -48.30    1.91    115008.0
 2024 10 12 05 41 00 000   -2.69    -1.66     5.70  -568.50    -26.90    -58.80    1.66    118035.0
 2024 10 12 05 42 00 000   -2.51    -1.91     5.94  -568.60    -27.00    -58.70    1.66    118126.0
 2024 10 12 05 43 00 000   -2.88    -1.65     5.93  -572.40    -32.20    -54.20    1.42    124645.0
 2024 10 12 05 44 00 000   -2.65    -1.58     6.18  -572.30    -32.10    -46.20    1.48    104914.0
 2024 10 12 05 45 00 000   -2.58    -1.66     6.30  -571.20    -30.80    -43.40    1.43    128475.0
 2024 10 12 05 46 00 000   -2.41    -1.64     6.40  -573.00    -39.80    -38.20    1.54    129204.0
 2024 10 12 05 47 00 000   -2.45    -1.58     6.35  -573.30    -41.60    -40.80    1.54     96656.0
 2024 10 12 05 48 00 000   -2.35    -1.28     6.29  -575.50    -41.60    -33.50    2.09    118467.0
 2024 10 12 05 49 00 000   -2.92    -1.17     6.05  -576.80    -39.80    -39.10    1.83     92214.0
 2024 10 12 05 50 00 000   -2.87    -1.45     6.15  -580.00    -40.00    -38.40    1.73     91818.0
 2024 10 12 05 51 00 000   -3.00    -1.30     6.11  -580.60    -40.40    -38.50    1.75     94752.0
 2024 10 12 05 52 00 000   -3.03    -1.32     6.01  -579.80    -40.60    -41.00    1.80     93442.0
 2024 10 12 05 53 00 000   -3.03    -1.09     5.94  -577.20    -36.40    -39.10    1.77     83878.0
 2024 10 12 05 54 00 000   -2.54    -1.23     5.99  -577.20    -36.40    -39.10    1.77     83862.0
 2024 10 12 05 55 00 000   -2.63    -1.11     5.89  -571.60    -42.40    -34.60    2.29     84670.0
 2024 10 12 05 56 00 000   -2.79    -0.91     5.89  -571.60    -42.40    -34.60    2.29     84670.0
 2024 10 12 05 57 00 000   -2.66    -1.06     6.08  -571.60    -42.40    -34.60    2.29     84670.0
 2024 10 12 05 58 00 000   -2.60    -1.48     5.96  -575.50    -44.20    -22.10    2.07     90796.0
 2024 10 12 05 59 00 000   -2.56    -1.83     5.96  -577.60    -37.70    -23.40    2.14     82620.0
 2024 10 12 06 00 00 000   -2.53    -2.75     5.69  -577.00    -41.90    -25.80    2.29     75957.0
 2024 10 12 06 01 00 000   -2.39    -3.36     5.47  -571.20    -41.30    -13.40    2.35     77424.0
 2024 10 12 06 02 00 000   -2.56    -3.47     5.39  -570.50    -40.90    -11.80    2.36     77626.0
 2024 10 12 06 03 00 000   -2.70    -3.27     5.46  -572.40    -36.70    -23.60    2.17     72847.0
 2024 10 12 06 04 00 000   -2.42    -3.54     5.38  -572.40    -36.80    -23.60    2.17     72677.0
 2024 10 12 06 05 00 000   -2.35    -3.68     5.29  -572.20    -40.70    -25.90    2.36     64598.0
 2024 10 12 06 06 00 000   -2.71    -3.48     5.31  -572.20    -41.00    -26.10    2.38     63982.0
 2024 10 12 06 07 00 000   -3.67    -4.56     1.28  -563.10    -43.20    -13.70    1.90     63667.0
 2024 10 12 06 08 00 000   -4.15    -5.18    -1.25  -563.30    -40.00    -15.30    1.95     56967.0
 2024 10 12 06 09 00 000   -4.43    -4.52    -2.17  -564.20    -28.70    -21.10    2.12     33517.0
 2024 10 12 06 10 00 000   -4.60    -4.41    -2.40  -556.20    -23.00    -16.40    2.74     25958.0
 2024 10 12 06 11 00 000   -4.88    -4.56    -1.30  -556.20    -23.00    -16.40    2.74     25949.0
 2024 10 12 06 12 00 000   -5.22    -4.32    -0.76  -557.20    -33.70    -14.20    2.63     35197.0
 2024 10 12 06 13 00 000   -5.30    -4.31    -0.48  -557.20    -32.90    -13.30    2.63     33640.0
 2024 10 12 06 14 00 000   -5.32    -4.47     0.06  -557.20    -29.50     -9.20    2.64     26902.0
 2024 10 12 06 15 00 000   -5.19    -4.69     0.29  -561.80    -35.50    -15.50    2.54     23680.0
 2024 10 12 06 16 00 000   -5.13    -4.74     1.04  -561.80    -35.50    -15.50    2.54     23671.0
 2024 10 12 06 17 00 000   -5.20    -4.63     1.20  -559.90    -22.90     -8.10    3.04     21383.0
 2024 10 12 06 18 00 000   -5.01    -4.96     1.06  -559.90    -22.90     -8.10    3.04     21383.0
 2024 10 12 06 19 00 000   -5.10    -4.84     1.20  -559.90    -22.90     -8.10    3.04     21383.0
 2024 10 12 06 20 00 000   -5.18    -4.75     1.28  -563.00    -33.40    -21.60    2.55     24956.0
 2024 10 12 06 21 00 000   -5.13    -4.90     1.15  -563.00    -33.40    -21.60    2.55     24956.0
 2024 10 12 06 22 00 000   -5.14    -4.94     1.14  -564.80    -23.30    -19.40    2.28     19733.0
 2024 10 12 06 23 00 000   -5.09    -4.97     1.29  -564.80    -23.30    -19.40    2.28     19733.0
 2024 10 12 06 24 00 000   -5.02    -4.94     1.59  -564.80    -23.30    -19.40    2.28     19733.0
 2024 10 12 06 25 00 000   -4.83    -4.99     2.01  -564.80    -23.30    -19.40    2.28     19733.0
 2024 10 12 06 26 00 000   -4.99    -4.91     1.93  -561.50    -39.80    -17.50    2.01     23718.0
 2024 10 12 06 27 00 000   -4.81    -4.96     2.00  -561.50    -39.80    -17.50    2.01     23718.0
 2024 10 12 06 28 00 000   -4.78    -4.98     1.66  -564.40    -35.30    -24.10    2.31     22326.0
 2024 10 12 06 29 00 000   -4.50    -4.90     1.43  -564.40    -35.30    -24.10    2.31     22326.0
 2024 10 12 06 30 00 000   -4.25    -5.01     1.83  -564.40    -35.30    -24.10    2.31     22326.0
 2024 10 12 06 31 00 000   -3.35    -5.36     3.14  -560.80    -43.60    -17.60    2.11     33525.0
 2024 10 12 06 32 00 000   -3.59    -5.40     2.65  -561.20    -43.30    -18.30    2.15     32516.0
 2024 10 12 06 33 00 000   -3.93    -5.09     2.55  -562.90    -40.80    -22.10    2.36     23141.0
 2024 10 12 06 34 00 000   -3.80    -4.83     3.15  -561.60    -33.50    -16.80    2.25     23113.0
 2024 10 12 06 35 00 000   -3.67    -4.84     3.30  -561.20    -39.00    -17.60    2.67     20706.0
 2024 10 12 06 36 00 000   -3.46    -4.84     3.64  -559.60    -27.60    -13.40    2.46     19745.0
 2024 10 12 06 37 00 000   -3.35    -4.78     3.70  -558.80    -22.00    -11.30    2.35     19277.0
 2024 10 12 06 38 00 000   -3.29    -4.82     3.65  -553.40    -36.50     -3.50    2.65     20505.0
 2024 10 12 06 39 00 000   -3.51    -4.58     3.94  -553.50    -36.30     -3.50    2.64     20505.0
 2024 10 12 06 40 00 000   -3.25    -4.42     4.42  -554.40    -33.10     -2.80    2.43     20505.0
 2024 10 12 06 41 00 000   -3.32    -4.40     4.32  -554.80    -37.00      3.60    2.41     19168.0
 2024 10 12 06 42 00 000   -3.03    -4.15     4.77  -554.90    -38.10      5.30    2.41     18804.0
 2024 10 12 06 43 00 000   -2.81    -3.97     5.02  -549.90    -34.40      8.30    2.05     26833.0
 2024 10 12 06 44 00 000   -2.97    -3.80     4.96  -550.20    -34.60      8.40    2.08     26510.0
 2024 10 12 06 45 00 000   -2.85    -3.87     4.92  -553.60    -37.00      9.00    2.33     23367.0
 2024 10 12 06 46 00 000   -2.75    -3.68     5.12  -553.40    -38.10      4.70    2.36     23219.0
 2024 10 12 06 47 00 000   -2.53    -3.53     5.36  -552.70    -41.00     -7.00    2.47     22840.0
 2024 10 12 06 48 00 000   -2.26    -3.39     5.55  -552.70    -41.00     -7.00    2.47     22840.0
 2024 10 12 06 49 00 000   -2.11    -3.03     5.77  -545.20    -47.20    -16.60    2.50     20886.0
 2024 10 12 06 50 00 000   -1.70    -2.82     6.07  -545.10    -47.20    -16.40    2.50     20922.0
 2024 10 12 06 51 00 000   -1.58    -2.68     5.96  -534.30    -43.30      7.70    2.50     25201.0
 2024 10 12 06 52 00 000   -1.66    -2.17     5.32  -520.30    -20.70     21.20    1.99     74381.0
 2024 10 12 06 53 00 000   -1.93    -2.42     5.30  -511.00     -7.40     25.50    1.06    146594.0
 2024 10 12 06 54 00 000   -2.63    -2.98     5.10  -529.00    -29.40     -1.10    0.39    262102.0
 2024 10 12 06 55 00 000   -2.53    -3.30     5.06  -529.00    -29.40     -1.10    0.39    262102.0
 2024 10 12 06 56 00 000   -2.87    -3.39     4.86  -529.50    -18.10     -5.10    0.32    241117.0
 2024 10 12 06 57 00 000   -3.00    -3.14     4.90  -529.30    -18.00     -4.90    0.32    241166.0
 2024 10 12 06 58 00 000   -2.90    -3.07     4.95  -518.00    -14.90      4.70    0.31    243414.0
 2024 10 12 06 59 00 000   -2.89    -2.93     4.92  -518.00    -14.90      4.70    0.31    243414.0
 2024 10 12 07 00 00 000   -2.98    -2.85     4.82  -518.00    -14.90      4.70    0.31    243414.0
 2024 10 12 07 01 00 000   -3.43    -3.12     4.56  -513.00    -18.10    -13.80    0.33    282970.0
 2024 10 12 07 02 00 000   -2.95    -3.08     4.93  -513.00    -18.10    -13.80    0.33    282970.0
 2024 10 12 07 03 00 000   -2.65    -2.78     5.23  -529.20    -66.10      2.60    0.30    210172.0
 2024 10 12 07 04 00 000   -2.24    -2.61     5.31  -526.00    -48.20      1.50    0.32    210737.0
 2024 10 12 07 05 00 000   -2.37    -2.16     5.45  -538.40    -39.70      2.10    0.36    227850.0
 2024 10 12 07 06 00 000   -2.19    -2.31     5.51  -524.80    -30.60     16.20    0.38    193591.0
 2024 10 12 07 07 00 000   -2.09    -2.25     5.44  -524.30    -30.40     16.50    0.38    192585.0
 2024 10 12 07 08 00 000   -1.97    -2.10     5.48  -523.60    -31.00     13.50    0.37    182322.0
 2024 10 12 07 09 00 000   -2.08    -2.08     5.57  -522.00    -32.50      3.00    0.34    152416.0
 2024 10 12 07 10 00 000   -2.09    -2.80     5.22  -529.30    -28.30      6.90    0.35    226869.0
 2024 10 12 07 11 00 000   -1.89    -2.42     5.18  -545.30    -25.60    -13.30    0.45    227740.0
 2024 10 12 07 12 00 000   -2.15    -2.29     5.11  -546.40    -25.50    -15.00    0.46    226525.0
 2024 10 12 07 13 00 000   -2.35    -2.29     5.08  -546.40    -25.50    -15.00    0.46    226525.0
 2024 10 12 07 14 00 000   -2.65    -2.24     4.92  -546.40    -25.50    -15.00    0.46    226525.0
 2024 10 12 07 15 00 000   -2.42    -2.38     4.99  -537.20    -26.00    -33.20    0.37    259818.0
 2024 10 12 07 16 00 000   -2.29    -2.47     5.07  -539.00    -19.40    -23.10    0.36    249575.0
 2024 10 12 07 17 00 000   -2.29    -2.04     5.05  -543.80    -10.40    -10.90    0.36    238147.0
 2024 10 12 07 18 00 000   -2.71    -2.00     4.80  -538.70    -27.10    -26.60    0.41    210030.0
 2024 10 12 07 19 00 000   -2.41    -1.79     5.24  -538.70    -27.10    -26.60    0.41    210030.0
 2024 10 12 07 20 00 000   -2.36    -2.04     4.78  -538.70    -27.10    -26.60    0.41    210030.0
 2024 10 12 07 21 00 000   -2.02    -2.12     4.87  -538.70    -27.10    -26.60    0.41    210030.0
 2024 10 12 07 22 00 000   -1.59    -2.13     4.99  -513.80    -25.10    -26.30    0.56    249981.0
 2024 10 12 07 23 00 000   -1.38    -2.03     4.95  -513.80    -25.10    -26.30    0.56    249981.0
 2024 10 12 07 24 00 000   -1.67    -2.91     4.01  -516.70    -31.60    -56.00    0.97    115166.0
 2024 10 12 07 25 00 000   -1.34    -2.76     4.36  -516.70    -31.60    -56.00    0.97    115166.0
 2024 10 12 07 26 00 000   -1.00    -1.42     5.04  -512.50    -22.10    -41.60    0.92    157197.0
 2024 10 12 07 27 00 000   -0.87    -1.43     5.00  -506.30    -15.50    -21.40    0.88    204002.0
 2024 10 12 07 28 00 000   -1.43    -2.13     4.71  -505.80    -23.80    -20.80    0.93    190416.0
 2024 10 12 07 29 00 000   -1.32    -2.77     4.64  -522.70    -22.20    -40.10    0.87    218890.0
 2024 10 12 07 30 00 000   -0.95    -1.97     5.57  -522.70    -22.20    -40.10    0.87    218890.0
 2024 10 12 07 31 00 000   -1.31    -2.04     4.78  -525.80    -28.20    -56.00    0.90    204858.0
 2024 10 12 07 32 00 000   -0.27    -0.85     5.51  -519.90    -17.70    -47.70    0.80    236230.0
 2024 10 12 07 33 00 000   -3.14    -3.69     2.83  -511.40     -2.60    -35.60    0.65    281574.0
 2024 10 12 07 34 00 000   -3.05    -4.07     2.25  -540.70    -38.70    -56.30    0.77    111034.0
 2024 10 12 07 35 00 000   -3.02    -4.37     2.18  -540.70    -38.70    -56.30    0.77    111034.0
 2024 10 12 07 36 00 000   -3.05    -4.32     1.97  -540.70    -38.70    -56.30    0.77    111034.0
 2024 10 12 07 37 00 000   -3.16    -4.68     2.01  -540.70    -38.70    -56.30    0.77    111034.0
 2024 10 12 07 38 00 000   -3.27    -2.86     3.94  -539.10    -52.00    -50.10    0.49    290406.0
 2024 10 12 07 39 00 000   -0.83    -2.01     5.52  -541.20    -48.60    -67.50    0.54    261345.0
 2024 10 12 07 40 00 000   -0.50    -1.89     5.71  -546.30    -27.10    -66.40    0.42    417038.0
 2024 10 12 07 41 00 000   -0.43    -1.63     5.22  -544.40    -20.50    -64.30    0.43    458108.0
 2024 10 12 07 42 00 000   -1.44    -2.01     4.88  -544.40    -20.50    -64.30    0.43    458108.0
 2024 10 12 07 43 00 000   -1.92    -1.78     4.83  -533.10    -16.50    -57.70    0.40    433315.0
 2024 10 12 07 44 00 000   -2.31    -1.65     4.74  -533.10    -16.50    -57.70    0.40    433315.0
 2024 10 12 07 45 00 000   -2.05    -2.07     4.55  -539.70    -14.90    -68.90    0.43    490704.0
 2024 10 12 07 46 00 000    0.49    -3.14     5.33  -539.70    -14.90    -68.90    0.43    490704.0
 2024 10 12 07 47 00 000   -0.61    -2.41     5.72  -539.70    -14.90    -68.90    0.43    490704.0
 2024 10 12 07 48 00 000    0.07    -3.01     5.15  -539.70    -14.90    -68.90    0.43    490704.0
 2024 10 12 07 49 00 000   -1.84    -2.91     5.56  -539.70    -14.90    -68.90    0.43    490704.0
 2024 10 12 07 50 00 000   -0.99    -3.64     5.03  -522.50    -19.20    -50.40    0.35    309392.0
 2024 10 12 07 51 00 000   -2.11    -1.27     4.73  -524.40    -14.10    -52.50    0.35    326892.0
 2024 10 12 07 52 00 000   -2.29    -1.37     4.55  -540.80     -5.10    -66.50    0.82    227934.0
 2024 10 12 07 53 00 000   -1.55    -2.66     5.19  -540.80     -5.10    -66.50    0.82    227934.0
 2024 10 12 07 54 00 000   -2.75    -1.79     5.09  -540.80     -5.10    -66.50    0.82    227934.0
 2024 10 12 07 55 00 000   -1.38    -3.30     5.33  -511.90    -63.90    -62.30    0.77     70910.0
 2024 10 12 07 56 00 000   -1.65    -3.17     5.85  -514.30    -70.90    -59.80    0.99     50403.0
 2024 10 12 07 57 00 000   -1.71    -2.64     6.03  -513.10    -91.90    -59.60    1.00     42072.0
 2024 10 12 07 58 00 000   -1.50    -2.35     5.75  -512.80    -94.30    -59.70    0.99     41911.0
 2024 10 12 07 59 00 000   -1.18    -2.65     5.43  -512.80    -94.30    -59.70    0.99     41911.0
 2024 10 12 08 00 00 000   -1.57    -2.08     5.65  -493.20    -57.80    -55.90    1.47    100809.0
 2024 10 12 08 01 00 000   -2.13    -2.86     5.75  -501.80    -57.80    -52.10    1.40     88801.0
 2024 10 12 08 02 00 000   -2.66    -2.52     4.75  -517.70    -51.50    -52.10    1.09     74368.0
 2024 10 12 08 03 00 000   -2.83    -2.29     4.67  -514.30    -40.60    -65.80    0.83     92967.0
 2024 10 12 08 04 00 000   -2.77    -2.01     5.26  -514.30    -40.60    -65.80    0.83     92967.0
 2024 10 12 08 05 00 000   -2.65    -1.91     4.86  -514.30    -40.60    -65.80    0.83     92967.0
 2024 10 12 08 06 00 000   -1.13    -3.66     5.39  -501.10    -76.00    -67.20    1.08     63354.0
 2024 10 12 08 07 00 000   -0.79    -4.16     5.14  -501.10    -76.00    -67.20    1.08     63354.0
 2024 10 12 08 08 00 000   -1.37    -3.80     5.33  -501.10    -76.00    -67.20    1.08     63354.0
 2024 10 12 08 09 00 000   -1.44    -3.23     5.37  -508.70    -75.00    -79.20    1.18     96317.0
 2024 10 12 08 10 00 000   -1.97    -2.04     5.05  -508.70    -75.00    -79.20    1.18     96317.0
 2024 10 12 08 11 00 000   -2.07    -2.32     5.81  -510.80    -25.50    -69.30    1.15    112803.0
 2024 10 12 08 12 00 000   -2.31    -2.35     6.18  -510.80    -25.50    -69.30    1.15    112803.0
 2024 10 12 08 13 00 000   -1.83    -2.39     5.62  -512.30    -50.10    -58.70    0.90    114481.0
 2024 10 12 08 14 00 000   -0.83    -2.58     5.10  -512.30    -50.10    -58.70    0.90    114481.0
 2024 10 12 08 15 00 000   -1.28    -2.22     5.89  -525.20    -31.20    -52.00    0.87     97625.0
 2024 10 12 08 16 00 000   -1.19    -1.91     5.50  -525.20    -31.20    -52.00    0.87     97625.0
 2024 10 12 08 17 00 000   -1.29    -1.80     5.37  -518.80    -29.00    -42.70    0.96    127880.0
 2024 10 12 08 18 00 000   -1.43    -1.46     5.20  -513.80    -15.10    -39.90    1.06    155860.0
 2024 10 12 08 19 00 000   -2.07    -1.83     5.10  -516.10     -4.90    -49.40    1.06    149703.0
 2024 10 12 08 20 00 000   -2.18    -2.22     5.12  -514.90     -2.10    -59.80    1.10    160648.0
 2024 10 12 08 21 00 000   -2.19    -2.13     4.95  -513.70     -4.80    -53.80    0.96    180835.0
 2024 10 12 08 22 00 000   -2.12    -2.16     4.74  -513.70     -5.10    -54.10    0.94    189418.0
 2024 10 12 08 23 00 000   -2.06    -1.90     4.81  -514.30     -5.60    -59.40    0.84    234718.0
 2024 10 12 08 24 00 000   -1.95    -1.95     4.81  -515.50      6.90    -60.20    0.80    279114.0
 2024 10 12 08 25 00 000   -2.11    -2.15     4.69  -515.60      7.80    -60.30    0.80    282474.0
 2024 10 12 08 26 00 000   -1.85    -1.81     4.69  -515.60      7.80    -60.30    0.80    282474.0
 2024 10 12 08 27 00 000   -1.65    -1.63     4.83  -525.50    -22.40    -74.40    0.55    408490.0
 2024 10 12 08 28 00 000   -1.68    -1.52     4.54  -521.40    -13.80    -64.50    0.58    402171.0
 2024 10 12 08 29 00 000   -1.61    -1.35     4.88  -516.70     -1.40    -54.30    0.62    394076.0
 2024 10 12 08 30 00 000   -1.81    -1.29     4.65  -517.00      8.80    -57.50    0.64    388906.0
 2024 10 12 08 31 00 000   -1.95    -1.77     4.01  -533.50     10.50    -43.50    0.64    352791.0
 2024 10 12 08 32 00 000   -2.06    -2.16     3.77  -533.60      9.90    -43.40    0.64    352234.0
 2024 10 12 08 33 00 000   -1.95    -2.16     3.39  -533.60      9.90    -43.40    0.64    352234.0
 2024 10 12 08 34 00 000   -2.16    -2.09     3.54  -531.60     -4.80    -60.30    0.73    360384.0
 2024 10 12 08 35 00 000   -1.79    -1.73     4.14  -529.70     -1.90    -62.00    0.71    361630.0
 2024 10 12 08 36 00 000   -1.54    -1.18     4.38  -520.60     13.30    -70.90    0.63    378768.0
 2024 10 12 08 37 00 000   -1.49    -0.83     4.39  -514.00     34.20    -82.20    0.63    471722.0
 2024 10 12 08 38 00 000   -1.27    -0.69     3.77  -516.60     24.10    -71.50    0.55    390744.0
 2024 10 12 08 39 00 000   -1.26    -0.68     3.51  -515.50     29.40    -78.50    0.59    425141.0
 2024 10 12 08 40 00 000   -1.03    -0.62     4.06  -513.30     40.60    -93.20    0.68    499680.0
 2024 10 12 08 41 00 000   -0.88    -0.78     4.20  -502.00     36.40    -82.70    0.64    417427.0
 2024 10 12 08 42 00 000   -1.08    -1.27     3.97  -501.90     36.40    -82.60    0.64    416784.0
 2024 10 12 08 43 00 000   -1.85    -1.55     3.71  -507.20     43.20    -95.90    0.74    437360.0
 2024 10 12 08 44 00 000   -2.35    -1.82     3.71  -506.20     43.40    -95.80    0.72    445136.0
 2024 10 12 08 45 00 000   -2.37    -1.60     3.94  -504.80     43.70    -95.40    0.70    455579.0
 2024 10 12 08 46 00 000   -2.59    -1.79     3.86  -513.50     46.60   -104.40    0.70    321257.0
 2024 10 12 08 47 00 000   -2.50    -1.80     3.88  -513.50     46.60   -104.40    0.70    321257.0
 2024 10 12 08 48 00 000   -2.63    -1.80     3.76  -511.10     53.10   -105.30    0.74    349940.0
 2024 10 12 08 49 00 000   -2.56    -2.27     3.36  -509.90     53.40   -110.90    0.75    355171.0
 2024 10 12 08 50 00 000   -2.22    -3.00     2.68  -507.40     50.00   -128.50    0.78    363995.0
 2024 10 12 08 51 00 000   -2.01    -3.16     2.47  -506.60     46.70   -128.40    0.85    310472.0
 2024 10 12 08 52 00 000   -2.26    -2.76     2.55  -508.50     49.10   -125.30    0.81    330954.0
 2024 10 12 08 53 00 000   -2.36    -2.60     2.49  -507.50     53.00   -124.00    0.77    341822.0
 2024 10 12 08 54 00 000   -2.30    -2.47     2.51  -498.00     63.70   -136.30    0.83    361412.0
 2024 10 12 08 56 00 000   -2.34    -2.45     2.50  -498.00     63.70   -136.30    0.83    361412.0
 2024 10 12 08 57 00 000   -2.34    -2.45     2.50  -498.00     63.70   -136.30    0.83    361412.0
 2024 10 12 09 01 00 000   -2.27    -2.49     2.24  -498.00     63.70   -136.30    0.83    361412.0
 2024 10 12 09 03 00 000    0.36     3.35    -0.40  -498.00     63.70   -136.30    0.83    361412.0
 2024 10 12 09 04 00 000    1.64     3.13    -1.87  -570.80    -52.40    -79.20    0.55    213753.0
 2024 10 12 09 05 00 000    2.26     2.59    -4.27  -570.10    -50.90    -75.80    0.53    213888.0
 2024 10 12 09 06 00 000    1.49     2.01    -3.73  -547.80     -9.60    -80.60    0.58    304231.0
 2024 10 12 09 07 00 000    2.10     2.26    -3.05  -561.00    -34.30    -94.00    0.65    259975.0
 2024 10 12 09 08 00 000    3.48     3.26    -4.07  -583.80    -69.40    -95.70    0.65    194085.0
 2024 10 12 09 09 00 000    2.19     1.57    -2.58  -583.80    -69.40    -95.70    0.65    194089.0
 2024 10 12 09 10 00 000    2.15     2.31    -4.75  -583.80    -69.40    -95.70    0.65    194089.0
 2024 10 12 09 11 00 000    2.02     1.93    -4.45  -572.70    -72.60    -69.20    0.67    216061.0
 2024 10 12 09 12 00 000    2.92     1.67    -5.35  -573.00    -67.40    -68.10    0.67    219201.0
 2024 10 12 09 13 00 000    3.15     1.31    -5.33  -574.50    -40.80    -62.40    0.66    235175.0
 2024 10 12 09 14 00 000    2.98     1.30    -5.48  -576.00    -51.20    -53.40    0.65    216471.0
 2024 10 12 09 15 00 000    2.83     1.16    -5.50  -578.00    -66.00    -41.40    0.64    190678.0
 2024 10 12 09 16 00 000    2.49    -0.29    -5.58  -576.80    -63.50    -40.60    0.64    196849.0
 2024 10 12 09 17 00 000    2.58    -0.63    -5.51  -569.30    -46.00    -35.30    0.67    236629.0
 2024 10 12 09 18 00 000    2.70    -0.38    -5.47  -577.70    -52.70    -44.10    0.61    183457.0
 2024 10 12 09 19 00 000    2.71    -0.39    -5.70  -578.90    -53.00    -42.10    0.59    172422.0
 2024 10 12 09 20 00 000    2.52    -0.23    -5.83  -578.80    -51.90    -35.30    0.58    165232.0
 2024 10 12 09 21 00 000    2.55    -0.14    -5.75  -581.10    -58.40    -40.30    0.58    146831.0
 2024 10 12 09 22 00 000    2.87    -0.80    -5.68  -581.90    -60.80    -42.20    0.58    139926.0
 2024 10 12 09 23 00 000    2.59    -1.89    -5.47  -577.70    -49.70    -42.50    0.64    142899.0
 2024 10 12 09 24 00 000    2.56    -1.08    -5.63  -581.60    -53.90    -37.30    0.67    158231.0
 2024 10 12 09 25 00 000    1.40    -3.76    -4.60  -588.70    -61.50    -30.20    0.74    173555.0
 2024 10 12 09 26 00 000    1.53    -3.49    -4.80  -603.40    -75.70    -30.90    0.91    118221.0
 2024 10 12 09 27 00 000    0.49    -5.30    -2.50  -619.30   -113.30     -4.90    1.10    108735.0
 2024 10 12 09 28 00 000    0.23    -5.33    -2.80  -621.40   -118.40     -1.40    1.13    107588.0
 2024 10 12 09 29 00 000   -0.20    -5.90    -2.26  -621.40   -118.40     -1.40    1.13    107588.0
 2024 10 12 09 30 00 000   -0.02    -5.91    -2.54  -603.50    -68.80      8.90    1.05    125250.0
 2024 10 12 09 31 00 000    1.56    -4.25    -4.48  -603.20    -68.50      7.80    1.05    124988.0
 2024 10 12 09 32 00 000    1.28    -4.46    -4.38  -586.90    -53.70    -43.60    1.02    112368.0
 2024 10 12 09 33 00 000    1.23    -4.74    -4.25  -589.80    -50.60    -31.30    0.92    125286.0
 2024 10 12 09 34 00 000    0.79    -5.31    -3.87  -593.60    -48.50    -16.80    0.84    138869.0
 2024 10 12 09 35 00 000    0.81    -5.47    -3.82  -600.90    -45.00     10.00    1.11    172653.0
 2024 10 12 09 36 00 000    1.33    -5.21    -3.94  -601.00    -45.00     10.30    1.11    173037.0
 2024 10 12 09 37 00 000    1.30    -5.32    -3.82  -596.40    -41.90      1.80    0.95     97091.0
 2024 10 12 09 38 00 000    1.55    -4.98    -4.17  -596.40    -41.90      1.80    0.95     97091.0
 2024 10 12 09 39 00 000    1.70    -4.78    -4.35  -594.00    -34.10     -4.40    1.01    118367.0
 2024 10 12 09 40 00 000    1.59    -4.83    -4.23  -592.60    -30.10     -6.00    1.02    113008.0
 2024 10 12 09 41 00 000    1.36    -5.13    -4.02  -590.90    -23.10     -5.70    1.00     80276.0
 2024 10 12 09 42 00 000    0.84    -5.55    -3.48  -595.70    -21.60     -1.90    0.92     67289.0
 2024 10 12 09 43 00 000    0.65    -5.46    -3.58  -584.40    -16.40     -4.60    0.93     92960.0
 2024 10 12 09 44 00 000    0.88    -5.16    -3.97  -584.00    -16.20     -7.60    0.97     89704.0
 2024 10 12 09 45 00 000    0.70    -5.71    -2.92  -583.30    -15.70    -16.90    1.12     78452.0
 2024 10 12 09 46 00 000    1.81    -4.70    -3.99  -585.50     -3.90    -16.20    1.35     72902.0
 2024 10 12 09 47 00 000    1.23    -5.11    -3.57  -585.50     -3.80    -16.20    1.35     72847.0
 2024 10 12 09 48 00 000    1.01    -5.26    -3.58  -583.90      2.10     -9.40    1.45     87730.0
 2024 10 12 09 49 00 000    1.07    -5.30    -3.56  -583.90      2.10     -9.40    1.45     87730.0
 2024 10 12 09 50 00 000    1.05    -5.43    -3.46  -582.80     -5.60    -12.60    1.40     85623.0
 2024 10 12 09 51 00 000    1.07    -5.03    -3.95  -582.80     -5.60    -12.60    1.40     85623.0
 2024 10 12 09 52 00 000    1.39    -4.58    -4.38  -584.70     -0.80     -5.80    1.85     73479.0
 2024 10 12 09 53 00 000    2.21    -4.44    -4.04  -584.70     -0.80     -5.80    1.85     73479.0
 2024 10 12 09 54 00 000    2.06    -4.28    -4.27  -586.20     -3.30    -10.50    1.71     86674.0
 2024 10 12 09 55 00 000    1.77    -4.43    -4.48  -586.20     -3.30    -10.50    1.71     86674.0
 2024 10 12 09 56 00 000    1.84    -4.40    -4.47  -584.30     -1.50     -8.20    1.62     74498.0
 2024 10 12 09 57 00 000    2.04    -4.11    -4.64  -584.20     -1.40     -8.30    1.63     74283.0
 2024 10 12 09 58 00 000    2.29    -3.77    -4.81  -581.70      3.00     -9.90    1.78     69200.0
 2024 10 12 09 59 00 000    2.25    -3.78    -4.81  -581.60      3.10     -9.90    1.78     69077.0
 2024 10 12 10 00 00 000    2.28    -3.75    -4.87  -580.20     -1.70    -16.10    1.47     64218.0
 2024 10 12 10 01 00 000    2.28    -3.42    -5.13  -579.50     -0.90    -14.40    1.47     64052.0
 2024 10 12 10 02 00 000    2.33    -3.31    -5.19  -572.00      8.30      5.00    1.49     62146.0
 2024 10 12 10 03 00 000    2.28    -3.36    -5.16  -572.00      8.30      5.00    1.49     62146.0
 2024 10 12 10 04 00 000    2.44    -3.35    -5.14  -572.00      8.30      5.00    1.49     62146.0
 2024 10 12 10 05 00 000    2.56    -3.20    -5.25  -574.00      4.00    -18.10    1.19     71136.0
 2024 10 12 10 06 00 000    2.71    -3.04    -5.26  -574.00      4.00    -18.10    1.19     71136.0
 2024 10 12 10 07 00 000    2.76    -2.72    -5.35  -576.30     12.00     -3.30    1.20     74962.0
 2024 10 12 10 08 00 000    2.62    -2.52    -5.36  -576.30     12.00     -3.30    1.20     74962.0
 2024 10 12 10 09 00 000    2.74    -2.86    -5.13  -576.30     12.00     -3.30    1.20     74962.0
 2024 10 12 10 10 00 000    2.78    -2.69    -5.39  -576.30     13.00     -3.40    1.14     89909.0
 2024 10 12 10 11 00 000    2.63    -2.65    -5.48  -576.30     13.00     -3.40    1.14     89909.0
 2024 10 12 10 12 00 000    2.62    -2.70    -4.98  -572.40     -1.70    -17.80    1.68     71219.0
 2024 10 12 10 13 00 000    2.38    -3.13    -4.62  -572.30     -1.80    -18.10    1.70     72412.0
 2024 10 12 10 14 00 000    2.44    -2.94    -4.70  -570.20     -3.80    -23.60    1.97     92304.0
 2024 10 12 10 15 00 000    2.32    -0.90    -5.46  -568.40     10.40    -30.20    1.76     80172.0
 2024 10 12 10 16 00 000    2.21    -1.15    -5.40  -567.70     15.50    -32.60    1.69     75773.0
 2024 10 12 10 17 00 000    2.21    -1.18    -5.51  -567.10     16.60    -35.30    1.60     63707.0
 2024 10 12 10 18 00 000    2.06    -0.98    -5.59  -567.20     16.50    -35.20    1.60     63870.0
 2024 10 12 10 19 00 000    1.92    -1.95    -5.34  -578.50      1.80    -21.00    1.40     83439.0
 2024 10 12 10 20 00 000    2.01    -1.00    -5.39  -576.50     17.80    -18.80    1.69     78137.0
 2024 10 12 10 21 00 000    2.35    -1.11    -5.56  -576.00     21.00    -18.40    1.74     76977.0
 2024 10 12 10 22 00 000    2.54    -0.54    -5.43  -582.00     33.40    -16.60    1.52     84670.0
 2024 10 12 10 23 00 000    2.45    -0.70    -5.30  -582.00     33.40    -16.60    1.52     84670.0
 2024 10 12 10 24 00 000    2.32    -0.18    -5.38  -581.10     22.20      4.90    2.35     67611.0
 2024 10 12 10 25 00 000    0.91     2.73    -4.35  -581.00     20.90      7.40    2.45     65645.0
 2024 10 12 10 26 00 000   -0.04     4.26    -3.77  -601.70     69.00     24.70    2.39     71843.0
 2024 10 12 10 27 00 000    0.92     3.18    -4.48  -601.70     69.00     24.70    2.39     71843.0
 2024 10 12 10 28 00 000    1.47     1.97    -4.86  -592.50     63.90      8.60    2.99     68018.0
 2024 10 12 10 29 00 000    1.42     2.12    -4.81  -592.50     63.90      8.60    2.99     68018.0
 2024 10 12 10 30 00 000    0.91     2.76    -4.78  -592.50     63.90      8.60    2.99     68018.0
 2024 10 12 10 31 00 000    0.94     3.12    -4.76  -592.60     56.20      7.60    2.69     92304.0
 2024 10 12 10 32 00 000    0.93     3.49    -4.76  -590.90     55.10      6.00    2.56     87243.0
 2024 10 12 10 33 00 000   -0.78     4.60    -4.04  -582.60     49.90     -1.60    1.98     62847.0
 2024 10 12 10 34 00 000   -1.03     4.21    -4.27  -586.20     57.70      2.50    2.40     54838.0
 2024 10 12 10 35 00 000   -0.57     4.29    -4.06  -586.60     58.40      2.90    2.44     54305.0
 2024 10 12 10 36 00 000   -0.54     4.63    -3.84  -583.30     50.50      1.50    2.46     62672.0
 2024 10 12 10 37 00 000   -0.51     4.88    -3.97  -581.30     45.60      0.60    2.47     67896.0
 2024 10 12 10 38 00 000   -0.13     4.77    -4.44  -582.90     44.20      2.60    2.00     64963.0
 2024 10 12 10 39 00 000   -0.05     4.36    -4.45  -586.00     44.60     -0.60    2.21     64937.0
 2024 10 12 10 40 00 000    0.21     3.51    -4.24  -589.60     46.90     -3.00    2.76     68370.0
 2024 10 12 10 41 00 000   -1.42     4.15    -3.98  -598.20     54.70     15.50    2.98     81620.0
 2024 10 12 10 43 00 000   -0.62     3.91    -3.94  -588.70     57.40     -7.80    2.66     68628.0
 2024 10 12 10 44 00 000    0.15     3.70    -4.11  -581.80     52.80     -8.90    2.67     71164.0
 2024 10 12 10 45 00 000    1.15     3.59    -4.29  -575.80     48.90     -9.80    2.69     73358.0
 2024 10 12 10 46 00 000    1.30     3.55    -3.87  -574.60     39.90     -2.10    1.93     97916.0
 2024 10 12 10 47 00 000    1.71     2.14    -4.65  -575.10     41.70      3.60    1.86     83740.0
 2024 10 12 10 48 00 000    2.70    -2.90    -2.67  -576.40     28.70     -0.10    2.04     81453.0
 2024 10 12 10 49 00 000    1.88    -5.06    -0.35  -577.50     12.60     -9.20    2.31     91223.0
 2024 10 12 10 50 00 000    1.53    -5.75     1.57  -566.50    -28.00     -9.60    1.45    105970.0
 2024 10 12 10 51 00 000    1.31    -5.81     1.79  -570.70     -6.70    -15.20    1.11    111472.0
 2024 10 12 10 52 00 000    1.55    -5.79     1.59  -571.90     -0.50    -16.80    1.01    113064.0
 2024 10 12 10 53 00 000    1.58    -5.78     1.42  -577.50     -5.30     -6.00    1.06    113850.0
 2024 10 12 10 54 00 000    1.45    -5.75     1.43  -577.50     -5.30     -6.00    1.06    113850.0
 2024 10 12 10 55 00 000    1.08    -5.82     1.97  -577.50     -5.30     -6.00    1.06    113850.0
 2024 10 12 10 56 00 000    1.17    -5.68     2.27  -576.60     -4.70    -24.40    0.99     99922.0
 2024 10 12 10 57 00 000    1.21    -5.47     2.69  -576.60     -4.70    -24.40    0.99     99922.0
 2024 10 12 10 58 00 000    1.13    -5.18     3.40  -576.60     -4.70    -24.40    0.99     99922.0
 2024 10 12 10 59 00 000    1.52    -4.82     3.61  -583.10    -10.00    -42.70    1.01    110366.0
 2024 10 12 11 00 00 000    1.30    -4.85     3.73  -579.20     -9.10    -43.70    1.03    127190.0
 2024 10 12 11 01 00 000    0.58    -5.03     3.80  -571.90     -5.40    -47.90    0.96    118056.0
 2024 10 12 11 02 00 000    1.13    -5.30     3.40  -568.20     -8.40    -44.80    0.94    112107.0
 2024 10 12 11 03 00 000    0.78    -5.34     3.44  -568.70    -12.80    -43.80    0.90    112960.0
 2024 10 12 11 04 00 000    0.29    -5.48     3.40  -566.10      0.30    -38.60    0.87    107588.0
 2024 10 12 11 05 00 000    0.13    -5.39     3.64  -566.10      0.30    -38.60    0.87    107588.0
 2024 10 12 11 06 00 000    0.06    -5.24     3.85  -566.10      0.30    -38.60    0.87    107588.0
 2024 10 12 11 07 00 000   -0.28    -5.32     3.76  -549.60      4.00    -39.70    0.95    109948.0
 2024 10 12 11 08 00 000   -0.33    -5.27     3.92  -549.60      4.00    -39.70    0.95    109948.0
 2024 10 12 11 09 00 000   -1.58    -4.22     4.85  -538.20      0.00    -50.70    0.84    100218.0
 2024 10 12 11 10 00 000   -1.11    -4.50     4.73  -538.20      0.00    -50.70    0.84    100218.0
 2024 10 12 11 11 00 000   -1.45    -4.35     4.91  -538.20      0.00    -50.70    0.84    100218.0
 2024 10 12 11 12 00 000   -2.08    -3.92     5.14  -546.20      1.80    -53.40    0.80     94682.0
 2024 10 12 11 13 00 000   -1.41    -4.47     4.85  -546.20      1.80    -53.40    0.80     94682.0
 2024 10 12 11 14 00 000   -1.64    -4.26     5.05  -542.30      0.30    -58.50    0.87    118357.0
 2024 10 12 11 15 00 000   -1.66    -4.54     4.87  -540.00     -0.60    -61.60    0.92    132679.0
 2024 10 12 11 16 00 000   -1.40    -4.69     4.84  -540.00     -0.50    -61.60    0.92    132724.0
 2024 10 12 11 17 00 000   -1.67    -4.47     5.09  -540.20      5.20    -59.80    0.92    134841.0
 2024 10 12 11 18 00 000   -1.76    -4.39     5.16  -540.20      5.20    -59.80    0.92    134841.0
 2024 10 12 11 19 00 000   -1.55    -4.67     4.91  -537.40      7.20    -65.20    0.87    130423.0
 2024 10 12 11 20 00 000   -0.98    -5.25     4.52  -537.70      6.80    -66.10    0.88    129110.0
 2024 10 12 11 21 00 000   -1.06    -4.67     5.05  -541.20      2.60    -76.50    0.93    114692.0
 2024 10 12 11 22 00 000   -1.09    -4.61     5.11  -541.20      2.60    -76.50    0.93    114692.0
 2024 10 12 11 23 00 000   -1.30    -4.36     5.44  -543.50      0.90    -64.50    0.86    140673.0
 2024 10 12 11 24 00 000   -1.28    -4.39     5.40  -543.50      0.90    -64.50    0.86    140673.0
 2024 10 12 11 25 00 000   -0.97    -4.67     5.28  -546.40      5.70    -64.00    0.86    148660.0
 2024 10 12 11 26 00 000   -0.69    -4.74     5.26  -546.40      5.70    -64.00    0.86    148660.0
 2024 10 12 11 27 00 000   -1.12    -4.61     5.42  -541.60     -0.40    -61.50    0.84    136733.0
 2024 10 12 11 28 00 000   -1.05    -4.73     5.36  -544.30      1.80    -62.70    0.86    141773.0
 2024 10 12 11 29 00 000   -0.59    -4.94     5.35  -551.00      7.20    -65.80    0.91    154449.0
 2024 10 12 11 30 00 000   -0.91    -4.55     5.67  -547.30     -5.30    -68.70    0.87    160960.0
 2024 10 12 11 31 00 000   -1.32    -4.76     5.46  -547.30     -5.30    -68.70    0.87    160960.0
 2024 10 12 11 32 00 000   -1.13    -4.42     5.82  -545.10     -5.00    -59.10    0.91    178581.0
 2024 10 12 11 33 00 000   -1.19    -3.63     6.37  -546.30     -3.30    -59.60    0.90    174240.0
 2024 10 12 11 34 00 000   -1.18    -3.25     6.63  -551.60      4.10    -61.90    0.88    155699.0
 2024 10 12 11 35 00 000   -1.38    -2.86     6.64  -554.70     -7.80    -63.50    0.95    149078.0
 2024 10 12 11 36 00 000   -1.92    -2.78     6.49  -557.00     -8.50    -64.00    1.02    160031.0
 2024 10 12 11 37 00 000   -1.42    -5.38     4.77  -561.90     -8.60    -64.80    1.14    186154.0
 2024 10 12 11 38 00 000   -1.14    -5.97     4.55  -559.90     -4.90    -54.80    1.01    153742.0
 2024 10 12 11 39 00 000   -1.17    -5.77     4.82  -559.90     -4.90    -54.80    1.01    153741.0
 2024 10 12 11 40 00 000   -0.89    -5.63     4.97  -550.80     -6.60    -59.00    1.12    171550.0
 2024 10 12 11 41 00 000   -0.77    -5.48     5.34  -552.20     -7.10    -60.00    1.10    169251.0
 2024 10 12 11 42 00 000   -0.24    -3.82     6.76  -561.60    -10.00    -66.70    0.98    154180.0
 2024 10 12 11 43 00 000   -0.09    -4.97     5.96  -562.10    -10.20    -67.10    0.97    153314.0
 2024 10 12 11 44 00 000   -0.22    -4.82     6.09  -562.10    -10.20    -67.10    0.97    153314.0
 2024 10 12 11 45 00 000   -0.20    -4.66     6.29  -564.40    -22.90    -59.40    1.05    152264.0
 2024 10 12 11 46 00 000   -0.16    -5.28     5.97  -564.30    -24.80    -60.70    1.03    153734.0
 2024 10 12 11 47 00 000   -0.39    -4.89     6.26  -565.70     -3.00    -50.10    0.83    101502.0
 2024 10 12 11 48 00 000   -0.58    -4.20     6.82  -569.10    -11.00    -47.60    0.98    120898.0
 2024 10 12 11 49 00 000   -0.72    -3.72     6.56  -570.40    -14.10    -46.70    1.05    128408.0
 2024 10 12 11 50 00 000    1.88    -4.26    -5.11  -570.40    -14.10    -46.70    1.05    128408.0
 2024 10 12 11 51 00 000    2.16    -3.21    -6.50  -570.40    -14.10    -46.70    1.05    128408.0
 2024 10 12 11 52 00 000    1.56    -4.11    -5.86  -570.40    -14.10    -46.70    1.05    128408.0
 2024 10 12 11 53 00 000    1.23    -6.37    -2.12  -589.70    -22.20    -32.30    3.51     91785.0
 2024 10 12 11 54 00 000    1.90    -6.36    -2.44  -589.70    -22.20    -32.30    3.51     91785.0
 2024 10 12 11 55 00 000    0.06    -1.77     2.76  -589.70    -22.20    -32.30    3.51     91785.0
 2024 10 12 11 56 00 000   -0.43     3.66     4.42  -589.70    -22.20    -32.30    3.51     91785.0
 2024 10 12 11 57 00 000   -0.45     3.48     4.32  -589.70    -22.20    -32.30    3.51     91785.0
 2024 10 12 11 58 00 000   -0.86     4.04     3.54  -601.80      5.50     24.20    7.78     75047.0
 2024 10 12 11 59 00 000   -0.99     4.22     3.29  -601.80      5.50     24.20    7.78     75047.0
 2024 10 12 12 00 00 000   -0.88     4.31     3.16  -601.80      5.50     24.20    7.78     75047.0
 2024 10 12 12 01 00 000   -0.60     3.51     3.44  -601.80      5.50     24.20    7.78     75047.0
 2024 10 12 12 02 00 000    0.08    -1.57     0.97  -601.80      5.50     24.20    7.78     75047.0
 2024 10 12 12 03 00 000    0.93    -1.75     2.09  -599.80     -4.50      7.80    7.24    171036.0
 2024 10 12 12 04 00 000    1.08    -3.65    -1.76  -599.80     -4.50      7.80    7.24    171036.0
 2024 10 12 12 05 00 000    1.34    -1.54     1.37  -602.90      0.00      2.90    8.06    192107.0
 2024 10 12 12 06 00 000    0.12    -1.77     0.19  -602.90      0.00      2.90    8.06    192107.0
 2024 10 12 12 07 00 000    0.63    -1.62    -2.47  -602.90      0.00      2.90    8.06    192107.0
 2024 10 12 12 08 00 000   -0.68     2.06    -1.63  -614.50     31.60     11.60    8.20    233990.0
 2024 10 12 12 09 00 000   -1.01     1.19    -1.54  -614.80     14.90     -1.80    6.48    163752.0
 2024 10 12 12 10 00 000   -1.35    -0.70    -2.91  -616.60     -3.40    -22.40    4.11     63505.0
 2024 10 12 12 11 00 000   -1.79     0.66    -3.47  -622.20     30.40    -21.60    5.19     99186.0
 2024 10 12 12 12 00 000   -1.55    -0.77    -3.34  -622.20     30.40    -21.60    5.19     99186.0
 2024 10 12 12 13 00 000   -1.49    -0.44    -3.13  -620.40     25.10    -21.10    5.42     57790.0
 2024 10 12 12 14 00 000   -0.16    -2.34    -2.76  -619.60      3.80    -20.50    4.22     67521.0
 2024 10 12 12 15 00 000    1.01    -3.31    -1.65  -619.30     -3.60    -20.30    3.81     70929.0
 2024 10 12 12 16 00 000   -0.11    -3.77    -2.18  -602.60     -6.10    -26.60    5.07     89144.0
 2024 10 12 12 17 00 000   -0.02    -3.51    -1.72  -616.10    -12.70    -19.60    4.27     77964.0
 2024 10 12 12 18 00 000    0.92    -2.26    -0.34  -622.40    -16.20    -15.20    4.10     74717.0
 2024 10 12 12 19 00 000    1.41    -0.68     1.23  -597.80      4.10     -4.70    6.42    126833.0
 2024 10 12 12 20 00 000    0.37    -2.17     0.43  -601.00     -2.40     -5.10    6.52     97632.0
 2024 10 12 12 21 00 000    0.04    -2.93     0.33  -600.40    -10.40    -22.50    3.75     78060.0
 2024 10 12 12 22 00 000   -0.38    -3.25    -2.29  -607.40    -12.60    -18.70    3.65     74612.0
 2024 10 12 12 23 00 000   -0.30    -3.64    -2.33  -621.10    -16.80    -11.20    3.47     67858.0
 2024 10 12 12 24 00 000   -0.36    -3.51    -2.57  -621.10    -16.80    -11.20    3.47     67858.0
 2024 10 12 12 25 00 000    0.20    -4.22    -2.58  -602.70    -15.70    -21.20    3.37     70391.0
 2024 10 12 12 26 00 000    0.32    -4.35    -2.27  -608.00    -12.10    -23.60    3.65     71577.0
 2024 10 12 12 27 00 000   -1.91    -3.43    -1.90  -618.90     -6.30    -24.70    3.83     69548.0
 2024 10 12 12 28 00 000   -1.21    -3.03    -1.02  -612.10      2.80    -15.80    5.44     87480.0
 2024 10 12 12 29 00 000   -0.42    -2.34    -0.48  -607.50     -1.00     -5.90    6.41    102619.0
 2024 10 12 12 30 00 000    0.52    -0.96     0.22  -607.20     -1.40     -5.10    6.47    103644.0
 2024 10 12 12 31 00 000   -1.32    -3.34    -2.00  -629.00     -7.50    -25.00    4.80     57991.0
 2024 10 12 12 32 00 000   -2.38    -3.37    -2.28  -629.00     -7.50    -25.00    4.80     57991.0
 2024 10 12 12 33 00 000   -2.27    -3.58    -2.33  -629.00     -7.50    -25.00    4.80     57991.0
 2024 10 12 12 34 00 000   -1.97    -2.99    -2.45  -629.00     -7.50    -25.00    4.80     57991.0
 2024 10 12 12 35 00 000   -2.08    -3.15    -2.55  -622.90     -3.40    -26.20    4.78     54414.0
 2024 10 12 12 36 00 000   -1.84    -3.04    -2.60  -622.90     -3.40    -26.20    4.78     54414.0
 2024 10 12 12 37 00 000   -1.63    -2.91    -2.86  -622.90     -3.40    -26.20    4.78     54414.0
 2024 10 12 12 38 00 000   -1.79    -3.01    -3.06  -622.90     -3.40    -26.20    4.78     54414.0
 2024 10 12 12 39 00 000   -0.78    -3.98    -1.18  -620.80      2.70    -29.80    3.50     59575.0
 2024 10 12 12 40 00 000   -0.27    -4.86    -0.14  -620.80      2.70    -29.80    3.50     59575.0
 2024 10 12 12 41 00 000   -0.60    -4.79    -0.55  -620.80      2.70    -29.80    3.50     59575.0
 2024 10 12 12 42 00 000   -0.54    -4.85    -0.28  -620.80      2.70    -29.80    3.50     59575.0
 2024 10 12 12 43 00 000   -0.70    -4.80    -0.19  -622.30     11.60    -24.50    2.42     68872.0
 2024 10 12 12 44 00 000   -0.88    -4.81     0.09  -622.30     11.60    -24.50    2.42     68872.0
 2024 10 12 12 45 00 000   -0.69    -4.72    -0.05  -622.30     11.60    -24.50    2.42     68872.0
 2024 10 12 12 46 00 000   -0.37    -4.25    -0.83  -617.70    -12.90    -13.30    2.64    102895.0
 2024 10 12 12 47 00 000   -0.47    -3.38    -1.40  -617.70    -12.90    -13.30    2.64    102895.0
 2024 10 12 12 48 00 000   -0.34    -3.47    -0.93  -617.60    -15.30    -15.70    4.89     85050.0
 2024 10 12 12 49 00 000   -0.16    -3.11    -0.86  -618.20    -15.90    -18.80    5.22     81218.0
 2024 10 12 12 50 00 000   -0.28    -3.47    -0.92  -619.30    -15.30    -19.80    5.18     69864.0
 2024 10 12 12 51 00 000   -1.15    -3.71    -1.64  -623.50     -8.00    -22.00    4.90     56432.0
 2024 10 12 12 52 00 000   -1.09    -4.32    -1.29  -627.30    -12.40    -15.20    4.72     52442.0
 2024 10 12 12 53 00 000   -1.75    -4.10    -1.22  -629.10    -13.60    -12.20    4.00     47455.0
 2024 10 12 12 54 00 000   -1.37    -4.00    -0.87  -628.30     -8.10    -19.60    3.90     44990.0
 2024 10 12 12 55 00 000   -1.40    -3.86    -1.16  -624.30    -10.40    -21.20    4.18     50204.0
 2024 10 12 12 56 00 000   -1.17    -3.55    -1.14  -632.80      2.00    -27.50    4.14     52792.0
 2024 10 12 12 57 00 000   -1.24    -3.78    -0.65  -629.10     -4.50    -20.40    3.92     54223.0
 2024 10 12 12 58 00 000   -1.75    -3.60    -0.78  -628.10     -3.00    -20.70    3.86     53568.0
 2024 10 12 12 59 00 000   -1.69    -3.56    -0.90  -624.00     -0.80     -7.00    4.11     47942.0
 2024 10 12 13 00 00 000   -1.93    -3.44    -1.09  -624.00     -0.80     -7.00    4.11     47942.0
 2024 10 12 13 01 00 000   -1.96    -3.45    -0.95  -624.00     -0.80     -7.00    4.11     47942.0
 2024 10 12 13 02 00 000   -2.18    -3.48    -0.61  -624.00     -0.80     -7.00    4.11     47942.0
 2024 10 12 13 03 00 000   -2.31    -3.41    -0.35  -624.00     -0.80     -7.00    4.11     47942.0
 2024 10 12 13 04 00 000   -2.51    -3.23    -0.18  -629.10    -12.80    -16.70    4.40     55361.0
 2024 10 12 13 05 00 000   -2.21    -3.39    -0.62  -629.10    -12.80    -16.70    4.40     55361.0
 2024 10 12 13 06 00 000   -2.26    -3.38    -0.70  -630.10     -6.50    -16.60    3.98     45421.0
 2024 10 12 13 07 00 000   -2.31    -3.46    -0.81  -630.10     -6.50    -16.60    3.98     45421.0
 2024 10 12 13 08 00 000   -2.24    -3.19    -0.95  -630.10     -6.50    -16.60    3.98     45421.0
 2024 10 12 13 09 00 000   -2.27    -3.08    -0.90  -632.90     -2.50    -16.30    4.10     43421.0
 2024 10 12 13 10 00 000   -2.16    -2.92    -0.98  -632.90     -2.50    -16.30    4.10     43421.0
 2024 10 12 13 11 00 000   -1.91    -3.04    -0.51  -629.80     -6.10    -10.30    4.55     54280.0
 2024 10 12 13 12 00 000   -1.57    -2.83     0.23  -629.10    -11.00     -6.40    4.30     55289.0
 2024 10 12 13 13 00 000   -0.93    -2.31     0.75  -630.70     -3.80    -13.20    4.22     42860.0
 2024 10 12 13 14 00 000   -1.09    -2.36    -0.08  -630.70     -3.80    -13.20    4.22     42860.0
 2024 10 12 13 15 00 000   -1.69    -1.78     0.10  -633.20     -1.20     -6.80    4.44     67815.0
 2024 10 12 13 16 00 000   -2.88    -0.58     0.85  -633.20     -1.20     -6.80    4.44     67815.0
 2024 10 12 13 17 00 000   -2.92    -0.78     0.88  -633.20     -1.20     -6.80    4.44     67815.0
 2024 10 12 13 18 00 000   -2.95    -1.59     0.52  -633.20     -1.20     -6.80    4.44     67815.0
 2024 10 12 13 19 00 000   -2.86    -1.90     0.09  -633.20     -1.20     -6.80    4.44     67815.0
 2024 10 12 13 20 00 000   -2.70    -2.11    -0.34  -633.20     -1.20     -6.80    4.44     67815.0
 2024 10 12 13 21 00 000   -2.27    -2.47    -0.87  -623.60      4.60    -23.80    4.54     51691.0
 2024 10 12 13 22 00 000   -2.46    -2.37    -0.81  -623.60      4.60    -23.80    4.54     51691.0
 2024 10 12 13 23 00 000   -2.34    -2.52    -1.10  -623.60      4.60    -23.80    4.54     51691.0
 2024 10 12 13 24 00 000   -2.31    -2.68    -0.87  -623.60      4.60    -23.80    4.54     51691.0
 2024 10 12 13 25 00 000   -2.15    -2.77    -1.08  -623.60      4.60    -23.80    4.54     51691.0
 2024 10 12 13 26 00 000   -1.89    -2.99    -1.05  -623.60      4.60    -23.80    4.54     51691.0
 2024 10 12 13 27 00 000   -1.83    -2.87    -1.35  -623.60      4.60    -23.80    4.54     51691.0
 2024 10 12 13 28 00 000   -2.33    -2.74    -0.50  -630.10     -2.80    -23.30    5.28     47602.0
 2024 10 12 13 29 00 000   -2.72    -2.27    -0.49  -630.10     -2.80    -23.30    5.28     47602.0
 2024 10 12 13 30 00 000   -2.58    -2.27     0.48  -630.10     -2.80    -23.30    5.28     47602.0
 2024 10 12 13 31 00 000   -2.68    -2.50    -0.47  -630.10     -2.80    -23.30    5.28     47602.0
 2024 10 12 13 32 00 000   -2.82    -2.28    -0.81  -630.10     -2.80    -23.30    5.28     47602.0
 2024 10 12 13 33 00 000   -2.72    -2.43    -0.68  -630.10     -2.80    -23.30    5.28     47602.0
 2024 10 12 13 34 00 000   -2.59    -2.50    -0.76  -630.10     -2.80    -23.30    5.28     47602.0
 2024 10 12 13 35 00 000   -3.10    -2.23    -0.30  -634.30     -8.70    -17.00    4.15     51691.0
 2024 10 12 13 36 00 000   -3.00    -2.28    -0.78  -634.30     -8.70    -17.00    4.15     51691.0
 2024 10 12 13 37 00 000   -3.05    -2.08    -0.97  -634.30     -8.70    -17.00    4.15     51691.0
 2024 10 12 13 38 00 000   -3.00    -2.17    -1.05  -634.50     -2.30    -19.50    3.94     35197.0
 2024 10 12 13 39 00 000   -3.04    -1.75    -1.32  -634.50     -2.30    -19.50    3.94     35197.0
 2024 10 12 13 40 00 000   -3.31    -1.68    -0.70  -637.00     -8.50    -17.20    4.44     41906.0
 2024 10 12 13 41 00 000   -3.33    -1.52    -0.86  -637.00     -8.50    -17.20    4.44     41943.0
 2024 10 12 13 42 00 000   -3.18    -1.47    -1.05  -637.00     -8.50    -17.20    4.44     41943.0
 2024 10 12 13 43 00 000   -2.30    -0.55    -0.42  -623.70      5.80    -16.60    5.75     48880.0
 2024 10 12 13 44 00 000   -1.64    -1.21    -0.74  -621.30      5.10    -19.00    5.78     51105.0
 2024 10 12 13 45 00 000   -3.15    -1.55    -1.25  -623.30      1.90    -18.80    5.51     53262.0
 2024 10 12 13 46 00 000   -2.87    -1.33    -0.93  -630.60     -1.10    -17.40    4.84     51192.0
 2024 10 12 13 48 00 000   -0.56    -1.05    -0.91  -633.60     -1.00    -22.00    4.81     49003.0
 2024 10 12 13 50 00 000   -0.99    -1.38    -1.71  -610.10      9.60    -16.40    6.53     57542.0
 2024 10 12 13 51 00 000   -0.99    -1.38    -1.71  -610.10      9.60    -16.40    6.53     57542.0
 2024 10 12 13 53 00 000    0.13    -0.75    -2.59  -610.10      9.60    -16.40    6.53     57542.0
 2024 10 12 13 55 00 000    0.28    -0.16    -2.84  -610.10      9.60    -16.40    6.53     57542.0
 2024 10 12 13 57 00 000   -2.12    -2.14    -1.04  -610.10      9.60    -16.40    6.53     57542.0
 2024 10 12 13 58 00 000   -2.12    -2.14    -1.04  -610.10      9.60    -16.40    6.53     57542.0
 2024 10 12 14 00 00 000   -2.05    -2.05    -0.95  -610.10      9.60    -16.40    6.53     57542.0
 2024 10 12 14 02 00 000   -1.61    -2.26    -0.82  -610.10      9.60    -16.40    6.53     57542.0
 2024 10 12 14 03 00 000   -1.61    -2.26    -0.82  -610.10      9.60    -16.40    6.53     57542.0
 2024 10 12 14 05 00 000   -1.09    -2.40    -1.27  -610.10      9.60    -16.40    6.53     57542.0
 2024 10 12 14 08 00 000   -0.50    -2.56    -1.02  -612.10     -1.20    -22.80    6.02     56984.0
 2024 10 12 14 10 00 000   -0.21    -2.70    -0.85  -612.10     -1.20    -22.80    6.02     56984.0
 2024 10 12 14 11 00 000   -0.21    -2.70    -0.85  -612.10     -1.20    -22.80    6.02     56984.0
 2024 10 12 14 13 00 000   -0.48    -2.80    -0.63  -612.10     -1.20    -22.80    6.02     56984.0
 2024 10 12 14 16 00 000   -0.16    -2.28     0.02  -612.10     -1.20    -22.80    6.02     56984.0
 2024 10 12 14 19 00 000   -0.27    -2.61    -0.20  -612.10     -1.20    -22.80    6.02     56984.0
 2024 10 12 14 22 00 000   -0.44    -2.25    -0.55  -612.10     -1.20    -22.80    6.02     56984.0
 2024 10 12 14 23 00 000   -0.44    -2.25    -0.55  -612.10     -1.20    -22.80    6.02     56984.0
 2024 10 12 14 26 00 000    0.32    -2.31    -1.08  -612.10     -1.20    -22.80    6.02     56984.0
 2024 10 12 14 29 00 000   -0.03    -2.14    -1.57  -608.10      0.10    -20.10    5.65     54305.0
 2024 10 12 14 30 00 000    3.39    -2.97     0.39  -608.10      0.10    -20.10    5.65     54305.0
 2024 10 12 14 31 00 000    2.20    -2.99    -0.25  -592.70    -11.70    -19.10    2.14    108303.0
 2024 10 12 14 32 00 000    1.92    -2.70    -0.19  -596.30     -7.80    -18.50    3.69     85739.0
 2024 10 12 14 33 00 000    2.08    -2.94    -0.22  -598.70      0.50    -17.60    5.29     55074.0
 2024 10 12 14 34 00 000    2.86    -3.41     0.52  -593.00    -20.60     -9.20    3.38     77251.0
 2024 10 12 14 35 00 000    2.69    -3.17     0.35  -591.50    -41.10     -8.20    1.89     79932.0
 2024 10 12 14 36 00 000    3.24    -3.17     0.45  -593.10    -11.00    -16.50    1.92    112519.0
 2024 10 12 14 37 00 000    2.68    -3.51     0.28  -593.10     -7.90    -17.30    2.27    104925.0
 2024 10 12 14 38 00 000    2.18    -3.73    -0.02  -594.30     -7.10    -21.00    2.42     90014.0
 2024 10 12 14 39 00 000    2.32    -3.79    -0.08  -594.30     -5.80    -22.50    2.16     92837.0
 2024 10 12 14 40 00 000    2.11    -3.68     0.17  -593.50     -5.50    -21.30    2.02    104114.0
 2024 10 12 14 41 00 000    3.00    -2.76     1.39  -600.30      2.40    -17.20    2.59     83358.0
 2024 10 12 14 42 00 000    2.95    -2.52     1.76  -607.10     13.20     -6.60    3.16     53325.0
 2024 10 12 14 43 00 000    2.94    -2.58     1.64  -607.40     10.70     -5.00    3.18     49914.0
 2024 10 12 14 44 00 000    2.96    -2.51     1.78  -607.90     -0.10     -1.60    3.17     51021.0
 2024 10 12 14 45 00 000    2.86    -2.36     2.03  -607.90      0.50     -1.80    3.17     50922.0
 2024 10 12 14 46 00 000    2.93    -2.44     1.81  -607.30     13.10     -5.80    3.16     48763.0
 2024 10 12 14 47 00 000    2.82    -2.45     1.95  -607.40     13.20     -5.50    3.14     49463.0
 2024 10 12 14 48 00 000    2.86    -2.25     2.03  -607.70     13.30     -4.50    3.10     51514.0
 2024 10 12 14 49 00 000    3.12    -2.31     1.61  -605.80      9.00     -1.70    2.85     51201.0
 2024 10 12 14 50 00 000    3.09    -2.41     1.88  -606.00      2.30      5.30    2.62     58485.0
 2024 10 12 14 51 00 000    2.92    -1.73     2.66  -606.50     -7.00     15.20    2.33     69281.0
 2024 10 12 14 52 00 000    2.71    -1.46     2.98  -606.50     -7.00     15.20    2.33     69281.0
 2024 10 12 14 53 00 000    2.78    -1.65     2.78  -612.90     29.50     14.90    2.29     54196.0
 2024 10 12 14 54 00 000    2.99    -2.81     1.78  -612.90     29.50     14.90    2.29     54196.0
 2024 10 12 14 55 00 000    3.07    -2.92     1.39  -605.80     12.30      6.60    1.94    110301.0
 2024 10 12 14 56 00 000    2.87    -3.38     0.72  -603.90     15.50     -5.00    1.84    141661.0
 2024 10 12 14 57 00 000    2.82    -3.54     0.22  -603.40     16.30     -7.80    1.82    149264.0
 2024 10 12 14 58 00 000    2.85    -3.58     0.31  -604.60     -1.10     -6.90    2.10     95546.0
 2024 10 12 14 59 00 000    2.79    -3.58     0.21  -604.60     -1.10     -6.90    2.10     95546.0
 2024 10 12 15 00 00 000    2.85    -3.53     0.31  -604.60     -1.10     -6.90    2.10     95546.0
 2024 10 12 15 01 00 000    2.96    -3.35     0.55  -599.70      9.90      3.30    1.74    100069.0
 2024 10 12 15 02 00 000    3.15    -2.73     1.66  -599.80      9.70      3.40    1.74     99700.0
 2024 10 12 15 03 00 000    3.27    -2.71     1.54  -599.80      9.70      3.40    1.74     99700.0
 2024 10 12 15 04 00 000    3.31    -2.71     1.61  -575.40    -10.80     -6.00    0.84    119536.0
 2024 10 12 15 05 00 000    3.39    -2.07     2.17  -575.40    -10.80     -6.00    0.84    119536.0
 2024 10 12 15 06 00 000    3.20    -1.77     2.68  -575.40    -10.80     -6.00    0.84    119536.0
 2024 10 12 15 07 00 000    2.70     0.19     3.29  -585.00      3.30     25.80    1.23     59309.0
 2024 10 12 15 08 00 000    2.56     0.95     3.29  -585.40      2.40     24.00    1.40     56206.0
 2024 10 12 15 09 00 000    2.69     0.54     3.32  -586.40     -2.90     21.20    1.91     49442.0
 2024 10 12 15 10 00 000    2.72     0.53     3.31  -584.50     -7.20     24.90    2.00     44894.0
 2024 10 12 15 11 00 000    2.65     0.39     3.45  -583.20     -8.00     22.10    1.96     36416.0
 2024 10 12 15 12 00 000    2.73     0.25     3.44  -584.90    -10.40     13.50    1.80     33982.0
 2024 10 12 15 13 00 000    2.80    -0.53     3.20  -579.20     -8.60     24.20    1.48     47198.0
 2024 10 12 15 14 00 000    2.81    -0.48     3.22  -579.20     -8.60     24.30    1.48     47263.0
 2024 10 12 15 15 00 000    2.95    -0.72     3.08  -579.50     -3.60     28.10    1.35     47669.0
 2024 10 12 15 16 00 000    2.98    -1.50     2.88  -579.30     -3.50     28.50    1.32     50132.0
 2024 10 12 15 17 00 000    3.14    -2.32     2.38  -577.20     -2.80     32.40    1.05     72512.0
 2024 10 12 15 18 00 000    2.92    -3.29     1.44  -574.50    -15.10     19.90    0.93     78912.0
 2024 10 12 15 19 00 000    2.85    -3.39     1.22  -573.50    -19.40     15.50    0.89     81176.0
 2024 10 12 15 20 00 000    2.63    -3.54     1.19  -570.10    -19.00     24.30    0.82     83719.0
 2024 10 12 15 21 00 000    2.77    -3.44     1.22  -570.00    -19.60     24.50    0.84     86106.0
 2024 10 12 15 22 00 000    2.81    -3.35     1.29  -569.60    -21.70     25.20    0.88     94826.0
 2024 10 12 15 23 00 000    2.50    -3.76     0.60  -569.60    -21.70     25.20    0.88     94826.0
 2024 10 12 15 24 00 000    2.83    -3.35     1.11  -571.70    -20.30      7.60    0.78     75175.0
 2024 10 12 15 25 00 000    2.80    -3.25     1.35  -566.90    -20.60     22.30    0.79     85106.0
 2024 10 12 15 26 00 000    2.68    -3.46     1.00  -565.50    -24.10     26.20    0.80     81337.0
 2024 10 12 15 27 00 000    2.77    -2.93     1.85  -566.90    -29.70     21.10    0.81     67532.0
 2024 10 12 15 28 00 000    2.82    -2.83     2.10  -565.30    -12.30     43.40    0.78     65446.0
 2024 10 12 15 29 00 000    2.76    -3.08     1.73  -565.30    -12.30     43.40    0.78     65446.0
 2024 10 12 15 30 00 000    2.74    -2.92     2.02  -564.10    -13.40     42.60    0.74     60487.0
 2024 10 12 15 31 00 000    3.07    -2.59     2.25  -562.30    -15.00     41.30    0.69     53079.0
 2024 10 12 15 32 00 000    2.91    -2.69     2.42  -563.20    -15.70     37.20    0.68     52777.0
 2024 10 12 15 33 00 000    3.03    -2.48     2.43  -566.70    -18.40     21.60    0.63     51620.0
 2024 10 12 15 34 00 000    3.00    -2.74     2.36  -566.80    -18.40     21.40    0.63     51476.0
 2024 10 12 15 35 00 000    3.19    -2.57     2.15  -568.30    -17.60     15.50    0.65     48401.0
 2024 10 12 15 36 00 000    3.03    -3.32     0.95  -568.90    -25.30     -0.10    0.63     53442.0
 2024 10 12 15 37 00 000    3.00    -3.49     0.50  -569.00    -26.90     -3.40    0.62     54523.0
 2024 10 12 15 38 00 000    3.22    -3.35     0.68  -568.20    -16.90     -8.80    0.63     47229.0
 2024 10 12 15 39 00 000    3.50    -2.81     1.18  -568.20    -16.90     -8.80    0.63     47229.0
 2024 10 12 15 40 00 000    3.53    -2.87     1.12  -572.60    -13.50      8.30    0.72     73774.0
 2024 10 12 15 41 00 000    3.39    -2.90     1.25  -572.60    -13.50      8.30    0.72     73774.0
 2024 10 12 15 42 00 000    3.38    -2.16     2.02  -572.60    -13.50      8.30    0.72     73774.0
 2024 10 12 15 43 00 000    3.46    -2.28     2.06  -566.70     -6.20     17.90    0.68     46421.0
 2024 10 12 15 44 00 000    3.29    -2.55     1.99  -566.70     -6.20     17.90    0.68     46421.0
 2024 10 12 15 45 00 000    3.12    -2.43     2.37  -571.80     -5.40     24.30    0.70     43649.0
 2024 10 12 15 46 00 000    3.05    -2.41     2.47  -570.50     -6.30     31.50    0.65     41319.0
 2024 10 12 15 47 00 000    3.09    -2.66     2.17  -571.40    -16.00     20.20    0.66     47527.0
 2024 10 12 15 48 00 000    3.00    -2.50     2.42  -571.70    -17.00     17.60    0.67     48660.0
 2024 10 12 15 49 00 000    2.99    -2.45     2.45  -574.60    -10.70     22.40    0.76     54559.0
 2024 10 12 15 50 00 000    3.24    -2.13     2.46  -574.60    -10.70     22.40    0.76     54559.0
 2024 10 12 15 51 00 000    3.41    -2.12     2.34  -568.30     -4.60     20.30    0.64     37330.0
 2024 10 12 15 52 00 000    3.43    -1.85     2.46  -568.20     -4.40     20.60    0.64     37293.0
 2024 10 12 15 53 00 000    3.23    -1.38     2.92  -567.10     -2.50     24.00    0.62     36910.0
 2024 10 12 15 54 00 000    2.95    -0.78     3.38  -567.10     -2.50     24.00    0.62     36910.0
 2024 10 12 15 55 00 000    2.93    -1.17     3.25  -573.70     -7.80     42.70    0.64     49799.0
 2024 10 12 15 56 00 000    2.75    -1.19     3.42  -571.80     -4.80     36.80    0.64     48523.0
 2024 10 12 15 57 00 000    2.85    -1.29     3.31  -575.10     -8.70     38.30    0.66     47882.0
 2024 10 12 15 58 00 000    2.99    -0.55     3.30  -574.90     -9.70     42.30    0.66     48516.0
 2024 10 12 15 59 00 000    2.94    -0.59     3.37  -569.50     -1.10     43.70    0.66     52945.0
 2024 10 12 16 00 00 000    2.90    -0.45     3.32  -570.60      3.10     43.90    0.65     50132.0
 2024 10 12 16 01 00 000    3.17     0.30     3.18  -568.40      5.30     42.90    0.64     43001.0
 2024 10 12 16 02 00 000    3.08    -0.07     3.27  -568.40      5.30     42.90    0.64     43001.0
 2024 10 12 16 03 00 000    2.93    -0.04     3.51  -567.60      3.60     42.70    0.64     49764.0
 2024 10 12 16 04 00 000    2.66     0.07     3.65  -568.20      2.80     43.90    0.64     49562.0
 2024 10 12 16 05 00 000    2.80     0.14     3.51  -571.30     -0.80     49.80    0.69     48591.0
 2024 10 12 16 06 00 000    2.71     0.29     3.70  -571.30     -0.80     49.80    0.69     48591.0
 2024 10 12 16 07 00 000    2.88     0.08     3.33  -569.40      7.60     47.90    0.58     42872.0
 2024 10 12 16 08 00 000    2.94    -0.00     3.38  -569.40      7.60     47.90    0.58     42872.0
 2024 10 12 16 09 00 000    2.79    -0.45     3.40  -569.40      7.60     47.90    0.58     42872.0
 2024 10 12 16 10 00 000    2.81     0.33     3.34  -574.50     14.80     58.10    0.69     66284.0
 2024 10 12 16 11 00 000    2.85     0.41     3.37  -574.40     14.70     58.00    0.69     66170.0
 2024 10 12 16 12 00 000    3.11    -1.20     2.61  -568.00      2.10     39.40    0.67     48398.0
 2024 10 12 16 13 00 000    3.28    -2.73     1.58  -569.80     -8.10     24.30    0.67     41446.0
 2024 10 12 16 14 00 000    3.28    -2.35     1.98  -576.50    -17.90      3.30    0.67     40302.0
 2024 10 12 16 15 00 000    3.32    -2.54     1.96  -576.50    -17.90      3.30    0.67     40302.0
 2024 10 12 16 16 00 000    3.34    -1.99     2.27  -571.30     -5.40     10.70    0.63     34126.0
 2024 10 12 16 17 00 000    3.32    -1.76     2.54  -571.30     -4.80     11.90    0.63     34341.0
 2024 10 12 16 18 00 000    3.26    -2.05     2.33  -571.60      0.00     22.60    0.66     35795.0
 2024 10 12 16 19 00 000    3.19    -2.19     2.30  -573.30     -8.90     16.00    0.57     28219.0
 2024 10 12 16 20 00 000    3.24    -1.98     2.38  -572.40     -6.80     16.20    0.64     36154.0
 2024 10 12 16 21 00 000    3.29    -1.69     2.51  -572.20     -6.00     16.10    0.65     38593.0
 2024 10 12 16 22 00 000    3.34    -1.42     2.74  -572.50     -6.00     15.30    0.64     37841.0
 2024 10 12 16 23 00 000    3.52    -1.29     2.54  -572.50     -6.00     15.30    0.64     37841.0
 2024 10 12 16 24 00 000    3.33    -1.15     2.83  -569.00     -4.20     19.20    0.68     35960.0
 2024 10 12 16 25 00 000    3.38    -0.84     2.85  -569.00     -4.20     19.30    0.68     36097.0
 2024 10 12 16 26 00 000    3.47    -1.01     2.72  -569.90     -1.60     26.30    0.72     47602.0
 2024 10 12 16 27 00 000    3.23    -1.52     2.76  -571.10     -6.10     20.30    0.68     41985.0
 2024 10 12 16 28 00 000    3.04    -1.43     2.98  -574.90     -7.50     16.60    0.65     36427.0
 2024 10 12 16 29 00 000    2.89    -1.09     3.27  -577.10    -11.80     25.20    0.68     32153.0
 2024 10 12 16 30 00 000    2.86    -1.19     3.25  -577.20    -14.30     31.10    0.71     31120.0
 2024 10 12 16 31 00 000    2.92    -1.50     2.97  -570.70    -16.90     22.00    0.72     38389.0
 2024 10 12 16 32 00 000    2.92    -1.62     3.03  -570.80    -20.70     22.90    0.68     38183.0
 2024 10 12 16 33 00 000    2.81    -1.57     3.12  -570.90    -23.00     23.50    0.65     38055.0
 2024 10 12 16 34 00 000    3.10    -1.78     2.62  -567.40    -24.20      9.60    0.74     49452.0
 2024 10 12 16 35 00 000    3.01    -1.54     2.77  -567.40    -24.20      9.60    0.74     49448.0
 2024 10 12 16 36 00 000    3.12    -1.16     2.94  -569.00    -18.70     23.90    0.68     38523.0
 2024 10 12 16 37 00 000    3.02    -1.20     2.88  -569.00    -18.70     23.90    0.68     38511.0
 2024 10 12 16 38 00 000    3.09    -1.24     2.78  -569.10     -1.10     25.90    0.67     36374.0
 2024 10 12 16 39 00 000    3.23    -1.11     2.75  -569.00     -1.40     25.90    0.67     37063.0
 2024 10 12 16 40 00 000    3.30    -1.74     2.22  -566.90     -8.10     26.30    0.65     51693.0
 2024 10 12 16 41 00 000    2.87    -2.36     1.95  -566.40    -10.80     24.60    0.71     47332.0
 2024 10 12 16 42 00 000    2.97    -1.35     2.92  -567.70     -9.70     28.80    0.74     44141.0
 2024 10 12 16 43 00 000    3.04    -1.32     2.85  -568.40     -9.00     31.00    0.74     42807.0
 2024 10 12 16 44 00 000    2.97    -1.33     2.89  -564.90    -19.30     21.90    0.90     40811.0
 2024 10 12 16 45 00 000    2.98    -0.99     3.01  -565.10    -17.50     23.10    0.89     40696.0
 2024 10 12 16 46 00 000    3.00    -0.99     3.00  -567.30     -4.20     31.80    0.84     39181.0
 2024 10 12 16 47 00 000    2.90    -0.65     3.19  -568.00     -3.50     32.40    0.85     38652.0
 2024 10 12 16 48 00 000    2.91    -0.38     3.17  -568.00     -3.50     32.40    0.85     38652.0
 2024 10 12 16 49 00 000    3.09    -0.40     2.96  -569.50     -0.70     31.80    0.84     37180.0
 2024 10 12 16 50 00 000    2.81    -0.23     3.26  -569.10      0.20     36.00    0.91     41348.0
 2024 10 12 16 51 00 000    2.93    -0.17     3.22  -568.60      1.30     41.70    0.98     46991.0
 2024 10 12 16 52 00 000    2.73     0.10     3.30  -570.50     11.70     41.00    0.85     42052.0
 2024 10 12 16 53 00 000    2.79    -0.41     3.27  -571.50      6.10     40.90    0.92     42657.0
 2024 10 12 16 54 00 000    2.69    -0.36     3.30  -572.20      2.30     40.80    0.95     43065.0
 2024 10 12 16 55 00 000    2.57     0.66     3.44  -577.70     10.30     46.30    0.88     38237.0
 2024 10 12 16 56 00 000    2.50     0.80     3.44  -578.10     11.20     43.90    0.85     39665.0
 2024 10 12 16 57 00 000    2.70     0.25     3.34  -578.10     13.20     40.80    0.84     44253.0
 2024 10 12 16 58 00 000    2.48     0.52     3.35  -578.10     13.20     40.80    0.84     44253.0
 2024 10 12 16 59 00 000    2.50     0.26     3.51  -578.10     13.20     40.80    0.84     44253.0
 2024 10 12 17 00 00 000    2.54    -0.05     3.49  -578.10     13.20     40.80    0.84     44253.0
 2024 10 12 17 02 00 000    2.50     0.84     3.46  -578.40     11.70     32.90    0.79     35990.0
 2024 10 12 17 03 00 000    2.48     0.84     3.46  -578.40     11.70     32.90    0.79     35990.0
 2024 10 12 17 04 00 000    2.15     1.75     3.08  -578.40     11.70     32.90    0.79     35990.0
 2024 10 12 17 05 00 000    2.56     0.57     3.05  -583.40     19.40     47.20    0.80     37450.0
 2024 10 12 17 06 00 000    2.28     1.40     3.26  -583.40     19.40     47.20    0.80     37450.0
 2024 10 12 17 07 00 000    3.52    -0.78     1.70  -583.40     19.40     47.20    0.80     37450.0
 2024 10 12 17 08 00 000    3.05    -1.17     2.17  -583.40     19.40     47.20    0.80     37450.0
 2024 10 12 17 09 00 000    3.24    -1.19     2.48  -568.60      0.20     29.10    0.71     35139.0
 2024 10 12 17 10 00 000    3.28    -1.07     2.61  -568.60      0.20     29.10    0.71     35139.0
 2024 10 12 17 11 00 000    2.50    -0.64     2.35  -589.00     15.50     18.80    1.41     82597.0
 2024 10 12 17 12 00 000    3.01    -1.13     2.73  -584.20     14.30     29.30    1.16     63144.0
 2024 10 12 17 13 00 000    2.72    -0.52     3.01  -576.20     -5.10     14.80    0.95     57375.0
 2024 10 12 17 14 00 000    2.15    -1.08     2.16  -575.60     -7.30     11.60    0.95     59309.0
 2024 10 12 17 15 00 000    2.53    -0.12     2.17  -599.90     16.20     21.70    1.57    103444.0
 2024 10 12 17 16 00 000    2.65     0.25     2.56  -596.90     17.10     23.80    1.42     96347.0
 2024 10 12 17 17 00 000    2.91    -0.45     2.64  -589.00     19.30     29.30    1.01     78084.0
 2024 10 12 17 18 00 000    2.57     0.40     2.99  -608.30     28.10     57.50    1.33    104782.0
 2024 10 12 17 19 00 000    2.76     0.36     3.19  -598.70     29.80     54.40    1.41     86724.0
 2024 10 12 17 20 00 000    2.67     0.14     2.95  -583.80     16.80     42.30    1.23     53451.0
 2024 10 12 17 21 00 000    2.78    -0.22     2.73  -580.90      3.50     34.70    0.99     42752.0
 2024 10 12 17 22 00 000    2.59     0.91     3.15  -584.20     16.90     42.50    0.89     36943.0
 2024 10 12 17 23 00 000    2.63     0.67     3.26  -584.30     17.20     42.70    0.89     36821.0
 2024 10 12 17 24 00 000    2.60     0.65     3.23  -584.30     17.20     42.70    0.89     36821.0
 2024 10 12 17 25 00 000    2.43     1.10     3.11  -582.70     21.00     44.10    1.04     33991.0
 2024 10 12 17 26 00 000    2.42    -0.23     2.84  -580.80     16.50     44.60    1.12     33991.0
 2024 10 12 17 27 00 000    2.22     0.23     3.18  -574.90     -1.20     39.10    1.63     53190.0
 2024 10 12 17 28 00 000    1.89     1.14     3.36  -574.90     -0.90     39.20    1.64     53242.0
 2024 10 12 17 29 00 000    1.83     1.86     3.11  -585.60     11.50     33.60    1.34     29309.0
 2024 10 12 17 30 00 000    1.71     2.27     2.76  -586.50     14.50     33.70    1.26     29632.0
 2024 10 12 17 31 00 000    1.46     2.85     2.15  -585.30     16.10     35.40    1.36     30696.0
 2024 10 12 17 32 00 000    1.65     2.73     2.13  -581.30     17.60     39.90    1.72     33269.0
 2024 10 12 17 33 00 000   -0.30     3.89    -0.03  -597.10     37.20     21.90    2.00     27248.0
 2024 10 12 17 34 00 000    0.05     3.71     0.86  -598.90     39.40     19.90    2.02     26579.0
 2024 10 12 17 35 00 000    0.19     3.43     1.57  -605.80     31.90     25.60    2.12     30616.0
 2024 10 12 17 36 00 000    0.02     3.53     1.61  -606.90     30.70     26.60    2.14     31285.0
 2024 10 12 17 37 00 000   -0.18     3.53     0.93  -606.90     30.70     26.60    2.14     31285.0
 2024 10 12 17 38 00 000   -0.13     3.59     1.07  -606.90     30.70     26.60    2.14     31285.0
 2024 10 12 17 39 00 000   -0.71     3.51    -1.27  -606.90     30.70     26.60    2.14     31285.0
 2024 10 12 17 40 00 000   -0.33     3.59    -1.37  -605.20     36.40      5.00    1.83     26579.0
 2024 10 12 17 41 00 000    0.55     3.46    -0.36  -604.30     36.10      5.00    1.85     27828.0
 2024 10 12 17 42 00 000   -0.77     3.56     0.22  -589.40     30.40      5.90    2.34     49398.0
 2024 10 12 17 43 00 000   -0.46     2.49    -0.17  -589.30     30.40      5.90    2.34     49521.0
 2024 10 12 17 44 00 000    1.35     1.35    -0.02  -589.30     30.40      5.90    2.34     49521.0
 2024 10 12 17 45 00 000    3.16     1.16     1.67  -584.70      7.30     29.90    2.51    106564.0
 2024 10 12 17 46 00 000    3.19     1.20     1.47  -583.80     -4.10     32.30    2.89     92196.0
 2024 10 12 17 47 00 000    3.37     0.92     1.58  -586.60      2.00     28.90    3.00    100231.0
 2024 10 12 17 48 00 000    2.74     1.55     0.90  -588.40      2.70     22.30    2.91     74909.0
 2024 10 12 17 49 00 000    2.83     1.84     0.99  -578.70      7.60     22.70    2.32     59728.0
 2024 10 12 17 50 00 000    2.79     1.56     1.22  -571.20     16.50     26.20    2.13     46801.0
 2024 10 12 17 51 00 000    3.24    -0.19     2.75  -591.50     11.50     30.00    3.29     80513.0
 2024 10 12 17 52 00 000    3.16    -0.46     2.75  -591.50     11.50     30.00    3.29     80513.0
 2024 10 12 17 53 00 000    3.26    -0.62     2.58  -589.40      2.50     28.40    4.13     70639.0
 2024 10 12 17 54 00 000    3.67    -0.75     1.85  -589.40      2.50     28.40    4.13     70639.0
 2024 10 12 17 55 00 000    2.96    -1.52     2.24  -589.40      2.50     28.40    4.13     70639.0
 2024 10 12 17 56 00 000    3.49    -0.55     2.06  -573.40      0.30     33.50    2.84     65168.0
 2024 10 12 17 57 00 000    3.49    -0.32     1.84  -573.40      0.30     33.50    2.84     65168.0
 2024 10 12 17 58 00 000    3.48    -0.27     1.94  -574.40      0.20     14.30    2.92     86589.0
 2024 10 12 17 59 00 000    3.83    -0.02     1.27  -577.40     -0.80      7.40    3.09     93538.0
 2024 10 12 18 00 00 000    4.05     0.46     0.64  -589.60     -5.70     17.60    3.72     78815.0
 2024 10 12 18 01 00 000    3.91     0.25     1.59  -589.80     -5.80     17.70    3.73     78626.0
 2024 10 12 18 02 00 000    3.04    -1.61     1.68  -589.80     -5.80     17.70    3.73     78626.0
 2024 10 12 18 03 00 000    2.91    -1.63     1.54  -573.10     -3.10      9.60    2.77     76359.0
 2024 10 12 18 04 00 000    2.52    -2.48     1.72  -575.90    -20.40     11.50    2.40     59439.0
 2024 10 12 18 05 00 000    3.67    -1.31     2.00  -572.70    -23.40     17.90    1.81     41482.0
 2024 10 12 18 06 00 000    3.40    -1.77     2.07  -569.30    -10.10     21.00    1.43     47016.0
 2024 10 12 18 07 00 000    3.24    -1.69     2.36  -570.00    -10.60     20.70    1.53     50530.0
 2024 10 12 18 08 00 000    3.07    -1.83     2.49  -570.00    -10.60     20.70    1.53     50530.0
 2024 10 12 18 09 00 000    2.90    -2.06     2.43  -572.80    -14.40     18.00    1.71     56276.0
 2024 10 12 18 10 00 000    2.65    -2.22     2.39  -573.20    -14.70     15.90    1.72     61137.0
 2024 10 12 18 11 00 000    2.54    -2.35     2.21  -573.70    -15.20     12.70    1.74     68180.0
 2024 10 12 18 12 00 000    2.50    -2.38     2.20  -573.70    -15.20     12.70    1.74     68180.0
 2024 10 12 18 13 00 000    2.35    -2.38     2.24  -581.00     -6.10      9.50    1.99     89319.0
 2024 10 12 18 14 00 000    2.02    -2.58     2.27  -580.80     -9.10     10.10    1.92     89491.0
 2024 10 12 18 15 00 000    1.90    -2.66     2.18  -580.40    -15.10     11.10    1.79     89851.0
 2024 10 12 18 16 00 000    1.73    -2.88     2.23  -581.00    -30.10     15.30    2.11     48950.0
 2024 10 12 18 17 00 000    2.04    -2.48     2.39  -581.00    -30.00     15.50    2.11     48608.0
 2024 10 12 18 18 00 000    1.94    -2.37     2.51  -572.70    -28.50     23.10    2.25     58743.0
 2024 10 12 18 19 00 000    0.91    -0.20     0.02  -577.20    -21.80     17.50    2.24     54529.0
 2024 10 12 18 20 00 000    0.71     1.25    -1.56  -589.00     -2.30      6.80    2.49     48489.0
 2024 10 12 18 21 00 000    1.61     1.78    -2.05  -581.90      7.30      3.30    2.63     44386.0
 2024 10 12 18 22 00 000    2.29     1.52    -1.49  -579.80     10.70      2.20    2.68     41498.0
 2024 10 12 18 23 00 000    2.57     1.04    -0.15  -566.70     18.90     14.20    2.59     52223.0
 2024 10 12 18 24 00 000    2.41     0.32     2.15  -566.80     18.90     14.20    2.59     52225.0
 2024 10 12 18 25 00 000    2.32     1.37     0.64  -577.40     11.20      9.90    2.91     53878.0
 2024 10 12 18 26 00 000    2.36     0.78     2.51  -573.50      3.80     26.60    2.88     65180.0
 2024 10 12 18 27 00 000    2.81    -0.40     2.31  -564.70     -1.90     30.00    2.37     64118.0
 2024 10 12 18 28 00 000    3.23    -0.42     1.80  -563.70     -2.30     29.90    2.32     63628.0
 2024 10 12 18 29 00 000    3.30    -0.48     1.80  -563.70     -2.30     29.90    2.32     63628.0
 2024 10 12 18 30 00 000    3.26    -0.56     1.81  -563.70     -2.30     29.90    2.32     63628.0
 2024 10 12 18 31 00 000    3.13    -0.57     1.99  -563.70     -2.30     29.90    2.32     63628.0
 2024 10 12 18 32 00 000    3.13    -0.57     1.99  -563.70     -2.30     29.90    2.32     63628.0
 2024 10 12 18 33 00 000    3.05    -0.68     2.07  -559.70    -10.50     29.90    2.15     44137.0
 2024 10 12 18 41 00 000    3.11    -0.49     2.02  -559.70    -10.50     29.90    2.15     44137.0
 2024 10 12 18 42 00 000    3.13    -1.80     2.59  -559.70    -10.50     29.90    2.15     44137.0
 2024 10 12 18 43 00 000    3.09    -1.73     2.45  -559.70    -10.50     29.90    2.15     44137.0
 2024 10 12 18 44 00 000    2.97    -1.68     2.46  -559.70    -10.50     29.90    2.15     44137.0
 2024 10 12 18 45 00 000    2.84    -1.33     2.19  -564.10    -12.70     29.60    1.75     66124.0
 2024 10 12 18 46 00 000    2.74    -1.04     2.03  -564.40    -13.30     27.70    1.75     64424.0
 2024 10 12 18 47 00 000    2.56    -0.95     1.78  -567.00    -17.50     14.10    1.79     52066.0
 2024 10 12 18 48 00 000    2.99    -1.79     2.41  -567.00    -17.50     14.00    1.79     52010.0
 2024 10 12 18 50 00 000    3.09    -1.86     2.25  -567.00    -17.50     14.00    1.79     52010.0
 2024 10 12 18 51 00 000    2.69    -1.78     1.70  -567.00    -17.50     14.00    1.79     52010.0
 2024 10 12 18 52 00 000    2.69    -1.78     1.70  -567.00    -17.50     14.00    1.79     52010.0
 2024 10 12 18 53 00 000    2.47    -1.72     1.55  -567.00    -17.50     14.00    1.79     52010.0
 2024 10 12 18 55 00 000    2.52    -1.61     1.55  -560.90    -19.60     23.90    1.99     58931.0
 2024 10 12 18 57 00 000    2.60    -1.53     1.66  -560.90    -19.60     23.90    1.99     58931.0
 2024 10 12 18 58 00 000    1.54    -1.09    -0.54  -560.90    -19.60     23.90    1.99     58931.0
 2024 10 12 19 00 00 000    2.15    -1.58     1.83  -560.90    -19.60     23.90    1.99     58931.0
 2024 10 12 19 01 00 000    0.60     0.01    -2.12  -582.60     11.10      1.10    2.33     68221.0
 2024 10 12 19 02 00 000    1.30    -0.94    -0.21  -583.10     10.10      1.60    2.69     67287.0
 2024 10 12 19 03 00 000    1.56    -0.89    -0.13  -579.60     -0.80     11.30    3.91     58012.0
 2024 10 12 19 04 00 000    1.56    -0.96     0.79  -578.30     -1.10     11.80    3.88     54701.0
 2024 10 12 19 05 00 000    0.54    -0.17    -1.42  -588.40      7.80     -0.30    4.88     66138.0
 2024 10 12 19 06 00 000    0.99    -0.60    -0.08  -576.00     -5.00     15.10    3.44     61574.0
 2024 10 12 19 07 00 000    0.77    -0.48    -1.54  -577.10     -3.10     14.50    3.52     60695.0
 2024 10 12 19 08 00 000    0.75    -0.84    -1.47  -579.10     -0.20     11.10    3.77     59822.0
 2024 10 12 19 09 00 000    0.63    -0.39    -1.76  -584.20      4.30      8.20    4.48     58772.0
 2024 10 12 19 10 00 000    0.59    -0.61    -1.68  -588.80      8.20      6.50    5.02     59469.0
 2024 10 12 19 11 00 000    0.76    -1.00    -2.06  -586.00     10.30      6.30    4.14     56885.0
 2024 10 12 19 12 00 000    0.89    -1.31    -1.77  -585.90     13.20      5.20    4.21     48355.0
 2024 10 12 19 13 00 000    0.88    -1.38    -1.72  -587.00     12.10      6.20    5.30     44479.0
 2024 10 12 19 14 00 000    0.87    -1.08    -2.28  -587.00     11.20      7.10    5.33     44760.0
 2024 10 12 19 15 00 000    1.00    -1.02    -2.38  -584.90      9.10      8.70    4.70     56755.0
 2024 10 12 19 16 00 000    1.13    -0.58    -3.09  -585.00      9.00      8.70    4.68     56487.0
 2024 10 12 19 17 00 000    1.62    -0.50    -3.59  -584.00      9.20     19.20    2.64     66364.0
 2024 10 12 19 18 00 000    1.22    -0.55    -3.42  -582.70     10.40     21.90    2.49     70137.0
 2024 10 12 19 19 00 000    0.18    -0.64    -2.43  -582.70     10.40     21.90    2.49     70137.0
 2024 10 12 19 20 00 000    0.29    -0.62    -2.27  -582.70     10.40     21.90    2.49     70137.0
 2024 10 12 19 21 00 000    0.39    -0.48    -2.30  -586.00      5.60      9.10    4.86     49417.0
 2024 10 12 19 22 00 000    0.39    -0.48    -2.30  -586.00      5.60      9.10    4.86     49417.0
 2024 10 12 19 23 00 000    0.47    -0.34    -2.16  -586.00      5.60      9.10    4.86     49417.0
 2024 10 12 19 24 00 000    0.27    -0.51    -2.16  -586.00      5.60      9.10    4.86     49417.0
 2024 10 12 19 25 00 000    0.23    -0.59    -2.15  -586.00      5.60      9.10    4.86     49417.0
 2024 10 12 19 26 00 000   -1.00    -1.11    -1.50  -586.00      5.60      9.10    4.86     49417.0
 2024 10 12 19 27 00 000   -1.00    -1.11    -1.50  -586.00      5.60      9.10    4.86     49417.0
 2024 10 12 19 28 00 000   -0.56    -0.92    -1.71  -586.00      5.60      9.10    4.86     49417.0
 2024 10 12 19 29 00 000    0.09    -0.35    -2.16  -586.00      5.60      9.10    4.86     49417.0
 2024 10 12 19 30 00 000    0.04    -0.29    -2.34  -583.80      5.40      6.60    4.72     51939.0
 2024 10 12 19 31 00 000    0.03    -0.33    -2.60  -583.80      5.40      6.60    4.72     51939.0
 2024 10 12 19 32 00 000    0.13    -0.39    -1.50  -583.80      5.40      6.60    4.72     51939.0
 2024 10 12 19 33 00 000    0.03    -0.42    -1.65  -583.80      5.40      6.60    4.72     51939.0
 2024 10 12 19 34 00 000    0.26    -0.33    -2.22  -583.80      5.40      6.60    4.72     51939.0
 2024 10 12 19 35 00 000    0.55    -0.78    -1.59  -584.00      8.90      6.20    5.37     49937.0
 2024 10 12 19 36 00 000    0.57    -0.98    -1.39  -584.00      8.80      6.60    5.33     50247.0
 2024 10 12 19 37 00 000    0.64    -0.93    -1.39  -584.10      8.40      7.00    5.18     49031.0
 2024 10 12 19 38 00 000    0.68    -0.74    -1.70  -584.90      9.00      5.30    4.89     46463.0
 2024 10 12 19 39 00 000    0.66    -0.61    -1.89  -583.20      7.40      7.30    4.95     51871.0
 2024 10 12 19 40 00 000    0.44    -0.37    -2.06  -583.50      5.30      7.80    5.03     54678.0
 2024 10 12 19 43 00 000    0.09    -0.42    -0.63  -584.20      6.20      7.60    5.13     52506.0
 2024 10 12 19 44 00 000    0.09    -0.42    -0.63  -584.20      6.20      7.60    5.13     52506.0
 2024 10 12 19 54 00 000    0.15    -0.53    -0.77  -582.20      9.40      3.70    5.33     50880.0
 2024 10 12 19 55 00 000    0.04    -0.42    -0.17  -582.40      9.10      3.30    5.20     48808.0
 2024 10 12 19 56 00 000   -0.24    -0.55    -0.15  -583.30      7.90      1.40    4.69     40209.0
 2024 10 12 19 57 00 000   -0.20    -0.42    -0.72  -583.10      6.90      4.00    5.40     51500.0
 2024 10 12 19 58 00 000   -0.02    -0.10    -0.73  -583.10      6.80      4.30    5.49     53037.0
 2024 10 12 19 59 00 000   -0.16     0.26     0.35  -582.00      6.10      3.80    5.37     54845.0
 2024 10 12 20 00 00 000   -0.59     0.75     0.25  -583.00      5.70      4.70    5.33     59239.0
 2024 10 12 20 01 00 000   -0.77     0.78    -0.26  -583.40      5.60      5.10    5.32     60949.0
 2024 10 12 20 02 00 000   -0.79     0.73    -0.71  -582.10      6.60      2.60    5.32     62573.0
 2024 10 12 20 03 00 000   -0.61     0.77    -1.18  -582.20      6.90      2.00    5.31     61567.0
 2024 10 12 20 04 00 000   -0.25     0.36    -1.06  -583.00      8.10      0.40    5.24     58207.0
 2024 10 12 20 05 00 000   -0.15     0.12    -0.62  -586.30     12.10      3.70    5.02     59876.0
 2024 10 12 20 06 00 000   -0.34     0.50    -0.53  -587.10     11.90      1.20    4.77     60883.0
 2024 10 12 20 07 00 000   -0.65     1.08     0.17  -587.90     12.10     -0.40    4.82     63134.0
 2024 10 12 20 08 00 000   -1.16     1.50     0.27  -588.30     12.10     -0.80    4.81     65009.0
 2024 10 12 20 09 00 000   -1.09     1.50     0.33  -588.20     11.10      3.50    4.19     70391.0
 2024 10 12 20 10 00 000   -0.89     1.49     0.14  -587.10     13.60      7.10    4.38     65789.0
 2024 10 12 20 11 00 000   -0.82     1.14     0.20  -588.00     12.90      8.20    4.58     67884.0
 2024 10 12 20 12 00 000   -1.13     1.15     0.61  -585.80     10.30      7.10    4.57     60443.0
 2024 10 12 20 13 00 000   -0.82     1.21    -0.24  -587.00      9.70      8.30    4.77     65362.0
 2024 10 12 20 14 00 000   -0.63     1.57    -0.69  -585.70     12.30      2.60    4.63     67237.0
 2024 10 12 20 15 00 000   -0.12     1.27     0.18  -585.20     12.20      4.10    4.56     65842.0
 2024 10 12 20 16 00 000   -0.05     1.23     0.63  -583.50     11.80      8.80    4.37     61565.0
 2024 10 12 20 17 00 000    0.07     1.27     0.52  -583.50     11.80      8.80    4.37     61565.0
 2024 10 12 20 19 00 000   -0.02     1.15    -1.11  -577.80     13.30     25.50    4.98     53115.0
 2024 10 12 20 20 00 000   -0.30     1.57    -0.31  -577.80     13.30     25.50    4.98     53115.0
 2024 10 12 20 21 00 000    0.05     0.97    -1.44  -582.00     12.30      8.20    4.67     39700.0
 2024 10 12 20 22 00 000   -0.03     0.83    -1.46  -582.40     12.20      6.60    4.65     38716.0
 2024 10 12 20 23 00 000    0.17     0.70    -1.44  -585.70     11.90     -5.00    5.16     54196.0
 2024 10 12 20 24 00 000   -0.01     0.13    -1.91  -585.70     11.90     -5.00    5.16     54196.0
 2024 10 12 20 25 00 000   -0.08     0.10    -1.94  -586.70     12.20     -0.10    4.87     59347.0
 2024 10 12 20 26 00 000    0.23    -0.06    -1.72  -586.70     12.20     -0.10    4.87     59347.0
 2024 10 12 20 27 00 000    0.25    -0.09    -1.66  -587.20     11.00     -1.70    4.96     49590.0
 2024 10 12 20 28 00 000    0.15    -0.02    -1.75  -587.20     11.00     -1.70    4.96     49590.0
 2024 10 12 20 29 00 000    0.28    -0.37    -1.57  -587.20     11.00     -1.70    4.96     49590.0
 2024 10 12 20 30 00 000    0.17    -0.20    -1.63  -584.60     13.90     10.70    5.00     49590.0
 2024 10 12 20 31 00 000    0.32    -0.18    -1.59  -584.60     13.90     10.70    5.00     49590.0
 2024 10 12 20 36 00 000    0.54    -0.43    -1.36  -584.60     13.90     10.70    5.00     49590.0
 2024 10 12 20 37 00 000    0.54    -0.30    -1.45  -598.20     -2.50    -17.40    4.72     42326.0
 2024 10 12 20 38 00 000    0.69    -0.13    -1.30  -598.20     -2.50    -17.40    4.72     42326.0
 2024 10 12 20 39 00 000    0.46    -0.30    -1.59  -598.20     -2.50    -17.40    4.72     42326.0
 2024 10 12 20 40 00 000    0.34    -0.07    -1.62  -598.20     -2.50    -17.40    4.72     42326.0
 2024 10 12 20 41 00 000    0.46    -0.02    -1.38  -598.20     -2.50    -17.40    4.72     42326.0
 2024 10 12 20 42 00 000    0.50    -0.01    -1.43  -598.20     -2.50    -17.40    4.72     42326.0
 2024 10 12 20 43 00 000    0.50    -0.01    -1.43  -598.20     -2.50    -17.40    4.72     42326.0
 2024 10 12 20 44 00 000    0.54    -0.01    -1.42  -598.20     -2.50    -17.40    4.72     42326.0
 2024 10 12 20 45 00 000    0.41    -0.16    -1.66  -589.10     14.00     -6.10    5.00     51126.0
 2024 10 12 20 46 00 000    0.54    -0.09    -1.51  -589.10     14.00     -6.10    5.00     51126.0
 2024 10 12 20 48 00 000    0.51    -0.14    -1.45  -591.00     14.90     -7.60    4.89     49937.0
 2024 10 12 20 50 00 000   -0.19     0.15    -0.70  -591.00     14.90     -7.60    4.89     49937.0
 2024 10 12 20 51 00 000    0.54    -0.22    -1.37  -591.00     14.90     -7.60    4.89     49937.0
 2024 10 12 20 52 00 000    0.47    -0.29    -1.28  -591.00     14.90     -7.60    4.89     49937.0
 2024 10 12 20 53 00 000    0.26    -0.21    -0.93  -591.00     14.90     -7.60    4.89     49937.0
 2024 10 12 20 54 00 000    0.50    -0.42    -1.35  -591.00     14.90     -7.60    4.89     49937.0
 2024 10 12 20 56 00 000    0.43    -0.56    -1.42  -590.10     14.90     -8.00    4.89     53366.0
 2024 10 12 20 57 00 000    0.29    -0.44    -1.24  -590.10     14.90     -8.00    4.89     53366.0
 2024 10 12 20 58 00 000    0.46    -0.47    -1.35  -590.80     15.10     -7.70    4.88     51974.0
 2024 10 12 20 59 00 000    0.39    -0.49    -1.17  -590.80     15.10     -7.70    4.88     51974.0
 2024 10 12 21 00 00 000    0.38    -0.54    -1.12  -594.20     16.40     -5.00    5.06     57281.0
 2024 10 12 21 01 00 000   -0.54    -0.05    -1.17  -594.20     16.40     -5.00    5.06     57281.0
 2024 10 12 21 02 00 000   -0.59     0.21    -1.16  -588.70     14.40      4.30    4.32     70105.0
 2024 10 12 21 03 00 000    1.84    -0.87    -0.63  -588.10     14.00      3.20    4.30     67299.0
 2024 10 12 21 04 00 000    2.01    -0.98    -0.41  -588.70     13.40     -2.80    4.95     44082.0
 2024 10 12 21 05 00 000    2.61    -1.27     0.43  -587.40     12.10     -3.40    5.13     41552.0
 2024 10 12 21 06 00 000    2.38    -1.22     0.35  -574.90      1.70      7.80    3.38     56026.0
 2024 10 12 21 07 00 000    2.08    -1.30     0.39  -591.40     11.60      6.30    4.38     59197.0
 2024 10 12 21 08 00 000    2.54    -1.62     1.16  -564.90    -10.00      9.80    2.81     53726.0
 2024 10 12 21 09 00 000    2.96    -1.69     1.19  -564.90    -10.00      9.80    2.81     53726.0
 2024 10 12 21 10 00 000    2.78    -1.84     1.37  -558.60     -8.60      6.30    2.29     69484.0
 2024 10 12 21 11 00 000    2.92    -1.71     0.70  -558.80     -9.80      6.90    2.27     69132.0
 2024 10 12 21 12 00 000    2.80    -1.44     0.19  -564.20     -3.50      1.60    2.54     58591.0
 2024 10 12 21 13 00 000    2.60    -1.58     0.78  -567.30     -5.70      6.00    2.71     63398.0
 2024 10 12 21 14 00 000    2.80    -1.64     0.56  -568.60     -6.60      7.80    2.78     65406.0
 2024 10 12 21 15 00 000    2.67    -1.69     0.68  -565.70     -0.70      5.80    2.67     65088.0
 2024 10 12 21 16 00 000    2.82    -1.71     0.69  -567.70     -2.70      8.40    2.65     63310.0
 2024 10 12 21 17 00 000    2.54    -1.86     0.42  -571.30     -3.50     11.00    2.72     62907.0
 2024 10 12 21 18 00 000    2.21    -2.01     0.34  -576.60     -2.50     13.60    2.92     64218.0
 2024 10 12 21 19 00 000    2.58    -2.02     0.32  -578.40     -6.70      9.40    3.82     65347.0
 2024 10 12 21 20 00 000    2.75    -1.99     0.32  -578.70     -7.40      8.70    3.96     65526.0
 2024 10 12 21 21 00 000    2.78    -1.91     0.35  -578.70     -7.40      8.70    3.96     65526.0
 2024 10 12 21 22 00 000    2.88    -1.93     0.58  -573.00    -68.50    -21.80    1.92    107690.0
 2024 10 12 21 23 00 000    2.79    -1.94     0.34  -579.50    -12.10    -11.20    2.86     75228.0
 2024 10 12 21 24 00 000    2.77    -1.96     0.65  -583.90     23.10     -5.30    3.50     57714.0
 2024 10 12 21 25 00 000    2.69    -1.85     0.81  -591.10     14.20      0.30    4.04     80577.0
 2024 10 12 21 26 00 000    2.80    -1.84     1.05  -589.90     12.80      9.40    3.41     49546.0
 2024 10 12 21 27 00 000    3.03    -1.70     0.96  -585.00      0.40     29.40    2.53     66778.0
 2024 10 12 21 28 00 000    2.99    -1.87     1.04  -583.50     -3.00     25.80    2.45     72233.0
 2024 10 12 21 29 00 000    3.04    -2.01     1.34  -575.10    -15.90      3.40    2.27    108167.0
 2024 10 12 21 30 00 000    3.05    -1.97     1.57  -582.70     11.50     16.50    3.29     95407.0
 2024 10 12 21 31 00 000    3.08    -2.08     1.44  -582.70     11.50     16.50    3.29     95407.0
 2024 10 12 21 32 00 000    3.07    -2.07     1.44  -582.70     11.50     16.50    3.29     95407.0
 2024 10 12 21 33 00 000    3.07    -2.08     1.44  -582.70     11.50     16.50    3.29     95407.0
 2024 10 12 21 34 00 000    3.09    -2.11     1.54  -582.70     11.50     16.50    3.29     95407.0
 2024 10 12 21 35 00 000    3.16    -2.16     1.39  -582.70     11.50     16.50    3.29     95407.0
 2024 10 12 21 36 00 000    3.16    -2.16     1.39  -582.70     11.50     16.50    3.29     95407.0
 2024 10 12 21 37 00 000    3.30    -2.30     1.59  -560.80     -1.60     14.70    2.02     85393.0
 2024 10 12 21 38 00 000    3.35    -2.22     1.61  -563.60      5.40     19.00    1.85    119876.0
 2024 10 12 21 39 00 000    3.36    -2.16     1.52  -564.60     -5.00     21.00    2.09     82529.0
 2024 10 12 21 40 00 000    3.34    -2.14     1.63  -560.30    -19.60     22.10    1.85     67336.0
 2024 10 12 21 41 00 000    3.34    -2.32     1.43  -557.10    -17.90     18.00    1.61     70944.0
 2024 10 12 21 42 00 000    3.69    -2.44     1.33  -555.50    -16.00     15.70    1.48     73390.0
 2024 10 12 21 43 00 000    3.77    -2.42     1.15  -564.30    -18.00     24.60    2.12     55728.0
 2024 10 12 21 44 00 000    3.77    -2.46     1.04  -564.30    -18.00     24.60    2.12     55728.0
 2024 10 12 21 45 00 000    3.77    -2.46     1.04  -564.30    -18.00     24.60    2.12     55728.0
 2024 10 12 21 46 00 000    3.94    -2.22     1.28  -562.40    -17.20     17.80    1.86     57430.0
 2024 10 12 21 47 00 000    3.99    -2.21     1.37  -562.40    -17.20     17.80    1.86     57430.0
 2024 10 12 21 48 00 000    4.06    -2.17     1.31  -561.10    -16.70     12.80    1.96     57430.0
 2024 10 12 21 49 00 000    4.07    -2.15     1.35  -561.10    -16.60     12.70    1.96     57517.0
 2024 10 12 21 50 00 000    4.01    -2.21     1.41  -558.90     -9.10     13.70    1.83     60169.0
 2024 10 12 21 51 00 000    4.03    -1.88     1.84  -553.10     11.50     23.50    1.78     59159.0
 2024 10 12 21 52 00 000    4.00    -1.89     1.91  -551.60     16.90     26.10    1.76     58893.0
 2024 10 12 21 53 00 000    3.87    -2.37     1.66  -551.60     16.90     26.10    1.76     58893.0
 2024 10 12 21 54 00 000    3.88    -2.44     1.43  -557.00      5.60     25.90    1.70     71510.0
 2024 10 12 21 55 00 000    3.60    -2.33     2.05  -556.30      3.90     24.90    1.70     70968.0
 2024 10 12 21 56 00 000    3.53    -2.52     1.92  -543.70    -28.30      5.70    1.74     60479.0
 2024 10 12 21 57 00 000    3.56    -2.77     1.61  -556.40     -5.10     20.60    1.82     62815.0
 2024 10 12 21 58 00 000    3.55    -2.80     1.61  -560.20    -19.80     10.40    1.89     58667.0
 2024 10 12 21 59 00 000    3.33    -2.41     2.35  -563.30    -10.30     27.20    1.71     67324.0
 2024 10 12 22 00 00 000    3.12    -2.38     2.65  -564.90    -13.10     29.00    1.65     67570.0
 2024 10 12 22 01 00 000    3.16    -2.40     2.56  -568.80    -24.30     39.30    1.82     56391.0
 2024 10 12 22 02 00 000    2.80    -2.13     3.06  -568.80    -24.30     39.30    1.82     56391.0
 2024 10 12 22 03 00 000    3.15    -1.66     3.05  -568.80    -24.30     39.30    1.82     56391.0
 2024 10 12 22 04 00 000    3.04    -1.41     3.24  -570.80     -6.40     41.90    1.90     71053.0
 2024 10 12 22 05 00 000    2.90    -1.71     3.25  -570.80     -6.40     41.90    1.90     71053.0
 2024 10 12 22 06 00 000    3.26    -1.88     2.78  -570.80     -6.40     41.90    1.90     71053.0
 2024 10 12 22 07 00 000    2.34    -1.96     3.43  -570.80     -6.40     41.90    1.90     71053.0
 2024 10 12 22 08 00 000    2.11    -1.15     3.78  -582.20     10.90     47.50    1.21     43098.0
 2024 10 12 22 09 00 000    2.48    -1.49     3.79  -582.20     10.90     47.50    1.21     43098.0
 2024 10 12 22 10 00 000    2.49    -1.67     3.80  -582.20     10.90     47.50    1.21     43098.0
 2024 10 12 22 11 00 000    2.77    -1.82     3.26  -569.70      2.00     37.80    1.02     41213.0
 2024 10 12 22 12 00 000    2.50    -1.71     3.75  -569.70      2.00     37.80    1.02     41213.0
 2024 10 12 22 13 00 000    2.46    -1.77     3.75  -569.70      2.00     37.80    1.02     41213.0
 2024 10 12 22 14 00 000    2.07    -1.81     3.97  -569.70      2.00     37.80    1.02     41213.0
 2024 10 12 22 15 00 000    2.50    -2.05     3.62  -569.70      2.00     37.80    1.02     41213.0
 2024 10 12 22 16 00 000    2.54    -1.99     3.62  -569.10     -5.40     32.00    1.17     48797.0
 2024 10 12 22 17 00 000    2.61    -2.17     3.45  -569.10     -5.40     32.00    1.17     48797.0
 2024 10 12 22 18 00 000    2.66    -2.16     3.43  -569.10     -5.40     32.00    1.17     48797.0
 2024 10 12 22 19 00 000    3.00    -2.04     3.20  -569.10     -5.40     32.00    1.17     48797.0
 2024 10 12 22 20 00 000    3.09    -1.96     3.17  -559.80    -10.30     32.40    1.09     51868.0
 2024 10 12 22 21 00 000    2.98    -2.00     3.27  -560.00    -10.80     31.80    1.09     51800.0
 2024 10 12 22 22 00 000    2.86    -2.12     3.39  -561.70    -14.40     27.70    1.12     51320.0
 2024 10 12 22 23 00 000    2.72    -2.08     3.50  -561.80    -14.50     27.50    1.12     51302.0
 2024 10 12 22 24 00 000    2.83    -2.15     3.26  -561.80    -14.50     27.50    1.12     51302.0
 2024 10 12 22 25 00 000    2.51    -2.10     3.47  -561.80    -14.50     27.50    1.12     51302.0
 2024 10 12 22 26 00 000    2.38    -2.21     3.48  -564.70     -5.10     26.10    1.06     43454.0
 2024 10 12 22 27 00 000    2.64    -2.17     3.33  -564.70     -5.10     26.10    1.06     43454.0
 2024 10 12 22 29 00 000    2.92    -1.96     3.11  -564.70     -5.10     26.10    1.06     43454.0
 2024 10 12 22 30 00 000    3.29    -2.06     2.62  -553.60     -9.20     13.50    1.09     69473.0
 2024 10 12 22 31 00 000    4.03    -2.14     1.49  -558.30     -6.80     20.60    1.10     58148.0
 2024 10 12 22 32 00 000    4.00    -2.15     1.50  -564.50     -3.70     29.80    1.10     43486.0
 2024 10 12 22 33 00 000    4.03    -2.18     1.37  -564.50     -3.70     29.80    1.10     43486.0
 2024 10 12 22 34 00 000    4.08    -2.01     1.41  -564.50     -3.70     29.80    1.10     43486.0
 2024 10 12 22 35 00 000    4.07    -2.02     1.45  -564.50     -3.70     29.80    1.10     43486.0
 2024 10 12 22 36 00 000    3.98    -2.08     1.53  -564.50     -3.70     29.80    1.10     43486.0
 2024 10 12 22 37 00 000    3.96    -2.22     1.36  -564.50     -3.70     29.80    1.10     43486.0
 2024 10 12 22 38 00 000    4.25    -1.95     0.94  -552.20      6.10      1.10    1.64     63510.0
 2024 10 12 22 39 00 000    4.04    -2.06     1.32  -553.30     -7.10     10.10    1.46     90382.0
 2024 10 12 22 40 00 000    4.03    -2.03     1.35  -554.50    -16.70     16.90    1.37    113122.0
 2024 10 12 22 41 00 000    4.14    -2.04     0.91  -553.40     -4.20     18.90    1.45     78972.0
 2024 10 12 22 42 00 000    4.17    -1.96     0.95  -553.30     -1.80     14.70    1.54     76656.0
 2024 10 12 22 43 00 000    4.12    -1.95     1.22  -553.20      7.20      7.70    1.49     98673.0
 2024 10 12 22 44 00 000    4.14    -1.87     1.30  -558.40     -9.20     -2.30    1.44    102580.0
 2024 10 12 22 45 00 000    4.11    -2.02     1.11  -558.40     -9.20     -2.30    1.44    102580.0
 2024 10 12 22 46 00 000    4.06    -1.93     1.31  -548.40      5.10     20.30    1.63     65485.0
 2024 10 12 22 47 00 000    4.11    -1.22     2.08  -548.00      5.00     12.20    1.69     61535.0
 2024 10 12 22 48 00 000    4.09    -1.49     1.88  -562.30      5.60      3.70    1.52    110516.0
 2024 10 12 22 49 00 000    4.11    -2.00     1.30  -562.30      5.60      3.70    1.52    110516.0
 2024 10 12 22 50 00 000    3.94    -2.50     0.44  -558.50      1.50      6.70    1.47    101417.0
 2024 10 12 22 51 00 000    3.84    -2.53     0.56  -548.90     -8.50     15.90    1.33     77832.0
 2024 10 12 22 52 00 000    3.70    -2.86     0.07  -542.50    -10.60     30.80    1.05     60981.0
 2024 10 12 22 53 00 000    3.74    -0.82     2.54  -563.40     -4.30     36.40    2.19     39206.0
 2024 10 12 22 54 00 000    3.57    -0.78     2.79  -563.40     -2.90     35.70    2.18     40117.0
 2024 10 12 22 55 00 000    3.80    -1.34     2.27  -557.20      8.50     27.50    1.68     55178.0
 2024 10 12 22 56 00 000    3.67    -1.29     2.46  -557.20      8.50     27.50    1.68     55178.0
 2024 10 12 22 57 00 000    3.87    -0.83     2.34  -559.20      0.80     33.80    2.19     43313.0
 2024 10 12 22 58 00 000    3.61    -1.58     2.45  -560.70     -2.60     33.10    2.23     48610.0
 2024 10 12 22 59 00 000    3.46    -2.06     2.27  -566.60    -22.40     35.20    1.58     79644.0
 2024 10 12 23 00 00 000    3.59    -1.63     2.37  -566.60    -22.40     35.20    1.58     79644.0
 2024 10 12 23 01 00 000    3.58    -0.36     3.03  -568.00    -17.50     39.60    1.49     93584.0
 2024 10 12 23 02 00 000    3.60    -0.80     2.93  -568.00    -17.50     39.60    1.49     93584.0
 2024 10 12 23 03 00 000    3.62    -1.04     2.81  -568.00    -17.50     39.60    1.49     93584.0
 2024 10 12 23 04 00 000    3.52    -1.73     2.57  -568.00    -17.50     39.60    1.49     93584.0
 2024 10 12 23 05 00 000    3.30    -1.99     2.70  -568.00    -17.50     39.60    1.49     93584.0
 2024 10 12 23 06 00 000    3.39    -1.73     2.76  -568.00    -17.50     39.60    1.49     93584.0
 2024 10 12 23 07 00 000    3.50    -1.21     2.87  -568.00    -17.50     39.60    1.49     93584.0
 2024 10 12 23 08 00 000    3.52    -1.19     2.79  -569.60    -12.80     51.10    2.46     39495.0
 2024 10 12 23 09 00 000    3.55    -1.08     2.79  -569.60    -12.80     51.10    2.46     39495.0
 2024 10 12 23 10 00 000    3.51    -1.31     2.72  -564.30     13.20     23.80    1.62     75602.0
 2024 10 12 23 11 00 000    2.85    -2.73     2.66  -564.30     13.20     23.80    1.62     75602.0
 2024 10 12 23 12 00 000    2.82    -2.61     2.64  -564.30     13.20     23.80    1.62     75602.0
 2024 10 12 23 13 00 000    3.92    -1.18     2.27  -564.30     13.20     23.80    1.62     75602.0
 2024 10 12 23 14 00 000    3.83    -1.41     2.23  -564.30     13.20     23.80    1.62     75602.0
 2024 10 12 23 15 00 000    3.84    -1.59     2.07  -555.40     -2.50     24.30    1.78     44459.0
 2024 10 12 23 16 00 000    3.43    -1.90     2.54  -557.80     -5.20     25.40    1.96     42875.0
 2024 10 12 23 17 00 000    3.59    -1.99     2.27  -557.80     -5.20     25.40    1.96     42875.0
 2024 10 12 23 18 00 000    3.56    -2.03     2.23  -557.80     -5.20     25.40    1.96     42875.0
 2024 10 12 23 19 00 000    3.64    -2.04     2.11  -557.80     -5.20     25.40    1.96     42875.0
 2024 10 12 23 20 00 000    3.59    -2.01     2.22  -557.80     -5.20     25.40    1.96     42875.0
 2024 10 12 23 21 00 000    4.05    -1.95     1.30  -553.80    -13.70     -8.20    2.45     36493.0
 2024 10 12 23 22 00 000    4.09    -1.92     1.28  -554.80     -9.90      1.60    2.29     40696.0
 2024 10 12 23 23 00 000    4.11    -1.98     1.17  -556.10     -5.40     13.40    2.10     45786.0
 2024 10 12 23 24 00 000    4.06    -1.96     1.25  -558.00    -13.20     20.00    2.37     39880.0
 2024 10 12 23 25 00 000    4.13    -1.87     0.60  -554.10    -16.70     22.70    2.27     41201.0
 2024 10 12 23 26 00 000    4.17    -1.88     0.28  -551.40    -11.90     -0.30    2.01     46945.0
 2024 10 12 23 27 00 000    4.09    -1.95     0.43  -551.80     -9.20     -8.80    1.97     48385.0
 2024 10 12 23 28 00 000    3.96    -2.23     0.22  -544.90    -23.70     -9.10    1.35     72196.0
 2024 10 12 23 29 00 000    4.06    -2.02     0.03  -545.50    -19.00     -5.60    1.45     68512.0
 2024 10 12 23 30 00 000    3.75    -2.45     0.80  -546.80    -10.90     -0.30    1.66     61455.0
 2024 10 12 23 31 00 000    4.08    -1.96    -0.05  -546.80    -10.90     -0.30    1.66     61455.0
 2024 10 12 23 32 00 000    4.17    -1.77    -0.07  -546.80    -10.90     -0.30    1.66     61455.0
 2024 10 12 23 33 00 000    4.02    -1.99     0.49  -546.80    -10.90     -0.30    1.66     61455.0
 2024 10 12 23 34 00 000    4.02    -2.01     0.45  -545.40    -16.00      1.20    1.50     67325.0
 2024 10 12 23 35 00 000    4.11    -1.86     0.21  -545.30    -15.60      0.90    1.50     67559.0
 2024 10 12 23 36 00 000    4.11    -1.86     0.21  -545.30    -15.60      0.90    1.50     67559.0
 2024 10 12 23 37 00 000    4.00    -2.04     0.59  -545.30    -15.60      0.90    1.50     67559.0
 2024 10 12 23 39 00 000    4.10    -1.64     0.06  -545.30    -15.60      0.90    1.50     67559.0
 2024 10 12 23 41 00 000    4.15    -1.73     0.18  -545.30    -15.60      0.90    1.50     67559.0
 2024 10 12 23 43 00 000    4.07    -1.91     0.42  -545.30    -15.60      0.90    1.50     67559.0
 2024 10 12 23 45 00 000    3.97    -1.71     0.20  -542.30     -6.70     14.20    1.58     63805.0
 2024 10 12 23 46 00 000    4.19    -1.69     0.10  -538.90      4.90     14.50    1.53     70334.0
 2024 10 12 23 47 00 000    4.14    -1.69     0.19  -538.60    -17.90    -11.60    1.87     49416.0
 2024 10 12 23 48 00 000    4.19    -1.54     0.19  -540.60    -18.00     -2.50    1.70     58094.0
 2024 10 12 23 49 00 000    4.17    -1.53     0.21  -543.60    -16.20     12.90    1.42     72680.0
 2024 10 12 23 50 00 000    4.17    -1.59     0.23  -543.60    -16.20     12.90    1.42     72680.0
 2024 10 12 23 51 00 000    4.21    -1.55     0.26  -543.60    -16.20     12.90    1.42     72680.0
 2024 10 12 23 52 00 000    4.22    -1.55     0.42  -540.90    -17.50      1.10    1.24     95017.0
 2024 10 12 23 53 00 000    4.20    -1.62     0.41  -540.90    -17.50      1.10    1.24     95017.0
 2024 10 12 23 54 00 000    4.21    -1.56     0.53  -540.90    -17.50      1.10    1.24     95017.0
 2024 10 12 23 55 00 000    4.23    -1.48     0.54  -540.90    -17.50      1.10    1.24     95017.0
 2024 10 12 23 56 00 000    4.26    -1.31     0.67  -534.40    -12.80      9.30    1.24     72428.0
 2024 10 12 23 57 00 000    4.23    -1.30     0.82  -534.40    -12.80      9.30    1.24     72428.0
 2024 10 12 23 58 00 000    4.21    -1.32     0.93  -534.40    -12.80      9.30    1.24     72428.0
 2024 10 12 23 59 00 000    4.20    -1.20     1.07  -534.40    -12.80      9.30    1.24     72428.0