<HTML>
<HEAD><TITLE>OMNIWeb Results</TITLE></HEAD>
<BODY>
<center><font size=5 color=red>OMNIWeb Plus Browser Results </font></center><br>
<B>Listing for omni_min data from 20241009 to 20241012</B><hr><pre>Selected parameters:
 1 BX, nT (GSE, GSM)
 2 BY, nT (GSM)
 3 BZ, nT (GSM)
 4 Vx Velocity,km/s
 5 Vy Velocity, km/s
 6 Vz Velocity, km/s
 7 Proton Density, n/cc
 8 Proton Temperature, K
 9 AE-index, nT
10 AL-index, nT
11 AU-index, nT
12 SYM/H, nT
13 Electric field, mV/m 

YYYY DOY HR MN      1       2       3       4       5       6      7        8     9    10    11    12     13 
2024 283  0  0    1.88    9.18   -1.97  -442.3   -31.6   -17.0   7.50  203737.   547  -423   124   -68   0.87
2024 283  0  1    3.05    8.55   -0.19  -448.0   -38.6   -39.8   7.53  183425.   536  -401   135   -69   0.09
2024 283  0  2    3.24    7.70   -0.67  -449.8   -33.3   -56.3   8.06  204592.   553  -418   135   -70   0.30
2024 283  0  3    3.35    5.82   -6.05  -454.6   -37.8   -28.7   7.52  198783.   585  -441   144   -71   2.77
2024 283  0  4    2.16    6.75   -4.40  -457.4   -39.0   -19.4   7.36  195879.   573  -446   127   -71   2.02
2024 283  0  5    1.83    7.86   -1.40  -451.2   -22.9   -11.4   9.08  296958.   597  -469   128   -71   0.63
2024 283  0  6    2.24    8.43   -2.21  -451.2   -22.9   -11.4   9.08  296958.   650  -508   142   -72   1.00
2024 283  0  7    3.05    6.49   -5.87  -452.2   -36.6   -14.9   7.42  192585.   709  -531   178   -72   2.66
2024 283  0  8    3.40    5.66   -6.23  -452.2   -36.2   -11.4   7.34  177747.   762  -544   218   -72   2.83
2024 283  0  9    2.54    6.96   -5.22  -452.0   -32.9    14.1   6.68   69855.   799  -538   261   -72   2.37
2024 283  0 10    2.27    7.17   -4.33  -453.3   -40.0   -15.0   7.15  146668.   774  -512   262   -71   1.97
2024 283  0 11    2.82    5.78   -6.62  -453.4   -40.4   -16.5   7.17  150646.   730  -502   228   -71   3.01
2024 283  0 12    1.78    6.06   -6.78  -442.1   -34.5   -11.7   6.78  172843.   683  -473   210   -71   3.01
2024 283  0 13    1.52    6.33   -4.85  -437.2   -33.1   -19.7   6.93  175453.   693  -459   234   -72   2.13
2024 283  0 14   -1.45    7.58   -3.07  -423.8   -29.3   -41.4   7.33  182578.   682  -451   231   -72   1.31
2024 283  0 15   -1.00    7.05   -4.97 99999.9 99999.9 99999.9 999.99 9999999.   683  -456   227   -72 999.99
2024 283  0 16   -1.40    7.60   -3.43 99999.9 99999.9 99999.9 999.99 9999999.   625  -446   179   -72 999.99
2024 283  0 17   -4.35    7.53   -1.78 99999.9 99999.9 99999.9 999.99 9999999.   551  -407   144   -72 999.99
2024 283  0 18   -4.36    7.54   -2.00 99999.9 99999.9 99999.9 999.99 9999999.   515  -359   156   -72 999.99
2024 283  0 19   -2.06    7.71   -3.61  -416.0   -33.8   -17.2   7.40  195119.   549  -400   149   -73   1.51
2024 283  0 20   -0.23    7.77   -3.75  -424.7   -35.3   -10.7   7.32  190638.   640  -491   149   -73   1.60
2024 283  0 21   -1.05    8.60    0.12  -437.6   -37.6    -0.9   7.19  183945.   696  -558   138   -73  -0.05
2024 283  0 22   -1.04    8.84   -0.79  -431.3   -30.9   -26.6   7.43  197255.   724  -592   132   -73   0.34
2024 283  0 23   -2.13    6.97   -4.24  -431.3   -30.9   -26.6   7.43  197255.   664  -545   119   -73   1.84
2024 283  0 24   -1.11    7.49   -3.59  -431.3   -30.9   -26.6   7.43  197255.   589  -455   134   -73   1.56
2024 283  0 25   -1.77    8.21   -2.90  -424.4   -43.7   -27.5   7.75  186087.   523  -389   134   -73   1.24
2024 283  0 26   -3.31    7.46   -3.33  -424.4   -43.7   -27.5   7.75  186087.   492  -347   145   -73   1.42
2024 283  0 27    0.02    8.34   -0.66  -424.4   -43.7   -27.5   7.75  186087.   504  -333   171   -73   0.28
2024 283  0 28    2.06    7.77    1.38  -438.4   -35.6   -52.5   7.29  150223.   499  -313   186   -74  -0.61
2024 283  0 29   -1.55    5.24   -6.99  -445.2   -28.0   -61.4   6.67  130101.   505  -303   202   -74   3.15
2024 283  0 30   -2.03    3.65   -7.97  -422.5   -19.6     3.3   7.43  224825.   512  -304   208   -73   3.37
2024 283  0 31   -1.28    5.14   -7.29  -423.1   -21.0     4.8   7.38  224273.   533  -338   195   -73   3.09
2024 283  0 32   -1.87    4.48   -7.57  -426.0   -28.5    12.7   7.04  221372.   569  -374   195   -73   3.23
2024 283  0 33    3.07    7.68    1.30  -426.0   -28.5    12.7   7.04  221372.   590  -394   196   -73  -0.56
2024 283  0 34    0.93    6.99   -5.25 99999.9 99999.9 99999.9 999.99 9999999.   591  -401   190   -73 999.99
2024 283  0 35   -0.26    4.53   -7.71 99999.9 99999.9 99999.9 999.99 9999999.   614  -422   192   -73 999.99
2024 283  0 36   -0.42    3.72   -7.93  -434.4   -14.1     8.5   7.03  202331.   625  -420   205   -73   3.45
2024 283  0 37    0.61    6.62   -3.85  -434.4   -14.1     8.5   7.03  202331.   617  -392   225   -73   1.67
2024 283  0 38    2.98    8.63   -1.11  -434.4   -14.1     8.5   7.03  202331.   639  -404   235   -73   0.48
2024 283  0 39    1.06    6.76   -3.20 99999.9 99999.9 99999.9 999.99 9999999.   640  -393   247   -73 999.99
2024 283  0 40   -3.43    2.50   -7.50  -424.0   -10.9    12.0   7.23  263298.   630  -379   251   -73   3.18
2024 283  0 41   -3.12    4.26   -7.04  -424.0   -10.9    12.0   7.23  263298.   651  -396   255   -73   2.99
2024 283  0 42   -3.32    3.33   -7.43  -424.0   -10.9    12.0   7.23  263298.   562  -312   250   -72   3.15
2024 283  0 43   -3.52    3.73   -7.38  -416.7    -9.1     6.3   7.27  238754.   546  -295   251   -72   3.08
2024 283  0 44   -3.02    4.88   -7.42  -416.7    -9.1     6.3   7.27  238754.   563  -309   254   -72   3.09
2024 283  0 45   -1.76    6.15   -6.78  -419.4   -13.1     3.4   6.97  220282.   571  -322   249   -71   2.85
2024 283  0 46   -2.71    5.83   -6.75  -425.8   -22.7    -3.7   6.27  175830.   568  -331   237   -71   2.88
2024 283  0 47   -1.13    6.31   -6.44  -425.8   -22.7    -3.7   6.27  175830.   559  -333   226   -71   2.75
2024 283  0 48   -1.37    7.01   -5.77 99999.9 99999.9 99999.9 999.99 9999999.   561  -337   224   -72 999.99
2024 283  0 49   -1.86    6.92   -5.88  -427.6   -31.8    -7.9   7.01  200585.   564  -331   233   -71   2.52
2024 283  0 50   -2.32    6.71   -5.84  -427.6   -31.8    -7.9   7.01  200585.   555  -317   238   -71   2.50
2024 283  0 51   -1.89    7.00   -5.82  -431.0   -29.5   -11.4   7.22  200363.   568  -330   238   -71   2.52
2024 283  0 52   -1.53    7.31   -5.54  -431.9   -28.9   -12.3   7.27  200307.   567  -332   235   -71   2.40
2024 283  0 53   -1.24    7.47   -5.32  -426.0   -29.5   -13.0   7.60  204506.   566  -334   232   -71   2.27
2024 283  0 54   -1.19    7.61   -5.15  -426.0   -29.5   -13.0   7.60  204506.   587  -361   226   -71   2.20
2024 283  0 55   -1.06    7.89   -4.71  -427.9   -29.4   -17.5   7.33  201082.   555  -340   215   -71   2.02
2024 283  0 56   -1.34    8.01   -4.32  -428.4   -29.4   -18.6   7.26  200237.   582  -374   208   -71   1.86
2024 283  0 57   -0.91    7.99   -4.59  -431.2   -28.0   -19.5   7.67  199960.   551  -343   208   -71   1.99
2024 283  0 58   -1.23    8.04   -4.17  -431.4   -27.8   -20.0   7.61  197220.   554  -347   207   -71   1.80
2024 283  0 59   -1.09    8.02   -4.33  -432.3   -26.9   -22.3   7.33  184814.   583  -376   207   -71   1.88
2024 283  1  0   -1.58    7.59   -5.05  -432.3   -26.9   -22.3   7.33  184814.   545  -349   196   -71   2.19
2024 283  1  1   -1.47    7.47   -5.23  -428.8   -29.7   -16.3   6.97  184948.   567  -376   191   -71   2.25
2024 283  1  2   -1.41    7.42   -4.88  -428.8   -29.7   -16.3   6.97  184948.   573  -392   181   -71   2.10
2024 283  1  3    0.71    8.13   -2.25  -436.5   -61.4   -32.3   8.07  235724.   585  -386   199   -71   0.99
2024 283  1  4    0.95    7.98   -0.76  -436.3   -60.4   -31.6   8.03  234692.   586  -378   208   -71   0.34
2024 283  1  5    1.31    7.90   -0.57  -431.4   -48.7   -21.5   7.54  222467.   594  -374   220   -71   0.25
2024 283  1  6    1.09    7.87   -0.75  -430.1   -53.9   -24.1   7.95  228649.   598  -371   227   -71   0.33
2024 283  1  7    1.58    7.27   -0.18  -435.7   -40.1   -26.1   7.20  207167.   611  -381   230   -71   0.08
2024 283  1  8    2.10    7.49    0.30  -435.8   -40.0   -26.3   7.17  206834.   660  -440   220   -71  -0.13
2024 283  1  9    0.35    5.88   -2.26 99999.9 99999.9 99999.9 999.99 9999999.   691  -479   212   -71 999.99
2024 283  1 10   -0.15    2.08   -3.60 99999.9 99999.9 99999.9 999.99 9999999.   750  -525   225   -72 999.99
2024 283  1 11   -2.32    0.60   -5.44 99999.9 99999.9 99999.9 999.99 9999999.   743  -525   218   -72 999.99
2024 283  1 12    0.74    2.28   -0.83 99999.9 99999.9 99999.9 999.99 9999999.   719  -501   218   -73 999.99
2024 283  1 13    3.64    5.54    2.98  -455.4   -22.2   -46.2   7.92  201632.   675  -476   199   -72  -1.37
2024 283  1 14    3.91    6.19    1.04  -455.4   -22.3   -46.2   7.92  201612.   614  -421   193   -72  -0.48
2024 283  1 15    3.96    5.54    2.63  -460.2   -35.0   -49.1   8.03  198782.   566  -389   177   -72  -1.22
2024 283  1 16    4.17    5.37    1.76  -461.2   -31.7   -48.7   8.11  200548.   540  -373   167   -72  -0.82
2024 283  1 17    3.90    4.86    3.27  -465.6   -22.0   -52.5   8.13  190882.   513  -350   163   -72  -1.53
2024 283  1 18    3.76    4.51    3.88  -462.4   -17.2   -61.3   7.78  196449.   489  -334   155   -72  -1.81
2024 283  1 19    3.24    4.45    3.59  -460.7   -23.0   -49.4   7.93  178649.   454  -310   144   -72  -1.67
2024 283  1 20    3.14    5.57    3.09  -454.6   -23.4   -51.0   8.14  222916.   425  -285   140   -72  -1.42
2024 283  1 21    3.27    3.77    3.75  -457.0   -25.4   -49.9   7.90  210301.   413  -267   146   -73  -1.73
2024 283  1 22    2.63    3.79    4.03  -463.6   -29.6   -51.4   8.51  224530.   415  -268   147   -73  -1.88
2024 283  1 23    2.21    2.79    5.49  -463.6   -29.6   -51.4   8.51  224604.   486  -335   151   -73  -2.57
2024 283  1 24    0.98    3.42    1.22 99999.9 99999.9 99999.9 999.99 9999999.   573  -417   156   -73 999.99
2024 283  1 25    0.30    1.09    6.08 99999.9 99999.9 99999.9 999.99 9999999.   642  -469   173   -73 999.99
2024 283  1 26    0.76    1.45    6.17 99999.9 99999.9 99999.9 999.99 9999999.   623  -461   162   -73 999.99
2024 283  1 27    1.63    3.51    5.05  -444.8    -1.2   -56.0   8.70  236253.   579  -426   153   -73  -2.26
2024 283  1 28    2.02    4.69    4.46  -444.8    -1.2   -56.0   8.70  236253.   538  -387   151   -73  -2.00
2024 283  1 29    1.95    4.41    4.91 99999.9 99999.9 99999.9 999.99 9999999.   542  -394   148   -72 999.99
2024 283  1 30    2.19    4.65    4.61 99999.9 99999.9 99999.9 999.99 9999999.   585  -440   145   -72 999.99
2024 283  1 31    2.25    5.75    2.87  -446.3   -20.9   -50.3   8.10  222838.   584  -438   146   -72  -1.29
2024 283  1 32    2.59    5.62    3.65  -450.5   -21.3   -52.8   8.05  217450.   523  -378   145   -72  -1.66
2024 283  1 33    2.91    6.23    1.95  -452.8   -21.3   -54.4   7.99  213327.   468  -325   143   -72  -0.89
2024 283  1 34    3.28    5.55    2.82  -456.4   -32.6   -52.7   7.72  207972.   454  -312   142   -71  -1.30
2024 283  1 35    3.01    6.01    1.91  -455.9   -31.7   -52.6   7.74  210435.   427  -287   140   -71  -0.88
2024 283  1 36    3.17    5.59    2.57  -454.8   -29.7   -52.3   7.80  216061.   409  -272   137   -71  -1.18
2024 283  1 37    2.56    5.47    3.53  -453.5   -21.4   -59.2   7.61  207036.   402  -269   133   -71  -1.62
2024 283  1 38    2.54    5.50    3.76  -453.2   -19.4   -60.8   7.57  204928.   386  -253   133   -71  -1.72
2024 283  1 39    2.53    5.48    3.62  -449.9   -19.4   -59.7   7.86  211055.   387  -250   137   -71  -1.64
2024 283  1 40    2.66    5.10    3.78  -449.7   -19.4   -59.6   7.88  211458.   400  -260   140   -72  -1.72
2024 283  1 41    1.40    2.28    3.73  -449.7   -19.4   -59.6   7.88  211458.   403  -262   141   -72  -1.69
2024 283  1 42    0.27    0.88    3.88 99999.9 99999.9 99999.9 999.99 9999999.   390  -252   138   -73 999.99
2024 283  1 43    3.07    5.25    3.86  -451.5   -19.3   -65.8   7.94  236026.   370  -238   132   -73  -1.76
2024 283  1 44    3.33    5.19    3.45  -451.9   -19.9   -65.5   7.93  234293.   348  -219   129   -74  -1.58
2024 283  1 45    3.67    5.83    2.55  -456.1   -27.2   -62.3   7.83  213969.   328  -204   124   -74  -1.18
2024 283  1 46    2.29    5.95    2.99  -454.5   -25.5   -58.5   7.69  207314.   302  -183   119   -74  -1.37
2024 283  1 47    1.91    6.15    2.85  -452.9   -23.7   -54.6   7.54  200515.   276  -163   113   -73  -1.30
2024 283  1 48    2.03    5.87    3.33  -452.9   -23.7   -54.6   7.54  200515.   275  -162   113   -73  -1.52
2024 283  1 49    2.49    6.09    2.73  -448.7   -21.7   -50.5   8.49  250214.   274  -162   112   -73  -1.23
2024 283  1 50    2.79    6.30    1.46  -448.7   -21.7   -50.5   8.49  250214.   276  -166   110   -73  -0.66
2024 283  1 51    2.72    6.43    0.56  -448.7   -21.7   -50.5   8.49  250214.   280  -178   102   -72  -0.25
2024 283  1 52    3.10    6.11    0.23 99999.9 99999.9 99999.9 999.99 9999999.   291  -195    96   -71 999.99
2024 283  1 53    3.58    5.09    0.92 99999.9 99999.9 99999.9 999.99 9999999.   301  -205    96   -71 999.99
2024 283  1 54    2.65    1.57    3.60  -460.5     0.7   -60.3   7.82  223353.   310  -212    98   -71  -1.67
2024 283  1 55    2.55    1.16    4.32  -460.5     0.7   -60.3   7.82  223353.   309  -211    98   -71  -2.01
2024 283  1 56    2.76    1.55    5.00  -460.5     0.7   -60.3   7.82  223353.   302  -200   102   -70  -2.32
2024 283  1 57    2.54    1.49    5.76 99999.9 99999.9 99999.9 999.99 9999999.   295  -189   106   -70 999.99
2024 283  1 58    2.75    1.84    5.83 99999.9 99999.9 99999.9 999.99 9999999.   300  -187   113   -69 999.99
2024 283  1 59    3.13    2.42    5.31  -453.8     4.6   -66.3   8.05  236706.   310  -189   121   -68  -2.44
2024 283  2  0    2.41    4.61    0.54  -450.4   -10.6   -48.4   7.90  220136.   319  -196   123   -68  -0.25
2024 283  2  1    1.76    6.37   -0.64  -448.9   -17.2   -40.6   7.84  212949.   319  -195   124   -68   0.29
2024 283  2  2    0.80    5.84   -2.53  -443.7   -21.1   -23.3   7.33  200655.   320  -193   127   -68   1.13
2024 283  2  3    0.34    5.55   -2.58  -443.7   -21.1   -23.3   7.33  200655.   310  -185   125   -67   1.15
2024 283  2  4   -0.36    5.38   -2.34 99999.9 99999.9 99999.9 999.99 9999999.   292  -169   123   -67 999.99
2024 283  2  5   -0.82    5.44   -1.40  -429.9   -24.9   -17.6   7.75  206975.   273  -151   122   -66   0.60
2024 283  2  6   -1.56    5.33   -0.96  -429.9   -24.9   -17.6   7.75  206975.   258  -135   123   -66   0.41
2024 283  2  7   -0.17    5.87   -0.35  -429.9   -24.9   -17.6   7.75  206975.   248  -128   120   -65   0.15
2024 283  2  8    0.35    5.68    0.50 99999.9 99999.9 99999.9 999.99 9999999.   239  -124   115   -65 999.99
2024 283  2  9    0.25    5.70    0.30  -434.4   -19.4   -36.3   8.06  224825.   219  -112   107   -64  -0.13
2024 283  2 10   -0.13    5.75    0.64  -434.4   -19.4   -36.3   8.06  224825.   197  -100    97   -64  -0.28
2024 283  2 11   -1.29    5.97    0.43  -434.4   -19.4   -36.3   8.06  224825.   183   -93    90   -64  -0.19
2024 283  2 12   -1.10    6.08    0.93 99999.9 99999.9 99999.9 999.99 9999999.   177   -90    87   -64 999.99
2024 283  2 13   -2.20    5.87    1.05  -423.3   -21.2   -35.2   7.37  221885.   176   -90    86   -64  -0.45
2024 283  2 14   -1.05    3.27   -1.79  -426.2   -20.5   -24.3   7.70  233616.   183   -95    88   -64   0.77
2024 283  2 15   -1.15    3.14   -2.22  -426.0   -21.5   -15.9   8.14  246059.   184   -95    89   -63   0.95
2024 283  2 16    0.34    4.87   -0.43  -431.5   -25.0   -29.2   7.63  219823.   194  -101    93   -63   0.19
2024 283  2 17    1.53    5.02    0.16  -453.7   -24.9   -40.9   7.46  209741.   196  -103    93   -63  -0.07
2024 283  2 18   -1.05    5.14   -0.93  -451.7   -32.7   -38.0   7.05  209925.   196  -104    92   -64   0.42
2024 283  2 19   -3.88    3.81   -0.86  -425.0   -16.0   -27.6   6.82  196912.   195  -101    94   -63   0.37
2024 283  2 20   -4.57    3.71   -0.84  -400.3   -18.0   -25.2   8.02  245033.   195   -96    99   -63   0.34
2024 283  2 21    0.55    4.21   -4.42  -431.8   -18.6   -14.8   7.34  228306.   198   -97   101   -62   1.91
2024 283  2 22    1.69    5.42   -3.58  -433.7   -19.4   -15.6   7.15  222333.   198   -96   102   -62   1.56
2024 283  2 23   -1.48    3.82   -4.88  -433.5   -19.1   -14.7   6.45  210176.   195   -95   100   -62   2.12
2024 283  2 24   -2.67    2.91   -5.31  -422.6    -8.8   -10.3   6.34  227266.   195   -94   101   -62   2.25
2024 283  2 25   -3.25    3.04   -5.95  -420.9     0.0    -8.9   6.36  234333.   197   -91   106   -61   2.51
2024 283  2 26   -4.97    1.90   -6.06  -425.0    -5.5     0.5   6.05  215989.   198   -89   109   -61   2.58
2024 283  2 27   -5.40    1.68   -5.61  -410.6    -1.3   -14.5   5.91  134863.   200   -87   113   -60   2.31
2024 283  2 28   -4.29    1.88   -6.51  -413.4    -7.3    -7.0   6.31  195389.   203   -89   114   -60   2.69
2024 283  2 29   -1.81    1.96   -2.96  -417.0   -14.2     2.0   6.78  266903.   208   -94   114   -60   1.23
2024 283  2 30    0.39    2.87   -2.87  -436.6   -17.7    -6.0   8.27  317828.   209   -93   116   -59   1.25
2024 283  2 31    4.58    2.71   -1.35  -436.6   -17.7    -6.0   8.27  317828.   213   -98   115   -59   0.59
2024 283  2 32    4.91    2.84   -0.57  -465.8   -23.0   -23.0   7.22  236390.   206   -91   115   -59   0.27
2024 283  2 33    4.15    3.67   -1.62  -465.9   -23.0   -23.1   7.22  236101.   201   -90   111   -59   0.76
2024 283  2 34    3.94    4.76   -1.37 99999.9 99999.9 99999.9 999.99 9999999.   197   -92   105   -59 999.99
2024 283  2 35   -1.93    0.82   -3.51  -417.7    52.8     6.2   6.99  319017.   205   -93   112   -59   1.48
2024 283  2 36   -0.85    2.03   -3.52  -431.8    18.1   -11.7   6.13  234327.   219   -97   122   -58   1.53
2024 283  2 37   -4.10   -0.90   -4.16  -434.8    -4.7   -20.6   6.64  223018.   224   -99   125   -58   1.82
2024 283  2 38   -3.50   -2.88   -2.99  -447.7   -16.8   -30.7   6.88  226098.   231  -106   125   -58   1.34
2024 283  2 39   -3.54   -1.31   -4.29 99999.9 99999.9 99999.9 999.99 9999999.   223  -108   115   -58 999.99
2024 283  2 40   -3.38    1.32   -4.68 99999.9 99999.9 99999.9 999.99 9999999.   219  -110   109   -58 999.99
2024 283  2 41 9999.99 9999.99 9999.99 99999.9 99999.9 99999.9 999.99 9999999.   221  -115   106   -58 999.99
2024 283  2 42   -2.68    2.47   -4.47 99999.9 99999.9 99999.9 999.99 9999999.   220  -112   108   -58 999.99
2024 283  2 43   -2.76    1.99   -4.47  -429.3   -27.3   -18.5   6.62  267546.   213  -102   111   -57   1.92
2024 283  2 44   -3.55    1.74   -4.17  -429.3   -27.3   -18.5   6.62  267546.   207   -93   114   -57   1.80
2024 283  2 45   -4.25   -1.06   -3.91  -429.3   -27.3   -18.5   6.62  267546.   197   -85   112   -57   1.68
2024 283  2 46   -4.39    0.60   -4.58 99999.9 99999.9 99999.9 999.99 9999999.   205   -90   115   -57 999.99
2024 283  2 47   -3.64    2.98   -4.51  -424.5    -0.7   -27.3   6.78  278437.   215   -89   126   -56   1.92
2024 283  2 48   -4.74   -2.99   -3.73  -425.0    13.6    -2.1   6.70  265816.   226   -94   132   -56   1.59
2024 283  2 49   -4.57   -2.78   -4.34  -424.2    27.6    11.7   6.61  245070.   247  -105   142   -55   1.85
2024 283  2 50   -4.41   -2.18   -4.68  -420.0    34.1   -10.9   6.56  213178.   266  -110   156   -55   1.97
2024 283  2 51   -4.77   -2.58   -4.62  -429.3    23.4    -9.0   5.71  178010.   269  -111   158   -55   1.99
2024 283  2 52   -5.11   -2.99   -3.43  -429.5    23.1    -9.0   5.69  177072.   252  -112   140   -55   1.48
2024 283  2 53   -5.21   -1.19   -4.24  -423.0    40.7   -17.8   6.56  237767.   245  -120   125   -55   1.80
2024 283  2 54   -4.92   -0.80   -4.61  -423.0    40.7   -17.8   6.56  237767.   257  -127   130   -55   1.96
2024 283  2 55   -4.62    0.57   -4.94  -416.4     9.5   -14.8   6.83  196001.   273  -131   142   -54   2.06
2024 283  2 56   -5.15    0.43   -4.90  -422.8    -1.4   -12.4   6.50  203839.   275  -130   145   -54   2.07
2024 283  2 57   -5.90   -0.81   -4.00  -427.8    -9.0   -10.7   6.24  210958.   267  -126   141   -54   1.71
2024 283  2 58   -5.76   -0.83   -4.32 99999.9 99999.9 99999.9 999.99 9999999.   257  -121   136   -54 999.99
2024 283  2 59   -6.09   -0.47   -3.84 99999.9 99999.9 99999.9 999.99 9999999.   252  -118   134   -54 999.99
2024 283  3  0   -5.10    0.14   -3.13  -417.1     1.9   -18.3   7.09  283425.   250  -121   129   -53   1.31
2024 283  3  1   -0.28    3.19   -3.78  -440.6    -4.6   -22.8   6.94  211304.   246  -125   121   -53   1.67
2024 283  3  2   -1.02    3.91   -4.19  -428.4    -1.0   -20.2   7.22  251324.   261  -131   130   -53   1.80
2024 283  3  3   -3.33    2.88   -5.30  -438.6   -28.6    -8.1   6.29  191834.   261  -137   124   -53   2.33
2024 283  3  4   -4.40    1.02   -5.90  -438.6   -28.6    -8.1   6.29  191834.   248  -141   107   -53   2.59
2024 283  3  5   -4.85   -0.88   -5.11  -438.6   -28.6    -8.1   6.29  191834.   232  -139    93   -52   2.25
2024 283  3  6   -5.08    1.70   -5.22 99999.9 99999.9 99999.9 999.99 9999999.   213  -134    79   -52 999.99
2024 283  3  7   -5.90    1.90   -4.47 99999.9 99999.9 99999.9 999.99 9999999.   199  -116    83   -52 999.99
2024 283  3  8   -6.61    2.01   -3.66 99999.9 99999.9 99999.9 999.99 9999999.   210  -118    92   -52 999.99
2024 283  3  9   -6.73    1.12   -3.52  -408.8   -16.4   -14.3   6.12  177007.   232  -126   106   -52   1.44
2024 283  3 10   -6.16    0.36   -4.55  -408.8   -16.4   -14.3   6.12  177007.   240  -138   102   -52   1.86
2024 283  3 11   -5.71    2.70   -3.85  -419.9   -14.4   -17.7   7.02  231841.   275  -151   124   -52   1.62
2024 283  3 12   -3.83    2.40   -5.38  -419.0   -12.7   -20.3   7.11  240326.   279  -155   124   -52   2.26
2024 283  3 13   -4.62    1.78   -6.21  -429.7   -19.3   -15.3   6.21  199532.   277  -153   124   -52   2.67
2024 283  3 14   -4.04    1.97   -6.67  -431.7   -19.2   -12.5   6.17  194410.   294  -152   142   -52   2.88
2024 283  3 15   -3.07    1.71   -7.46  -432.5   -18.0   -10.1   6.23  193405.   294  -154   140   -52   3.23
2024 283  3 16   -5.62    2.11   -5.42  -432.5   -18.0   -10.1   6.23  193405.   291  -154   137   -52   2.35
2024 283  3 17   -5.16    3.18   -5.51  -422.5   -29.4    -5.7   6.69  192653.   276  -143   133   -52   2.33
2024 283  3 18   -3.39    3.66   -6.16  -425.6   -29.6    -8.8   6.81  213205.   261  -133   128   -52   2.63
2024 283  3 19   -1.18    3.27   -7.09  -430.6   -28.2   -10.9   6.84  226376.   264  -133   131   -52   3.06
2024 283  3 20   -1.07    2.78   -7.47  -444.0   -19.9    -8.8   6.46  207684.   289  -158   131   -52   3.32
2024 283  3 21   -1.56    2.92   -7.56  -446.0   -20.1    -9.8   6.10  123946.   290  -152   138   -52   3.38
2024 283  3 22   -2.63    3.10   -7.28  -446.3   -20.1    -9.9   6.05  112073.   305  -155   150   -53   3.25
2024 283  3 23   -1.15    3.04   -7.45  -446.4   -17.9    -8.5   6.51  203662.   313  -163   150   -53   3.33
2024 283  3 24   -2.23    2.57   -6.18  -444.5   -17.9   -10.1   6.56  203653.   327  -166   161   -53   2.75
2024 283  3 25   -3.62    4.14   -4.68  -436.2   -16.7   -15.6   6.87  219551.   319  -158   161   -54   2.04
2024 283  3 26   -2.84    3.34   -5.52  -435.4   -15.8   -16.4   7.11  246396.   322  -150   172   -54   2.41
2024 283  3 27   -2.21    3.23   -5.90 99999.9 99999.9 99999.9 999.99 9999999.   331  -152   179   -54 999.99
2024 283  3 28   -3.22   -1.05   -5.85  -441.2    -3.2     0.1   6.72  221889.   336  -160   176   -54   2.58
2024 283  3 29   -2.72   -1.80   -6.33  -441.2    -2.3    -6.3   6.58  215534.   338  -159   179   -54   2.79
2024 283  3 30   -3.03   -0.08   -5.87  -441.2    -1.2   -17.8   5.96  188390.   333  -155   178   -55   2.59
2024 283  3 31   -3.56    0.40   -6.09  -441.1    -9.1   -19.3   5.48  166789.   326  -151   175   -55   2.69
2024 283  3 32   -2.67    0.50   -6.66  -442.5   -15.4   -12.5   6.36  214620.   320  -151   169   -55   2.95
2024 283  3 33   -4.23    0.96   -5.51  -443.7    -9.9   -20.9   6.44  202852.   320  -156   164   -55   2.45
2024 283  3 34   -2.70    0.87   -6.48  -435.0    -0.5   -30.3   6.06  166102.   310  -147   163   -56   2.83
2024 283  3 35   -2.98    0.93   -6.73 99999.9 99999.9 99999.9 999.99 9999999.   304  -139   165   -56 999.99
2024 283  3 36   -2.55    1.20   -6.87  -441.9   -14.0   -16.0   6.32  199789.   301  -131   170   -56   3.04
2024 283  3 37   -1.61    2.20   -6.85  -444.0   -15.3   -16.5   6.41  209834.   311  -128   183   -57   3.05
2024 283  3 38   -1.69    2.40   -6.92  -446.6   -17.0   -16.7   6.53  220219.   318  -123   195   -57   3.09
2024 283  3 39   -1.66    2.66   -6.85  -449.9   -19.1   -16.0   6.78  224383.   320  -115   205   -58   3.09
2024 283  3 40   -1.68    2.37   -6.18  -449.9   -19.1   -16.0   6.78  224383.   315  -114   201   -58   2.78
2024 283  3 41    0.25    3.22   -6.65 99999.9 99999.9 99999.9 999.99 9999999.   299  -112   187   -59 999.99
2024 283  3 42   -0.33    2.46   -6.79 99999.9 99999.9 99999.9 999.99 9999999.   282  -107   175   -59 999.99
2024 283  3 43   -1.12    2.44   -6.34 99999.9 99999.9 99999.9 999.99 9999999.   267  -104   163   -59 999.99
2024 283  3 44   -0.65    2.77   -6.22 99999.9 99999.9 99999.9 999.99 9999999.   256  -103   153   -58 999.99
2024 283  3 45   -1.19    3.40   -5.67 99999.9 99999.9 99999.9 999.99 9999999.   270  -116   154   -58 999.99
2024 283  3 46   -2.79    0.44   -5.26  -445.1   -19.4   -19.9   6.56  221811.   288  -128   160   -59   2.35
2024 283  3 47   -4.51   -2.97   -3.54  -440.2    -9.7   -17.1   6.46  209766.   298  -141   157   -59   1.56
2024 283  3 48   -3.62   -4.89   -2.53  -434.0     2.7   -13.5   6.33  194295.   304  -147   157   -59   1.10
2024 283  3 49   -4.24   -4.66   -2.21  -438.5    24.7   -19.4   5.89  172843.   303  -145   158   -59   0.97
2024 283  3 50   -4.44   -3.66   -2.66  -438.5    24.7   -19.4   5.89  172843.   301  -137   164   -60   1.17
2024 283  3 51   -4.57   -3.07   -3.36  -438.5    24.7   -19.4   5.89  172843.   303  -142   161   -60   1.48
2024 283  3 52   -4.04   -3.83   -3.23  -443.8    12.8   -10.0   7.28  228454.   367  -207   160   -60   1.43
2024 283  3 53   -4.97   -3.11   -2.82  -443.8    12.8   -10.0   7.28  228454.   426  -266   160   -61   1.25
2024 283  3 54   -5.18   -2.08   -3.46 99999.9 99999.9 99999.9 999.99 9999999.   462  -312   150   -61 999.99
2024 283  3 55   -5.30   -1.52   -3.63 99999.9 99999.9 99999.9 999.99 9999999.   405  -254   151   -61 999.99
2024 283  3 56   -5.33   -1.13   -3.80  -439.6     0.1   -15.0   6.68  213107.   349  -202   147   -61   1.67
2024 283  3 57   -4.71    0.01   -4.60  -439.6     0.1   -15.0   6.68  213107.   318  -180   138   -61   2.02
2024 283  3 58 9999.99 9999.99 9999.99  -439.6     0.1   -15.0   6.68  213107.   307  -177   130   -61 999.99
2024 283  3 59   -2.54    2.50   -3.83  -457.4   -19.6   -32.6   5.41  209684.   303  -180   123   -60   1.76
2024 283  4  0    2.66    6.47   -3.74  -455.1   -17.3   -27.2   5.36  187211.   324  -194   130   -60   1.71
2024 283  4  1    0.83    6.28   -4.08  -462.3   -21.6   -37.8   5.20  190571.   355  -214   141   -61   1.90
2024 283  4  2    2.26    6.62   -4.35  -463.1   -15.7   -38.1   5.76  229400.   369  -218   151   -61   2.02
2024 283  4  3   -1.24    3.52   -4.88  -453.4   -18.6   -34.6   6.94  231283.   393  -231   162   -61   2.22
2024 283  4  4   -0.74    4.64   -4.31  -454.8   -17.0   -30.0   6.76  218755.   404  -234   170   -61   1.97
2024 283  4  5    1.77    4.48   -4.76  -451.1   -15.8   -30.4   7.09  223029.   414  -237   177   -61   2.15
2024 283  4  6    2.93    5.50   -4.11  -454.8    -8.5   -27.5   7.36  231556.   412  -233   179   -62   1.87
2024 283  4  7    5.20    6.87   -3.66  -463.3   -16.3   -34.0   5.70  201408.   411  -244   167   -61   1.70
2024 283  4  8    5.33    6.57   -3.70  -469.5   -22.1   -38.8   4.50  179436.   397  -246   151   -61   1.74
2024 283  4  9    5.52    6.01   -3.87  -476.7   -18.8   -35.4   4.93  185833.   395  -250   145   -62   1.85
2024 283  4 10    1.91    8.04   -2.79  -466.8   -19.3   -47.7   5.21  197109.   442  -292   150   -62   1.31
2024 283  4 11    1.04    8.48   -1.95  -460.0   -19.6   -56.1   5.40  204858.   464  -313   151   -62   0.90
2024 283  4 12    3.36    7.57   -2.85 99999.9 99999.9 99999.9 999.99 9999999.   446  -300   146   -63 999.99
2024 283  4 13    5.00    6.47   -2.98 99999.9 99999.9 99999.9 999.99 9999999.   425  -281   144   -64 999.99
2024 283  4 14    5.02    6.76   -2.33 99999.9 99999.9 99999.9 999.99 9999999.   401  -278   123   -64 999.99
2024 283  4 15    5.18    6.67   -2.02  -469.1   -10.7   -45.0   5.74  260036.   402  -286   116   -66   0.95
2024 283  4 16    5.82    6.15   -1.80  -469.1   -10.7   -45.0   5.74  260036.   471  -352   119   -66   0.85
2024 283  4 17    5.08    6.56   -1.97  -469.1   -10.7   -45.0   5.74  260036.   523  -411   112   -66   0.93
2024 283  4 18    4.16    6.83   -2.91  -470.8   -11.3   -33.3   5.62  221958.   531  -423   108   -66   1.37
2024 283  4 19    3.77    7.22   -2.65  -468.2    -9.3   -36.7   5.64  215362.   496  -392   104   -67   1.24
2024 283  4 20    3.86    6.75   -3.71  -462.9   -10.5   -44.8   5.84  204811.   474  -371   103   -67   1.73
2024 283  4 21    4.44    6.69   -3.44  -468.3   -12.9   -43.6   5.51  191651.   463  -357   106   -67   1.62
2024 283  4 22    3.13    7.18   -2.50  -466.5   -12.4   -45.2   5.39  178370.   482  -383    99   -67   1.17
2024 283  4 23    2.17    7.88   -1.52  -455.2   -17.0   -52.9   5.41  160514.   459  -364    95   -67   0.70
2024 283  4 24    3.00    7.73   -1.32  -463.8   -14.1   -51.8   5.32  171117.   494  -408    86   -67   0.62
2024 283  4 25    2.21    8.07   -1.25  -465.0   -17.1   -53.3   5.37  179245.   631  -558    73   -67   0.59
2024 283  4 26    1.19    8.34   -0.42  -465.1   -18.9   -49.0   5.80  176408.   642  -573    69   -67   0.20
2024 283  4 27    1.39    8.51   -0.29  -454.8   -14.0   -52.0   6.67  222104.   507  -440    67   -67   0.13
2024 283  4 28 9999.99 9999.99 9999.99  -454.8   -14.0   -52.0   6.67  222104.   448  -391    57   -67 999.99
2024 283  4 29   -0.49    8.78   -1.32 99999.9 99999.9 99999.9 999.99 9999999.   391  -339    52   -68 999.99
2024 283  4 30    3.90    8.05   -2.00  -467.6   -18.9   -52.3   5.24  180955.   416  -348    68   -68   0.94
2024 283  4 31    0.72    8.41   -1.21  -462.8   -16.5   -50.9   4.99  162119.   406  -339    67   -69   0.56
2024 283  4 32    2.23    7.52   -1.17  -456.3   -13.3   -49.1   4.65  136331.   436  -364    72   -69   0.54
2024 283  4 33    0.02    8.01   -0.95  -456.3   -13.3   -49.1   4.65  136331.   489  -415    74   -69   0.44
2024 283  4 34    1.08    7.73   -0.94  -472.2   -24.8   -47.2   6.43  160835.   507  -438    69   -69   0.45
2024 283  4 35    4.22    6.30   -1.34  -472.2   -24.8   -47.2   6.43  160835.   516  -456    60   -70   0.64
2024 283  4 36    4.26    6.14   -1.53 99999.9 99999.9 99999.9 999.99 9999999.   510  -452    58   -70 999.99
2024 283  4 37    4.02    6.35   -1.58 99999.9 99999.9 99999.9 999.99 9999999.   502  -446    56   -69 999.99
2024 283  4 38    3.47    6.62   -1.78 99999.9 99999.9 99999.9 999.99 9999999.   508  -451    57   -70 999.99
2024 283  4 39    3.34    6.65   -1.86 99999.9 99999.9 99999.9 999.99 9999999.   473  -410    63   -70 999.99
2024 283  4 40    2.80    6.79   -2.20 99999.9 99999.9 99999.9 999.99 9999999.   431  -369    62   -70 999.99
2024 283  4 41    2.85    6.69   -1.84 99999.9 99999.9 99999.9 999.99 9999999.   436  -363    73   -70 999.99
2024 283  4 42    3.02    6.73   -1.80  -464.7   -22.1   -46.1   7.12  187633.   447  -368    79   -71   0.84
2024 283  4 43    2.65    6.80   -2.22  -464.7   -22.1   -46.1   7.12  187633.   489  -406    83   -71   1.04
2024 283  4 44    2.31    7.19   -1.99 99999.9 99999.9 99999.9 999.99 9999999.   521  -435    86   -71 999.99
2024 283  4 45    2.03    7.13   -1.78 99999.9 99999.9 99999.9 999.99 9999999.   547  -460    87   -71 999.99
2024 283  4 46    2.03    7.13   -1.79 99999.9 99999.9 99999.9 999.99 9999999.   535  -443    92   -71 999.99
2024 283  4 47    1.71    7.14   -1.67 99999.9 99999.9 99999.9 999.99 9999999.   537  -426   111   -71 999.99
2024 283  4 48    2.71    7.06   -1.89 99999.9 99999.9 99999.9 999.99 9999999.   563  -429   134   -71 999.99
2024 283  4 49    2.40    7.26   -1.89  -456.3   -16.0   -45.6   6.24  176483.   587  -442   145   -71   0.87
2024 283  4 50    2.22    7.10   -1.82  -456.3   -16.0   -45.6   6.24  176483.   627  -450   177   -72   0.84
2024 283  4 51    2.22    7.09   -1.82  -456.3   -16.0   -45.6   6.24  176483.   641  -463   178   -72   0.84
2024 283  4 52    1.81    6.88   -1.99 99999.9 99999.9 99999.9 999.99 9999999.   628  -463   165   -73 999.99
2024 283  4 53    1.59    6.91   -2.13 99999.9 99999.9 99999.9 999.99 9999999.   627  -478   149   -73 999.99
2024 283  4 54    1.30    7.00   -2.28 99999.9 99999.9 99999.9 999.99 9999999.   628  -467   161   -73 999.99
2024 283  4 55    0.23    7.46   -1.75 99999.9 99999.9 99999.9 999.99 9999999.   629  -435   194   -74 999.99
2024 283  4 56    0.23    7.45   -1.76 99999.9 99999.9 99999.9 999.99 9999999.   671  -430   241   -74 999.99
2024 283  4 57    0.20    7.56   -1.91 99999.9 99999.9 99999.9 999.99 9999999.   676  -434   242   -75 999.99
2024 283  4 58    0.75    7.48   -1.59  -450.3   -21.2   -44.8   6.13  205069.   615  -431   184   -76   0.72
2024 283  4 59    0.78    7.51   -1.79  -450.3   -21.2   -44.8   6.13  205069.   643  -472   171   -77   0.81
2024 283  5  0    0.68    7.34   -2.28 99999.9 99999.9 99999.9 999.99 9999999.   609  -462   147   -78 999.99
2024 283  5  1    1.69    7.38   -0.59 99999.9 99999.9 99999.9 999.99 9999999.   606  -463   143   -79 999.99
2024 283  5  2    1.35    7.31   -0.88 99999.9 99999.9 99999.9 999.99 9999999.   616  -477   139   -79 999.99
2024 283  5  3    0.49    6.80   -3.47  -451.8   -18.2   -26.2   5.40  139624.   632  -472   160   -79   1.57
2024 283  5  4    0.22    6.96   -3.41  -451.8   -18.2   -26.2   5.40  139624.   619  -445   174   -80   1.54
2024 283  5  5    0.43    7.31   -2.92  -451.8   -18.2   -26.2   5.40  139624.   614  -440   174   -79   1.32
2024 283  5  6    0.93    7.21   -2.49 99999.9 99999.9 99999.9 999.99 9999999.   579  -418   161   -79 999.99
2024 283  5  7    1.99    7.28   -1.67 99999.9 99999.9 99999.9 999.99 9999999.   568  -420   148   -78 999.99
2024 283  5  8    0.48    6.96   -2.09  -453.9   -17.8   -35.3   5.43  150887.   575  -411   164   -78   0.95
2024 283  5  9    0.04    6.79   -2.57  -453.9   -17.8   -35.3   5.43  150887.   593  -431   162   -79   1.17
2024 283  5 10    0.39    6.92   -2.20  -444.9   -13.9   -27.7   6.09  151492.   610  -408   202   -79   0.98
2024 283  5 11   -0.21    6.78   -2.31  -444.9   -13.9   -27.7   6.09  151492.   624  -381   243   -79   1.03
2024 283  5 12   -2.41    5.83   -2.88  -438.6   -16.7   -41.1   5.66  168217.   564  -371   193   -80   1.27
2024 283  5 13   -0.75    6.62   -2.02  -438.6   -16.7   -41.1   5.66  168217.   538  -365   173   -80   0.89
2024 283  5 14   -2.11    6.45   -2.08  -438.9   -16.7   -41.2   5.66  168006.   529  -355   174   -80   0.92
2024 283  5 15   -1.03    6.79   -1.45  -455.8   -18.6   -45.5   5.55  155944.   507  -348   159   -80   0.66
2024 283  5 16   -0.65    6.77   -1.46  -455.8   -18.6   -45.5   5.55  155944.   493  -352   141   -79   0.67
2024 283  5 17   -0.89    6.67   -0.90  -442.3    -9.7   -29.4   6.01  168281.   515  -371   144   -79   0.40
2024 283  5 18    0.72    6.91   -1.73  -445.6    -7.7   -29.9   5.71  147027.   554  -398   156   -78   0.77
2024 283  5 19   -1.17    5.75   -4.02  -456.8    -1.6   -31.7   4.75   80171.   568  -388   180   -79   1.84
2024 283  5 20   -0.21    2.80   -2.34  -451.3    -7.2   -37.5   6.44  248412.   623  -394   229   -78   1.06
2024 283  5 21    1.16    4.42   -0.75  -452.7    -4.2   -40.2   6.54  274430.   645  -401   244   -78   0.34
2024 283  5 22   -0.23    3.15   -1.72 99999.9 99999.9 99999.9 999.99 9999999.   612  -404   208   -79 999.99
2024 283  5 23    0.31    4.44   -1.56  -451.1    -3.9   -43.1   6.11  245413.   569  -409   160   -79   0.71
2024 283  5 24    0.79    6.06   -1.88  -456.3    -8.0   -46.8   6.23  196052.   557  -415   142   -79   0.86
2024 283  5 25    1.99    5.03   -2.21  -458.0    -9.3   -48.0   6.26  180162.   548  -410   138   -78   1.02
2024 283  5 26   -0.01    3.02   -2.66 99999.9 99999.9 99999.9 999.99 9999999.   542  -399   143   -78 999.99
2024 283  5 27    1.19    4.77   -2.96  -472.3    -9.7   -54.1   5.15  210702.   501  -363   138   -78   1.41
2024 283  5 28    2.82    4.81    0.73  -475.5   -18.2   -58.2   5.42  195221.   478  -335   143   -78  -0.35
2024 283  5 29    2.44    5.19    1.79  -473.9   -15.8   -57.5   5.47  186761.   488  -341   147   -78  -0.86
2024 283  5 30    3.23    4.91    1.80  -479.7   -13.7   -65.8   5.45  192311.   527  -351   176   -77  -0.87
2024 283  5 31    2.92    4.95    0.97  -483.6    -5.5   -66.2   4.90  167457.   540  -378   162   -78  -0.47
2024 283  5 32   -1.29    3.27   -1.28  -466.3    -8.8   -52.5   5.19  216121.   534  -387   147   -77   0.60
2024 283  5 33   -1.88    2.99   -0.97  -460.4   -18.4   -50.8   5.37  239940.   559  -406   153   -77   0.45
2024 283  5 34    0.03    4.07    1.76  -454.7   -14.4   -63.6   5.41  213940.   573  -429   144   -77  -0.81
2024 283  5 35    0.98    5.95    2.52  -462.4   -11.8   -63.4   5.22  198226.   567  -444   123   -77  -1.18
2024 283  5 36   -0.43    6.36    0.86  -475.0    -7.9   -60.5   4.94  183012.   528  -416   112   -76  -0.41
2024 283  5 37   -1.36    6.24   -0.55 99999.9 99999.9 99999.9 999.99 9999999.   490  -394    96   -75 999.99
2024 283  5 38   -2.28    3.82   -1.94 99999.9 99999.9 99999.9 999.99 9999999.   494  -398    96   -75 999.99
2024 283  5 39   -3.03    3.22   -2.58  -454.4   -14.9   -46.2   5.30  219692.   501  -399   102   -75   1.18
2024 283  5 40   -3.38    3.53   -3.63  -454.4   -14.9   -46.2   5.30  219692.   497  -383   114   -75   1.66
2024 283  5 41   -3.73    3.10   -3.37  -456.2   -44.8   -32.9   5.38  223545.   498  -380   118   -75   1.55
2024 283  5 42   -3.42    4.03   -2.95  -456.2   -45.0   -32.8   5.38  223573.   525  -408   117   -75   1.36
2024 283  5 43   -4.78    4.12   -1.34 99999.9 99999.9 99999.9 999.99 9999999.   530  -419   111   -75 999.99
2024 283  5 44   -5.31    3.33   -2.09 99999.9 99999.9 99999.9 999.99 9999999.   562  -457   105   -74 999.99
2024 283  5 45   -5.50    2.38   -2.72 99999.9 99999.9 99999.9 999.99 9999999.   518  -416   102   -74 999.99
2024 283  5 46   -5.09    2.24   -2.86 99999.9 99999.9 99999.9 999.99 9999999.   513  -415    98   -73 999.99
2024 283  5 47   -5.31    3.16   -1.55 99999.9 99999.9 99999.9 999.99 9999999.   562  -470    92   -72 999.99
2024 283  5 48   -5.08    3.43   -0.86 99999.9 99999.9 99999.9 999.99 9999999.   549  -462    87   -72 999.99
2024 283  5 49   -5.26    4.22   -0.76 99999.9 99999.9 99999.9 999.99 9999999.   664  -578    86   -72 999.99
2024 283  5 50   -1.86    2.29   -5.16  -450.3   -21.9   -43.8   5.39  227083.   653  -567    86   -72   2.34
2024 283  5 51   -1.51    1.49   -5.69  -464.6   -10.3   -23.5   5.22  189568.   564  -483    81   -72   2.65
2024 283  5 52   -0.19    3.18   -6.02  -462.2     6.2   -22.8   5.03  172398.   616  -545    71   -71   2.79
2024 283  5 53   -0.73    0.01   -6.61  -465.3   -21.8   -42.0   5.71  202637.   621  -555    66   -71   3.09
2024 283  5 54   -1.90   -0.78   -6.04 99999.9 99999.9 99999.9 999.99 9999999.   588  -506    82   -71 999.99
2024 283  5 55   -2.56   -0.50   -6.65  -452.9    -8.0   -26.6   5.90  179300.   753  -653   100   -70   3.02
2024 283  5 56   -2.53   -0.91   -6.97  -453.3    -6.1   -16.9   5.74  192921.   829  -726   103   -70   3.16
2024 283  5 57 9999.99 9999.99 9999.99  -453.4    -5.3   -12.4   5.66  199264.   674  -570   104   -70 999.99
2024 283  5 58   -2.61   -2.03   -6.27 99999.9 99999.9 99999.9 999.99 9999999.   627  -530    97   -70 999.99
2024 283  5 59 9999.99 9999.99 9999.99 99999.9 99999.9 99999.9 999.99 9999999.   566  -470    96   -69 999.99
2024 283  6  0 9999.99 9999.99 9999.99 99999.9 99999.9 99999.9 999.99 9999999.   496  -408    88   -69 999.99
2024 283  6  1   -3.94   -2.18   -5.44 99999.9 99999.9 99999.9 999.99 9999999.   454  -379    75   -70 999.99
2024 283  6  2 9999.99 9999.99 9999.99 99999.9 99999.9 99999.9 999.99 9999999.   485  -417    68   -70 999.99
2024 283  6  3 9999.99 9999.99 9999.99 99999.9 99999.9 99999.9 999.99 9999999.   458  -386    72   -70 999.99
2024 283  6  4   -3.33   -1.07   -6.27 99999.9 99999.9 99999.9 999.99 9999999.   462  -362   100   -69 999.99
2024 283  6  5 9999.99 9999.99 9999.99 99999.9 99999.9 99999.9 999.99 9999999.   485  -363   122   -69 999.99
2024 283  6  6 9999.99 9999.99 9999.99 99999.9 99999.9 99999.9 999.99 9999999.   439  -348    91   -68 999.99
2024 283  6  7   -2.11    0.62   -6.18 99999.9 99999.9 99999.9 999.99 9999999.   412  -325    87   -68 999.99
2024 283  6  8 9999.99 9999.99 9999.99 99999.9 99999.9 99999.9 999.99 9999999.   406  -319    87   -67 999.99
2024 283  6  9   -1.33    1.39   -6.79 99999.9 99999.9 99999.9 999.99 9999999.   442  -321   121   -66 999.99
2024 283  6 10   -1.33    1.38   -6.80 99999.9 99999.9 99999.9 999.99 9999999.   528  -311   217   -65 999.99
2024 283  6 11 9999.99 9999.99 9999.99 99999.9 99999.9 99999.9 999.99 9999999.   458  -291   167   -65 999.99
2024 283  6 12   -2.78    0.27   -4.63  -462.0    -9.0   -24.4   5.02  160893.   437  -301   136   -65   2.14
2024 283  6 13   -3.39    0.28   -3.24  -450.5   -14.8   -16.1   4.79  150460.   448  -340   108   -64   1.46
2024 283  6 14   -2.86    0.79   -3.07  -441.1   -26.0    -7.7   4.90  156871.   469  -367   102   -64   1.36
2024 283  6 15   -1.92    1.87   -3.06  -446.6     1.4   -36.3   5.62  235648.   455  -348   107   -63   1.37
2024 283  6 16    1.49    4.69   -2.08  -446.6     1.4   -36.3   5.62  235648.   473  -353   120   -63   0.93
2024 283  6 17   -2.04   -1.40   -6.60  -462.2    10.4   -17.5   5.14  188173.   472  -342   130   -63   3.05
2024 283  6 18   -0.22    1.52   -4.35  -462.2    10.4   -17.5   5.14  188173.   451  -316   135   -63   2.01
2024 283  6 19   -1.14   -1.13   -5.05  -472.2    -9.3   -44.3   5.26  153131.   445  -306   139   -62   2.40
2024 283  6 20    0.39    5.61   -2.18  -472.2    -9.3   -44.3   5.26  153131.   439  -288   151   -62   1.03
2024 283  6 21   -0.96    1.64   -4.47  -472.2    -9.3   -44.3   5.26  153131.   481  -345   136   -62   2.12
2024 283  6 22   -1.46    4.89   -4.04  -461.1   -17.6   -30.7   5.14  172972.   497  -357   140   -62   1.87
2024 283  6 23   -1.29    5.08   -3.89  -460.7   -15.5   -32.5   5.19  172829.   497  -352   145   -62   1.80
2024 283  6 24   -2.17    2.62   -5.35  -459.6    -9.4   -37.9   5.34  172415.   528  -385   143   -62   2.47
2024 283  6 25   -3.26    2.19   -5.10  -456.3   -18.9   -25.9   5.54  207542.   521  -378   143   -62   2.33
2024 283  6 26   -4.36    1.60   -4.22  -452.1   -13.9   -27.8   5.48  184941.   482  -336   146   -61   1.91
2024 283  6 27   -4.53    2.59   -3.77  -446.4   -17.2   -36.4   5.86  208574.   456  -315   141   -62   1.69
2024 283  6 28   -4.25    2.59   -4.58  -451.9   -18.7   -32.5   5.62  213842.   483  -351   132   -61   2.08
2024 283  6 29   -4.22    2.82   -4.00  -450.2   -14.5   -30.4   5.51  196729.   501  -379   122   -61   1.81
2024 283  6 30   -3.03    2.96   -4.26  -447.4    -9.5   -28.7   5.42  177793.   515  -402   113   -61   1.91
2024 283  6 31   -2.60    1.38   -5.63  -459.6     5.8   -44.1   5.49  160773.   512  -405   107   -61   2.60
2024 283  6 32   -1.97    5.20   -2.47  -459.6     5.8   -44.1   5.49  160773.   480  -373   107   -61   1.14
2024 283  6 33   -2.20    4.29   -0.86  -458.7     7.1   -42.7   5.78  175656.   451  -343   108   -62   0.40
2024 283  6 34   -0.78    6.00    0.39  -457.7     6.8   -44.0   6.77  218309.   442  -338   104   -62  -0.18
2024 283  6 35   -1.31    6.07    0.91  -462.9    -3.9   -57.4   6.30  176607.   419  -316   103   -62  -0.42
2024 283  6 36   -2.13    5.49    0.74 99999.9 99999.9 99999.9 999.99 9999999.   404  -295   109   -62 999.99
2024 283  6 37   -2.77    5.29    1.22 99999.9 99999.9 99999.9 999.99 9999999.   408  -288   120   -62 999.99
2024 283  6 38   -2.62    5.52   -0.76 99999.9 99999.9 99999.9 999.99 9999999.   405  -281   124   -62 999.99
2024 283  6 39   -1.80    5.61    1.11 99999.9 99999.9 99999.9 999.99 9999999.   406  -279   127   -62 999.99
2024 283  6 40   -0.28    5.99   -0.30  -464.1    -0.9   -59.4   5.77  160312.   434  -305   129   -62   0.14
2024 283  6 41    1.27    5.97    0.61  -469.5    -3.6   -55.6   5.96  161298.   472  -345   127   -61  -0.29
2024 283  6 42    2.24    5.50    1.19  -471.5    -5.4   -53.1   6.08  161647.   445  -322   123   -62  -0.56
2024 283  6 43   -1.78    4.90   -0.91  -457.8   -26.4   -38.3   5.35  188463.   425  -303   122   -62   0.42
2024 283  6 44    0.14    5.23    1.15  -469.5   -11.1   -55.9   5.72  179024.   438  -320   118   -62  -0.54
2024 283  6 45   -3.37    5.13   -2.61  -474.1    -9.6   -60.7   5.85  177731.   450  -325   125   -62   1.25
2024 283  6 46   -2.93    4.92   -2.77  -460.0   -35.7   -44.6   5.22  178975.   455  -327   128   -62   1.28
2024 283  6 47   -3.39    3.48   -3.50  -449.7   -33.0   -30.8   6.03  194493.   421  -298   123   -62   1.58
2024 283  6 48   -3.72    2.61   -4.24  -453.4   -21.1   -49.2   5.80  185533.   413  -300   113   -62   1.94
2024 283  6 49   -3.07   -0.30   -5.85  -459.8    -2.5   -78.8   5.39  170612.   426  -321   105   -62   2.73
2024 283  6 50   -3.07    1.24   -5.79  -459.6    -6.9    -7.5   5.36  193313.   424  -319   105   -62   2.66
2024 283  6 51   -2.68    0.20   -6.02  -460.1    -3.3    -8.0   5.36  191699.   426  -324   102   -62   2.77
2024 283  6 52   -3.29    1.00   -5.53  -458.1    -0.3   -15.1   5.86  191154.   424  -330    94   -61   2.53
2024 283  6 53   -3.00    1.47   -5.72  -456.2   -10.4   -23.1   5.87  217412.   420  -328    92   -61   2.62
2024 283  6 54   -2.26    2.72   -5.77  -461.2   -28.0   -27.9   5.78  235779.   422  -330    92   -60   2.67
2024 283  6 55   -2.50    2.19   -5.87  -472.8   -31.1   -17.0   5.61  203312.   466  -372    94   -60   2.78
2024 283  6 56   -3.82    2.63   -3.22  -446.6    51.8   -18.1   5.28  176222.   421  -325    96   -60   1.45
2024 283  6 57   -5.39   -2.53   -1.46  -446.6    51.8   -18.1   5.28  176222.   387  -288    99   -60   0.66
2024 283  6 58   -4.85   -2.48   -1.62  -446.6    51.8   -18.1   5.28  176222.   364  -269    95   -60   0.73
2024 283  6 59   -3.85   -1.54   -2.32  -443.5    47.5   -19.5   4.94  158597.   342  -254    88   -60   1.04
2024 283  7  0   -3.44   -3.10   -3.96  -446.5    25.1   -20.4   5.03  163115.   324  -241    83   -60   1.78
2024 283  7  1   -3.00   -2.76   -5.21  -456.2    26.2   -14.1   5.01  168817.   312  -230    82   -60   2.38
2024 283  7  2   -4.01   -1.96   -4.37  -468.2    19.6    -4.7   4.47  116527.   344  -250    94   -60   2.05
2024 283  7  3   -3.71   -0.89   -4.68  -452.2     3.8   -10.7   4.93  150352.   438  -335   103   -60   2.12
2024 283  7  4   -4.06   -0.48   -4.48  -454.6     8.4   -19.1   5.18  166720.   512  -405   107   -60   2.04
2024 283  7  5   -4.55   -2.16   -3.79  -450.9     4.7   -19.3   5.34  168653.   458  -349   109   -60   1.72
2024 283  7  6   -4.82   -2.73   -2.97  -446.1    24.1   -14.6   5.17  151258.   461  -351   110   -60   1.33
2024 283  7  7   -3.38   -2.65   -3.29  -441.2    29.8   -22.7   4.98  140451.   735  -627   108   -60   1.46
2024 283  7  8   -2.69   -2.21   -3.70  -445.0    41.8   -22.5   5.49  178183.   713  -604   109   -60   1.66
2024 283  7  9   -3.26   -2.71   -3.86  -448.4    34.1   -16.9   5.43  152621.   673  -544   129   -59   1.74
2024 283  7 10   -2.46   -2.33   -4.31  -458.1    17.2    -5.9   4.47  141608.   786  -620   166   -59   1.98
2024 283  7 11   -1.41   -1.86   -3.94  -455.4    19.3    -8.5   4.63  142573.   739  -561   178   -58   1.80
2024 283  7 12   -4.08   -2.35   -4.42  -448.5    24.9   -15.6   5.03  144164.   633  -466   167   -58   1.99
2024 283  7 13   -2.79   -2.20   -4.12  -445.8    42.7   -30.3   5.02   99431.   548  -400   148   -57   1.85
2024 283  7 14   -4.49   -2.94   -3.57  -445.8    42.7   -30.3   5.02   99431.   471  -331   140   -56   1.60
2024 283  7 15    2.59   -0.80   -5.56  -488.0    15.4   -12.8   5.00  145498.   431  -293   138   -56   2.72
2024 283  7 16    2.79   -0.67   -5.43  -488.0    15.4   -12.8   5.00  145498.   400  -256   144   -56   2.65
2024 283  7 17    2.95   -0.98   -5.42  -486.0     8.9    -9.4   5.03  154285.   395  -238   157   -57   2.63
2024 283  7 18    1.92   -1.44   -5.40  -486.0     8.9    -9.4   5.03  154290.   415  -254   161   -57   2.62
2024 283  7 19    1.59   -2.30   -5.21  -485.8     9.2    -9.2   5.03  154348.   387  -226   161   -58   2.53
2024 283  7 20    1.08   -1.93   -5.47  -478.3    19.0    -1.7   4.93  156190.   489  -332   157   -58   2.62
2024 283  7 21    1.22   -2.93   -4.86  -478.3    19.0    -1.7   4.93  156190.   397  -254   143   -57   2.33
2024 283  7 22    0.81   -1.73   -5.56 99999.9 99999.9 99999.9 999.99 9999999.   523  -396   127   -57 999.99
2024 283  7 23    1.12   -0.83   -5.71 99999.9 99999.9 99999.9 999.99 9999999.   484  -360   124   -57 999.99
2024 283  7 24    1.12   -0.84   -5.71 99999.9 99999.9 99999.9 999.99 9999999.   457  -331   126   -56 999.99
2024 283  7 25 9999.99 9999.99 9999.99 99999.9 99999.9 99999.9 999.99 9999999.   361  -220   141   -56 999.99
2024 283  7 26 9999.99 9999.99 9999.99 99999.9 99999.9 99999.9 999.99 9999999.   359  -209   150   -56 999.99
2024 283  7 27    3.07   -0.53   -5.10 99999.9 99999.9 99999.9 999.99 9999999.   364  -214   150   -56 999.99
2024 283  7 28 9999.99 9999.99 9999.99 99999.9 99999.9 99999.9 999.99 9999999.   359  -220   139   -56 999.99
2024 283  7 29   -2.04    0.17   -4.90 99999.9 99999.9 99999.9 999.99 9999999.   343  -216   127   -56 999.99
2024 283  7 30   -0.82   -1.25   -5.32  -453.3    18.9   -10.5   4.14  143959.   340  -220   120   -56   2.41
2024 283  7 31   -2.28   -0.64   -4.96  -453.3    18.9   -10.5   4.14  143959.   359  -230   129   -56   2.25
2024 283  7 32   -3.03   -2.61   -4.95  -453.3    18.9   -10.5   4.14  143959.   366  -226   140   -56   2.25
2024 283  7 33    0.88    0.40   -5.87 99999.9 99999.9 99999.9 999.99 9999999.   362  -224   138   -57 999.99
2024 283  7 34   -2.57   -0.55   -4.85 99999.9 99999.9 99999.9 999.99 9999999.   376  -244   132   -57 999.99
2024 283  7 35   -3.14   -2.94   -4.70 99999.9 99999.9 99999.9 999.99 9999999.   365  -238   127   -57 999.99
2024 283  7 36   -0.23    0.59   -5.60  -475.7    -0.2   -11.4   4.82  144254.   364  -232   132   -56   2.67
2024 283  7 37    0.32    0.38   -3.98  -475.7    -0.2   -11.4   4.82  144254.   363  -217   146   -56   1.89
2024 283  7 38   -0.81    1.63   -4.99 99999.9 99999.9 99999.9 999.99 9999999.   356  -205   151   -56 999.99
2024 283  7 39    1.72    1.55   -4.68 99999.9 99999.9 99999.9 999.99 9999999.   360  -205   155   -55 999.99
2024 283  7 40    0.06   -0.31   -5.13 99999.9 99999.9 99999.9 999.99 9999999.   375  -215   160   -55 999.99
2024 283  7 41    1.11    1.55   -4.61  -473.0   -29.2   -16.3   6.35  224162.   377  -219   158   -55   2.19
2024 283  7 42   -0.01    1.87   -4.85  -473.0   -29.2   -16.3   6.35  224162.   382  -215   167   -55   2.30
2024 283  7 43   -1.66   -0.13   -4.61  -453.2     6.7   -14.3   4.25   82487.   389  -210   179   -55   2.09
2024 283  7 44   -2.70   -1.97   -4.45  -452.8     7.5   -14.3   4.20   79282.   400  -223   177   -55   2.02
2024 283  7 45   -0.74   -0.74   -5.08 99999.9 99999.9 99999.9 999.99 9999999.   398  -226   172   -55 999.99
2024 283  7 46    0.89    0.68   -5.27 99999.9 99999.9 99999.9 999.99 9999999.   386  -221   165   -55 999.99
2024 283  7 47   -2.13   -1.61   -4.82 99999.9 99999.9 99999.9 999.99 9999999.   394  -228   166   -56 999.99
2024 283  7 48   -2.09   -1.47   -4.50 99999.9 99999.9 99999.9 999.99 9999999.   405  -230   175   -56 999.99
2024 283  7 49   -3.38   -1.74   -4.30  -469.9    -1.4    -8.5   5.35  173684.   420  -237   183   -57   2.02
2024 283  7 50   -1.69   -1.14   -5.02  -465.3     2.2    -9.2   5.19  171309.   417  -234   183   -58   2.34
2024 283  7 51    0.58    0.04   -5.92  -457.3    11.5    -9.8   4.66  160140.   485  -300   185   -58   2.71
2024 283  7 52   -0.35   -0.60   -5.32  -473.3     3.7    -6.4   4.80  157820.   458  -276   182   -58   2.52
2024 283  7 53   -0.60   -0.45   -5.48  -468.9     3.8   -12.5   4.32  123878.   409  -226   183   -58   2.57
2024 283  7 54   -1.32   -0.68   -5.28  -468.9     3.8   -12.5   4.32  123878.   411  -224   187   -58   2.48
2024 283  7 55   -0.38   -0.34   -5.33  -470.3     0.2   -10.6   4.46  141840.   414  -230   184   -58   2.51
2024 283  7 56   -0.06    0.04   -5.25  -470.7    -0.8   -10.1   4.50  146866.   423  -235   188   -58   2.47
2024 283  7 57    0.17    2.10   -4.33  -470.7    -0.8   -10.1   4.50  146866.   445  -241   204   -59   2.04
2024 283  7 58   -1.48    4.42   -3.19  -466.6     0.6   -37.8   4.78  128798.   446  -240   206   -59   1.49
2024 283  7 59   -1.95    4.28   -3.17  -466.6     0.6   -37.8   4.78  128798.   436  -238   198   -59   1.48
2024 283  8  0   -2.94    3.36   -3.54  -466.6     0.6   -37.8   4.78  128798.   430  -230   200   -59   1.66
2024 283  8  1   -2.91    2.60   -4.04 99999.9 99999.9 99999.9 999.99 9999999.   411  -223   188   -59 999.99
2024 283  8  2   -3.39    1.64   -4.19  -449.8    -2.8   -21.4   5.03  119106.   397  -221   176   -59   1.89
2024 283  8  3   -3.35    1.44   -4.24  -449.8    -2.8   -21.4   5.03  119106.   391  -212   179   -59   1.91
2024 283  8  4   -3.63    1.04   -4.20  -449.8    -2.8   -21.4   5.03  119106.   389  -213   176   -59   1.89
2024 283  8  5   -3.74    1.13   -4.16 99999.9 99999.9 99999.9 999.99 9999999.   387  -215   172   -59 999.99
2024 283  8  6   -3.33    1.03   -4.42 99999.9 99999.9 99999.9 999.99 9999999.   396  -212   184   -59 999.99
2024 283  8  7   -3.80   -1.05   -3.84  -444.5    21.1   -15.4   4.88  150827.   393  -206   187   -59   1.71
2024 283  8  8   -3.13   -2.95   -4.14  -444.5    21.1   -15.4   4.88  150827.   399  -198   201   -58   1.84
2024 283  8  9   -3.41   -1.66   -4.46  -444.5    21.1   -15.4   4.88  150827.   404  -189   215   -59   1.99
2024 283  8 10   -3.80   -0.94   -4.28 99999.9 99999.9 99999.9 999.99 9999999.   402  -185   217   -59 999.99
2024 283  8 11   -3.93   -1.58   -3.84 99999.9 99999.9 99999.9 999.99 9999999.   405  -192   213   -59 999.99
2024 283  8 12   -4.01   -0.80   -3.91  -444.7    26.6    -7.5   4.91  123823.   410  -197   213   -59   1.74
2024 283  8 13   -4.07   -0.38   -3.90  -444.7    26.6    -7.5   4.91  123823.   422  -200   222   -59   1.74
2024 283  8 14   -3.92   -0.04   -4.11 99999.9 99999.9 99999.9 999.99 9999999.   414  -196   218   -60 999.99
2024 283  8 15   -4.05    0.82   -3.83 99999.9 99999.9 99999.9 999.99 9999999.   394  -195   199   -60 999.99
2024 283  8 16   -3.38    2.28   -3.54  -452.0   -12.6   -26.5   5.28  144512.   369  -191   178   -60   1.60
2024 283  8 17   -3.25    2.71   -3.45  -446.6    -5.3   -23.8   5.14  134412.   350  -181   169   -60   1.54
2024 283  8 18   -3.30    2.73   -3.58  -441.5     1.8   -21.3   5.02  124520.   342  -171   171   -60   1.58
2024 283  8 19   -4.16    1.36   -3.48  -452.9   -11.7   -32.0   4.80  124371.   331  -161   170   -60   1.58
2024 283  8 20   -3.48    2.29   -3.73  -452.9   -11.7   -32.0   4.80  124371.   323  -155   168   -59   1.69
2024 283  8 21   -4.03    0.55   -3.96 99999.9 99999.9 99999.9 999.99 9999999.   313  -153   160   -59 999.99
2024 283  8 22   -3.96    0.96   -3.84 99999.9 99999.9 99999.9 999.99 9999999.   315  -157   158   -59 999.99
2024 283  8 23   -4.61   -0.08   -3.41 99999.9 99999.9 99999.9 999.99 9999999.   316  -156   160   -58 999.99
2024 283  8 24   -4.61    0.43   -3.30  -443.4     7.6   -21.4   5.09  149320.   356  -188   168   -59   1.47
2024 283  8 25   -5.08    1.08   -2.55  -443.4     7.6   -21.4   5.09  149320.   443  -272   171   -59   1.13
2024 283  8 26   -5.09    1.51   -1.92  -441.0     2.1   -39.8   5.07  125250.   404  -226   178   -58   0.85
2024 283  8 27   -4.85    1.59   -2.21  -441.1     1.3   -39.3   5.10  129363.   405  -212   193   -58   0.98
2024 283  8 28   -4.01    2.19   -2.69  -446.3    -7.7   -34.1   5.11  143514.   471  -273   198   -58   1.20
2024 283  8 29   -3.78    2.03   -3.26  -456.8   -21.6   -26.5   5.01  150706.   629  -443   186   -59   1.49
2024 283  8 30   -3.95    1.71   -3.00  -449.1    -4.7   -34.8   5.08  134717.   678  -498   180   -58   1.35
2024 283  8 31   -4.05    0.55   -2.94  -449.3    -5.1   -34.9   5.07  134732.   588  -399   189   -58   1.33
2024 283  8 32   -3.49    0.79   -3.28  -440.9     6.3   -31.1   4.55   92258.   566  -376   190   -58   1.45
2024 283  8 33   -3.69    2.10   -2.81  -450.0    -6.0   -42.2   4.69  106392.   525  -334   191   -57   1.27
2024 283  8 34   -3.22   -0.38   -3.50  -458.2    -4.9   -25.2   4.98  134285.   514  -327   187   -57   1.61
2024 283  8 35   -4.28   -0.13   -2.43  -446.7     7.5   -30.0   4.91  122800.   481  -269   212   -57   1.09
2024 283  8 36   -4.08   -0.58   -2.98  -437.0    14.0   -41.2   4.78  107180.   528  -311   217   -57   1.31
2024 283  8 37   -4.43    1.59   -2.80  -451.7    -1.5   -21.8   5.75  180558.   789  -590   199   -56   1.27
2024 283  8 38   -3.51    1.40   -3.97  -451.7    -1.5   -21.8   5.75  180558.   867  -659   208   -56   1.80
2024 283  8 39   -2.14   -1.78   -4.73 99999.9 99999.9 99999.9 999.99 9999999.   817  -583   234   -55 999.99
2024 283  8 40   -3.12    2.25   -3.72  -460.0    11.5   -14.2   4.41  109073.   690  -429   261   -54   1.71
2024 283  8 41   -4.12    2.17   -1.49  -460.0    11.5   -14.2   4.41  109073.   621  -356   265   -54   0.69
2024 283  8 42   -4.99    1.99   -0.62 99999.9 99999.9 99999.9 999.99 9999999.   604  -346   258   -54 999.99
2024 283  8 43   -4.21    3.48   -0.95 99999.9 99999.9 99999.9 999.99 9999999.   601  -344   257   -53 999.99
2024 283  8 44   -3.87    3.58   -1.71 99999.9 99999.9 99999.9 999.99 9999999.   622  -360   262   -53 999.99
2024 283  8 45   -3.71    3.04   -2.59 99999.9 99999.9 99999.9 999.99 9999999.   657  -378   279   -53 999.99
2024 283  8 46   -3.90    1.56   -3.27  -454.9   -24.9   -38.1   5.15  143782.   686  -384   302   -52   1.49
2024 283  8 47   -3.62    1.41   -3.92  -454.9   -23.8   -36.3   5.14  141373.   710  -401   309   -52   1.79
2024 283  8 48   -4.37   -0.86   -2.82  -454.7   -11.5   -15.1   5.04  113588.   734  -420   314   -52   1.28
2024 283  8 49   -4.41   -0.97   -2.76  -448.3     5.4   -13.3   5.02  114442.   725  -426   299   -51   1.24
2024 283  8 50   -4.82   -1.11   -2.64  -443.1    20.1   -14.5   4.90  113116.   713  -426   287   -51   1.17
2024 283  8 51   -4.43   -1.34   -2.74  -447.6    15.7   -16.4   4.79  118304.   711  -427   284   -51   1.23
2024 283  8 52   -4.92   -1.78   -2.26  -442.9    24.0   -26.6   5.02  125850.   708  -413   295   -52   1.00
2024 283  8 53   -4.75   -1.03   -2.68  -442.3    24.9   -24.1   4.77  109899.   702  -395   307   -51   1.19
2024 283  8 54   -5.05   -1.32   -2.58  -442.6    24.9   -20.5   4.56   98014.   696  -395   301   -52   1.14
2024 283  8 55   -5.04   -1.53   -2.23 99999.9 99999.9 99999.9 999.99 9999999.   699  -393   306   -51 999.99
2024 283  8 56   -4.52   -0.65   -2.60 99999.9 99999.9 99999.9 999.99 9999999.   683  -370   313   -51 999.99
2024 283  8 57   -5.05   -2.78   -1.78  -443.9    42.7   -22.7   4.72  120509.   705  -370   335   -51   0.80
2024 283  8 58   -4.83   -0.93   -2.85  -446.2    26.0   -21.1   4.89  129362.   714  -380   334   -51   1.28
2024 283  8 59   -5.11   -1.35   -2.76  -447.3     5.3   -19.1   4.35   84520.   706  -400   306   -51   1.24
2024 283  9  0   -4.91    0.19   -3.36  -450.2     4.0   -38.7   4.65  105343.   691  -420   271   -52   1.52
2024 283  9  1   -5.28   -0.13   -3.27  -449.0     4.0   -42.2   4.74  110127.   682  -425   257   -51   1.48
2024 283  9  2   -5.36   -0.53   -3.10  -441.7     6.3   -17.3   4.46   85669.   675  -413   262   -51   1.37
2024 283  9  3   -5.39   -0.22   -3.15 99999.9 99999.9 99999.9 999.99 9999999.   666  -400   266   -51 999.99
2024 283  9  4   -5.12    0.25   -3.51  -442.4     1.5   -18.2   4.53   87664.   683  -397   286   -51   1.55
2024 283  9  5   -3.88    2.90   -3.75  -443.3    -3.9   -22.3   4.49   85280.   705  -411   294   -51   1.67
2024 283  9  6   -2.86    4.21   -3.63 99999.9 99999.9 99999.9 999.99 9999999.   728  -431   297   -51 999.99
2024 283  9  7   -3.12    3.50   -4.02  -454.6   -20.3   -25.1   4.54   80601.   711  -417   294   -51   1.83
2024 283  9  8   -3.46    3.16   -3.99  -455.3   -21.1   -27.1   4.60   85052.   721  -431   290   -51   1.82
2024 283  9  9   -4.59    1.72   -3.88  -458.3   -24.1   -35.1   4.82  102874.   731  -434   297   -51   1.79
2024 283  9 10   -3.74    2.15   -4.08  -451.6    -6.2   -21.9   4.61   95389.   723  -414   309   -51   1.84
2024 283  9 11   -4.01    2.71   -3.82  -455.6    -9.2   -22.9   4.65  100776.   715  -398   317   -51   1.74
2024 283  9 12   -2.50    3.97   -3.82  -450.8   -14.1   -27.4   4.90  114370.   722  -394   328   -51   1.73
2024 283  9 13   -3.39    3.31   -4.04  -462.8   -19.0   -32.3   3.55   76111.   724  -398   326   -50   1.88
2024 283  9 14   -1.55    5.53   -2.11  -462.9   -19.0   -32.3   3.54   75816.   748  -416   332   -50   0.98
2024 283  9 15   -1.84    5.02   -3.00  -458.7   -18.9   -34.5   4.41   89164.   749  -411   338   -50   1.38
2024 283  9 16   -1.93    4.21   -3.85  -458.7   -18.9   -34.5   4.41   89164.   743  -407   336   -50   1.77
2024 283  9 17   -3.27    3.99   -3.24  -458.7   -18.9   -34.5   4.41   89164.   741  -407   334   -50   1.49
2024 283  9 18   -3.51    2.67   -4.02  -444.5    -3.0   -17.0   4.48  100809.   724  -392   332   -50   1.79
2024 283  9 19   -2.66    3.44   -2.92  -444.5    -3.0   -17.0   4.48  100809.   736  -402   334   -50   1.30
2024 283  9 20   -0.39    4.95   -0.32  -453.1     3.1   -32.6   4.57  101154.   729  -392   337   -50   0.15
2024 283  9 21   -2.29    3.66   -2.16  -454.4     4.0   -34.9   4.58  101205.   716  -370   346   -50   0.98
2024 283  9 22   -2.99    3.44   -3.12  -435.0   -27.1   -20.9   4.14  107639.   713  -362   351   -51   1.36
2024 283  9 23   -3.07    3.55   -2.88  -435.0   -27.1   -20.9   4.14  107639.   691  -336   355   -51   1.26
2024 283  9 24   -3.41    2.33   -3.75  -429.2   -18.5     0.1   4.71  151904.   672  -313   359   -50   1.61
2024 283  9 25   -3.52    2.17   -4.01  -428.6   -17.7     2.1   4.77  156067.   648  -293   355   -50   1.72
2024 283  9 26   -2.76    3.66   -2.69  -428.6   -17.7     2.1   4.77  156067.   615  -276   339   -50   1.15
2024 283  9 27   -1.34    5.59   -1.14 99999.9 99999.9 99999.9 999.99 9999999.   586  -274   312   -50 999.99
2024 283  9 28   -0.03    5.37   -1.82 99999.9 99999.9 99999.9 999.99 9999999.   582  -282   300   -51 999.99
2024 283  9 29   -3.34    4.87   -0.27 99999.9 99999.9 99999.9 999.99 9999999.   597  -294   303   -50 999.99
2024 283  9 30   -1.09    5.67    0.33 99999.9 99999.9 99999.9 999.99 9999999.   627  -288   339   -51 999.99
2024 283  9 31   -1.68    5.71    1.37  -448.6    -6.8   -73.2   4.48  110051.   633  -297   336   -51  -0.62
2024 283  9 32   -1.78    5.79    0.80  -448.6    -6.8   -73.2   4.48  110051.   661  -312   349   -52  -0.36
2024 283  9 33   -0.67    5.95    1.08 99999.9 99999.9 99999.9 999.99 9999999.   662  -306   356   -52 999.99
2024 283  9 34   -1.87    5.82    0.61  -451.2    -6.4   -53.7   4.56   97965.   673  -311   362   -52  -0.28
2024 283  9 35   -2.93    5.47   -0.20  -451.2    -6.4   -53.7   4.56   97965.   677  -319   358   -52   0.09
2024 283  9 36   -3.45    4.88   -1.07 99999.9 99999.9 99999.9 999.99 9999999.   663  -318   345   -53 999.99
2024 283  9 37   -1.97    5.68    0.37 99999.9 99999.9 99999.9 999.99 9999999.   631  -305   326   -53 999.99
2024 283  9 38   -1.71    5.79   -0.21  -449.1   -11.8   -48.0   4.83  105405.   607  -291   316   -54   0.09
2024 283  9 39 9999.99 9999.99 9999.99  -449.1   -11.8   -48.0   4.83  105405.   619  -300   319   -54 999.99
2024 283  9 40   -1.53    5.74   -0.73 99999.9 99999.9 99999.9 999.99 9999999.   628  -305   323   -54 999.99
2024 283  9 41   -5.51    0.36   -3.03 99999.9 99999.9 99999.9 999.99 9999999.   617  -292   325   -54 999.99
2024 283  9 42   -3.60    3.35   -1.89 99999.9 99999.9 99999.9 999.99 9999999.   596  -265   331   -55 999.99
2024 283  9 43   -5.50    0.34   -3.02 99999.9 99999.9 99999.9 999.99 9999999.   570  -255   315   -55 999.99
2024 283  9 44   -3.94    3.02   -2.02  -429.2     2.3    -9.1   4.67   66076.   546  -266   280   -55   0.87
2024 283  9 45   -4.66    2.26   -3.18  -430.7    -2.7   -11.1   4.56   77452.   536  -276   260   -55   1.37
2024 283  9 46   -4.60    1.91   -2.87  -432.5    -8.8   -13.5   4.42   91296.   534  -278   256   -55   1.24
2024 283  9 47   -4.97    2.05   -1.38  -434.3    -7.9    -3.1   4.46   90003.   522  -273   249   -55   0.60
2024 283  9 48   -4.46    2.44   -0.74  -434.3    -7.9    -3.1   4.46   90003.   511  -272   239   -55   0.32
2024 283  9 49   -5.41    0.58   -1.67 99999.9 99999.9 99999.9 999.99 9999999.   499  -272   227   -54 999.99
2024 283  9 50   -5.24    0.59   -2.80  -427.2     8.5    -9.4   4.22   81620.   499  -270   229   -54   1.20
2024 283  9 51   -4.76    1.89   -0.80  -427.5     8.1   -13.2   4.23   81952.   486  -267   219   -54   0.34
2024 283  9 52   -4.93    1.70   -1.78  -431.3     2.4   -66.8   4.30   86582.   535  -322   213   -54   0.78
2024 283  9 53   -5.16   -1.43   -2.83  -424.5    15.1    -6.2   4.38  119256.   505  -297   208   -54   1.21
2024 283  9 54   -4.84   -1.97   -2.91  -424.4    22.2     2.4   4.20  117547.   496  -297   199   -54   1.24
2024 283  9 55   -4.51   -2.23   -2.90  -425.4    18.8     3.5   3.97   95826.   467  -268   199   -54   1.24
2024 283  9 56   -4.28    0.21   -2.80  -428.4    21.0    -6.2   4.49  117062.   494  -291   203   -54   1.20
2024 283  9 57   -3.83    1.89   -3.08  -427.8    15.9    -9.2   4.36   95179.   474  -271   203   -53   1.32
2024 283  9 58   -3.73    2.89   -3.03  -432.8    16.9    -6.3   4.41   77158.   497  -305   192   -53   1.32
2024 283  9 59   -2.90    2.81   -2.80  -451.9   -28.5   -27.0   4.36   77033.   463  -282   181   -54   1.27
2024 283 10  0   -2.46    3.14   -3.20  -447.0   -30.0   -28.5   4.43   93062.   434  -265   169   -53   1.44
2024 283 10  1   -2.83    2.19   -2.81  -447.0   -30.0   -28.5   4.43   93062.   472  -265   207   -53   1.26
2024 283 10  2   -1.46    5.31   -2.84 99999.9 99999.9 99999.9 999.99 9999999.   526  -257   269   -52 999.99
2024 283 10  3   -1.68    4.34   -2.56  -430.2    19.9    -7.5   3.99   80032.   540  -253   287   -51   1.10
2024 283 10  4   -2.68    1.64   -2.62  -451.4   -23.5   -25.6   4.44   83672.   499  -253   246   -51   1.19
2024 283 10  5   -0.23    5.09   -3.63  -451.3   -31.2   -31.6   4.69   81479.   459  -252   207   -50   1.65
2024 283 10  6   -0.36    5.30   -3.36  -455.1   -26.0   -23.4   4.28   72974.   442  -265   177   -48   1.53
2024 283 10  7   -1.01    5.30   -3.45  -455.5   -18.0   -23.7   4.34   78225.   442  -286   156   -48   1.58
2024 283 10  8   -0.73    5.43   -3.41  -455.1   -30.8   -30.8   4.07   67977.   426  -298   128   -48   1.56
2024 283 10  9   -0.76    5.79   -2.64  -455.1   -30.8   -30.8   4.07   67977.   505  -311   194   -48   1.21
2024 283 10 10   -0.16    6.12   -1.82  -456.7   -32.0   -34.6   4.43   84408.   530  -315   215   -48   0.84
2024 283 10 11   -0.95    4.88   -3.86  -455.5   -33.1   -26.7   4.36   81181.   528  -313   215   -47   1.77
2024 283 10 12   -0.72    5.36   -3.07  -454.4   -31.2   -28.7   4.10   72908.   554  -312   242   -47   1.40
2024 283 10 13   -1.81    4.75   -3.80  -455.3   -26.7   -46.1   3.91   68872.   592  -314   278   -47   1.74
2024 283 10 14   -1.88    4.66   -3.86  -443.0   -26.0   -21.8   4.37   98746.   582  -315   267   -47   1.71
2024 283 10 15   -1.64    5.08   -2.85  -444.6   -25.4   -23.2   4.37   94377.   584  -318   266   -46   1.27
2024 283 10 16   -1.62    3.25   -4.54  -449.6   -23.4   -27.6   4.38   80380.   595  -319   276   -46   2.05
2024 283 10 17   -0.94    5.50   -2.58  -450.7   -17.1   -23.9   4.70   93264.   610  -317   293   -46   1.17
2024 283 10 18   -1.83    4.86   -2.85  -448.9   -20.0   -17.2   4.42   86244.   606  -316   290   -46   1.29
2024 283 10 19   -1.69    3.72   -3.61  -445.2   -34.1   -19.9   4.01   74550.   594  -303   291   -46   1.62
2024 283 10 20   -1.81    3.77   -3.75  -441.7   -27.6   -29.1   4.73   95305.   574  -282   292   -46   1.66
2024 283 10 21   -2.29    4.42   -3.04  -441.7   -27.6   -29.1   4.73   95305.   579  -264   315   -47   1.35
2024 283 10 22   -1.45    4.82   -2.25 99999.9 99999.9 99999.9 999.99 9999999.   552  -254   298   -46 999.99
2024 283 10 23   -3.00    3.09   -4.40  -433.2   -48.4    -7.8   4.03   79019.   541  -259   282   -47   1.92
2024 283 10 24   -3.00    1.02   -5.25  -433.4   -43.0    -7.5   4.09   81103.   529  -259   270   -46   2.29
2024 283 10 25   -2.03    2.59   -5.22  -452.4   -11.9    16.1   4.00   85190.   509  -258   251   -46   2.37
2024 283 10 26   -2.21    2.54   -5.33  -443.5   -29.2    -0.5   4.04   88691.   491  -245   246   -46   2.37
2024 283 10 27   -1.99    2.42   -5.47  -442.4   -31.2    -2.4   4.04   89025.   490  -228   262   -47   2.43
2024 283 10 28   -1.12    0.78   -5.71 99999.9 99999.9 99999.9 999.99 9999999.   485  -223   262   -47 999.99
2024 283 10 29   -1.15    0.99   -6.03  -440.1   -26.8     8.8   4.19   89350.   468  -219   249   -48   2.66
2024 283 10 30   -1.67    1.33   -5.85  -447.9   -22.5    11.1   4.22   94380.   463  -222   241   -48   2.62
2024 283 10 31   -1.98    1.11   -5.78  -450.5   -21.0    11.9   4.24   96095.   472  -237   235   -48   2.61
2024 283 10 32   -1.67    1.39   -5.87 99999.9 99999.9 99999.9 999.99 9999999.   476  -235   241   -49 999.99
2024 283 10 33   -1.88    1.08   -5.79  -443.4   -15.0    11.6   3.98   76288.   493  -235   258   -49   2.57
2024 283 10 34   -2.07    0.26   -5.71  -443.4   -15.0    11.6   3.98   76288.   503  -245   258   -49   2.53
2024 283 10 35   -0.36    2.73   -5.53  -443.4   -15.0    11.6   3.98   76288.   507  -253   254   -49   2.45
2024 283 10 36    0.56    2.05   -5.82  -455.2   -32.4     6.0   4.54  106392.   512  -262   250   -50   2.66
2024 283 10 37    0.62    1.04   -6.11  -458.0   -30.3     4.3   4.10   87768.   497  -247   250   -50   2.81
2024 283 10 38    0.49    0.15   -6.02  -456.1   -25.9    12.9   4.67   88559.   484  -242   242   -50   2.75
2024 283 10 39    0.61   -0.09   -6.40  -460.4   -16.6    18.9   4.10   86108.   472  -240   232   -50   2.95
2024 283 10 40    0.21    0.77   -5.97  -462.2   -12.3    19.0   4.08   90451.   481  -257   224   -50   2.76
2024 283 10 41   -0.38    0.98   -6.17  -462.4    -9.7    17.1   4.19   95629.   513  -285   228   -50   2.86
2024 283 10 42   -0.29    1.03   -5.92  -462.9    -6.0    14.6   4.30  101998.   553  -314   239   -50   2.74
2024 283 10 43    0.02   -0.46   -6.27 99999.9 99999.9 99999.9 999.99 9999999.   562  -333   229   -50 999.99
2024 283 10 44    0.42   -1.11   -6.06  -458.7    -4.0    20.7   3.86   77165.   557  -341   216   -49   2.78
2024 283 10 45    0.11   -0.45   -6.29  -458.8    -4.3    20.7   3.87   77621.   566  -354   212   -49   2.89
2024 283 10 46    0.46   -0.49   -6.16 99999.9 99999.9 99999.9 999.99 9999999.   581  -368   213   -50 999.99
2024 283 10 47 9999.99 9999.99 9999.99 99999.9 99999.9 99999.9 999.99 9999999.   586  -388   198   -49 999.99
2024 283 10 48    0.99   -2.59   -5.46  -466.5     7.7    27.9   4.03   90798.   582  -389   193   -50   2.55
2024 283 10 49    1.15   -3.22   -5.19  -466.5     7.7    27.9   4.03   90798.   596  -391   205   -50   2.43
2024 283 10 50    0.59   -2.81   -5.32  -465.6     7.4    23.2   3.99   87059.   581  -367   214   -50   2.48
2024 283 10 51    0.86   -3.47   -4.90  -463.9     6.0    12.0   3.99   74894.   582  -360   222   -50   2.27
2024 283 10 52    1.13   -3.62   -4.76  -468.5    -1.5    12.7   5.07   39226.   579  -349   230   -50   2.23
2024 283 10 53    1.16   -3.70   -4.63  -468.8    -2.0    12.8   5.15   36731.   592  -357   235   -50   2.17
2024 283 10 54    0.58   -3.14   -4.85 99999.9 99999.9 99999.9 999.99 9999999.   604  -376   228   -50 999.99
2024 283 10 55   -2.91    3.08   -4.30  -450.5     3.6     5.2   4.43   54897.   635  -408   227   -51   1.94
2024 283 10 56   -2.06    1.86   -5.39  -444.6   -19.8    -0.6   4.36   87018.   633  -402   231   -50   2.40
2024 283 10 57   -1.45    1.92   -5.72  -446.5   -26.0     2.6   4.39   97285.   617  -386   231   -51   2.56
2024 283 10 58   -1.77    2.49   -5.38  -443.0   -20.2     8.6   3.91   83812.   618  -382   236   -51   2.39
2024 283 10 59   -1.81    3.28   -4.86  -442.3   -23.4     4.7   3.71   78646.   638  -397   241   -51   2.15
2024 283 11  0   -1.66    3.12   -5.11  -444.0   -33.7    -5.2   3.58   66197.   654  -408   246   -52   2.28
2024 283 11  1   -0.26    3.99   -4.80  -448.5   -35.0    -3.4   4.14   69580.   662  -421   241   -52   2.16
2024 283 11  2   -0.60    3.98   -4.82 99999.9 99999.9 99999.9 999.99 9999999.   684  -443   241   -53 999.99
2024 283 11  3   -0.94    4.30   -4.35  -443.7   -38.2    -6.4   4.23   87040.   704  -470   234   -54   1.94
2024 283 11  4   -0.28    4.47   -4.27  -455.9   -41.2   -14.2   3.94   79631.   710  -484   226   -54   1.96
2024 283 11  5    0.59    4.63   -4.01  -465.9   -39.0   -18.8   4.02   85686.   681  -468   213   -54   1.88
2024 283 11  6    0.52    4.67   -3.85  -470.0   -36.7   -19.8   4.07   87581.   642  -440   202   -54   1.82
2024 283 11  7   -2.85    0.16   -4.60  -459.4   -25.1    -6.2   3.71   70238.   629  -437   192   -54   2.12
2024 283 11  8   -3.25    0.68   -4.74  -432.6     4.0    24.9   3.94   87052.   653  -459   194   -55   2.06
2024 283 11  9   -3.68   -0.71   -4.03  -439.7   -31.8     1.4   4.19   98209.   680  -483   197   -55   1.78
2024 283 11 10   -3.79   -4.59   -1.47  -439.7   -31.8     1.4   4.19   98209.   688  -495   193   -55   0.65
2024 283 11 11   -4.26   -3.98   -0.70  -426.8    39.5     0.5   4.13   73485.   674  -486   188   -55   0.30
2024 283 11 12   -4.39   -3.99   -0.45  -428.3    41.2    -2.3   4.38   85467.   645  -465   180   -55   0.19
2024 283 11 13   -4.87   -3.27   -1.45  -423.6    25.4     6.4   4.68   99398.   637  -460   177   -55   0.62
2024 283 11 14   -4.90   -3.50   -1.16  -423.5    25.0    -2.5   4.63   98858.   656  -473   183   -56   0.49
2024 283 11 15   -4.13   -4.52   -0.29  -425.5    26.9    -5.7   4.55  103714.   670  -482   188   -56   0.12
2024 283 11 16   -4.64   -3.85   -0.53  -424.2    23.8     0.5   4.28  109381.   662  -474   188   -56   0.23
2024 283 11 17   -4.61   -2.99   -2.36  -424.2    23.8     0.5   4.28  109381.   656  -468   188   -57   1.00
2024 283 11 18   -1.08    1.13   -5.60  -439.4     0.5     5.7   4.59  107377.   614  -433   181   -57   2.47
2024 283 11 19   -0.89    1.85   -5.56  -460.8   -32.3    13.0   5.03  104548.   579  -406   173   -57   2.57
2024 283 11 20   -1.40    0.45   -5.85  -448.8   -11.8    13.8   3.86   77456.   548  -375   173   -57   2.63
2024 283 11 21   -3.00   -2.10   -3.99  -447.6    -9.7    13.9   3.75   74707.   531  -359   172   -57   1.79
2024 283 11 22   -4.11   -2.68   -0.70  -432.5    23.9   -20.7   4.82  123425.   535  -358   177   -57   0.30
2024 283 11 23   -3.72   -2.81    0.18  -432.5    31.1   -28.1   5.14  105057.   554  -364   190   -57  -0.08
2024 283 11 24   -4.06   -1.82   -0.41  -433.0    44.1    -7.6   4.91   80422.   556  -359   197   -57   0.18
2024 283 11 25   -3.41   -3.75   -1.48  -434.2    38.7     3.5   4.45   84131.   573  -374   199   -56   0.65
2024 283 11 26   -3.01   -3.70   -2.80  -429.9    22.9    11.4   4.19   92263.   590  -399   191   -56   1.21
2024 283 11 27   -3.35   -3.84   -2.89  -429.6    26.8     5.4   4.13   71337.   603  -417   186   -56   1.24
2024 283 11 28   -3.60   -2.78   -4.00  -431.1    19.7    20.8   4.11   85806.   588  -422   166   -56   1.73
2024 283 11 29   -2.75   -3.90   -3.68  -431.1    19.7    20.8   4.11   85806.   583  -431   152   -56   1.59
2024 283 11 30   -3.13   -3.64   -3.77 99999.9 99999.9 99999.9 999.99 9999999.   589  -435   154   -55 999.99
2024 283 11 31   -3.08   -3.42   -3.91  -432.8    25.7    41.1   4.61  125636.   558  -406   152   -55   1.70
2024 283 11 32   -3.22   -2.91   -4.01  -432.8    25.7    41.1   4.61  125636.   539  -387   152   -55   1.75
2024 283 11 33   -3.25   -2.87   -4.15 99999.9 99999.9 99999.9 999.99 9999999.   528  -372   156   -55 999.99
2024 283 11 34   -3.70   -2.77   -3.92  -431.0    15.6    11.2   4.23  114850.   525  -363   162   -54   1.69
2024 283 11 35   -3.12   -3.11   -4.17  -431.0    15.6    11.2   4.23  114850.   542  -376   166   -54   1.80
2024 283 11 36   -2.89   -3.28   -4.10  -435.3    13.9    14.0   4.07  113800.   542  -376   166   -53   1.79
2024 283 11 37   -3.43   -3.07   -3.70  -435.9    13.7    14.4   4.04  113641.   548  -381   167   -54   1.61
2024 283 11 38   -3.24   -3.15   -4.06  -435.9    13.7    14.4   4.04  113641.   542  -374   168   -54   1.77
2024 283 11 39   -3.24   -3.15   -4.06 99999.9 99999.9 99999.9 999.99 9999999.   534  -366   168   -53 999.99
2024 283 11 40   -3.46   -3.16   -3.81 99999.9 99999.9 99999.9 999.99 9999999.   502  -348   154   -53 999.99
2024 283 11 41 9999.99 9999.99 9999.99 99999.9 99999.9 99999.9 999.99 9999999.   465  -322   143   -53 999.99
2024 283 11 42   -3.28   -3.16   -4.18 99999.9 99999.9 99999.9 999.99 9999999.   442  -311   131   -52 999.99
2024 283 11 43 9999.99 9999.99 9999.99 99999.9 99999.9 99999.9 999.99 9999999.   432  -299   133   -53 999.99
2024 283 11 44   -3.42   -3.16   -4.03 99999.9 99999.9 99999.9 999.99 9999999.   493  -353   140   -53 999.99
2024 283 11 45 9999.99 9999.99 9999.99 99999.9 99999.9 99999.9 999.99 9999999.   598  -455   143   -53 999.99
2024 283 11 46   -3.53   -3.12   -4.00  -426.7    25.1    24.5   4.57  108406.   640  -497   143   -53   1.71
2024 283 11 47 9999.99 9999.99 9999.99  -426.7    25.1    24.5   4.57  108406.   517  -369   148   -53 999.99
2024 283 11 48   -3.63   -3.05   -3.97 99999.9 99999.9 99999.9 999.99 9999999.   471  -322   149   -53 999.99
2024 283 11 49 9999.99 9999.99 9999.99 99999.9 99999.9 99999.9 999.99 9999999.   481  -324   157   -53 999.99
2024 283 11 50   -3.56   -3.17   -3.96 99999.9 99999.9 99999.9 999.99 9999999.   466  -313   153   -53 999.99
2024 283 11 51 9999.99 9999.99 9999.99 99999.9 99999.9 99999.9 999.99 9999999.   449  -288   161   -53 999.99
2024 283 11 52   -3.50   -3.21   -3.94 99999.9 99999.9 99999.9 999.99 9999999.   475  -289   186   -53 999.99
2024 283 11 53 9999.99 9999.99 9999.99 99999.9 99999.9 99999.9 999.99 9999999.   535  -331   204   -54 999.99
2024 283 11 54   -3.60   -2.96   -4.04 99999.9 99999.9 99999.9 999.99 9999999.   557  -352   205   -54 999.99
2024 283 11 55 9999.99 9999.99 9999.99 99999.9 99999.9 99999.9 999.99 9999999.   570  -362   208   -54 999.99
2024 283 11 56   -3.56   -2.92   -4.09 99999.9 99999.9 99999.9 999.99 9999999.   621  -405   216   -54 999.99
2024 283 11 57   -3.57   -2.19   -4.43 99999.9 99999.9 99999.9 999.99 9999999.   653  -443   210   -54 999.99
2024 283 11 58   -3.32   -2.86   -4.22 99999.9 99999.9 99999.9 999.99 9999999.   654  -447   207   -54 999.99
2024 283 11 59   -3.56   -2.73   -4.05  -429.5    22.2    21.6   4.53  118171.   687  -467   220   -55   1.74
2024 283 12  0   -2.69   -3.30   -4.27  -427.1    21.5    20.8   4.71  128101.   716  -487   229   -54   1.83
2024 283 12  1   -3.70   -2.37   -4.34  -423.5    20.3    19.5   5.00  143016.   725  -491   234   -54   1.84
2024 283 12  2   -3.39   -2.75   -4.39  -429.6    19.0    27.2   4.15  100908.   736  -489   247   -54   1.89
2024 283 12  3   -3.39   -2.27   -4.61  -429.7    18.9    27.1   4.15  100760.   755  -482   273   -54   1.99
2024 283 12  4   -2.97   -2.67   -4.82  -435.5    12.6    21.1   4.22   91455.   748  -462   286   -54   2.10
2024 283 12  5   -3.61   -2.20   -4.58  -435.5    12.6    21.1   4.22   91455.   733  -444   289   -54   2.00
2024 283 12  6   -3.52   -1.91   -4.88 99999.9 99999.9 99999.9 999.99 9999999.   721  -444   277   -54 999.99
2024 283 12  7   -3.01   -2.08   -5.24 99999.9 99999.9 99999.9 999.99 9999999.   698  -449   249   -54 999.99
2024 283 12  8   -4.08   -1.06   -4.54 99999.9 99999.9 99999.9 999.99 9999999.   680  -442   238   -54 999.99
2024 283 12  9   -4.39   -0.27   -4.29  -429.8     0.2    12.0   4.93   69979.   682  -440   242   -54   1.84
2024 283 12 10   -4.20   -0.54   -4.45  -429.8     0.2    12.0   4.93   69979.   811  -556   255   -54   1.91
2024 283 12 11   -3.93   -0.92   -4.76 99999.9 99999.9 99999.9 999.99 9999999.   909  -625   284   -54 999.99
2024 283 12 12   -3.93   -0.92   -4.76 99999.9 99999.9 99999.9 999.99 9999999.   784  -489   295   -53 999.99
2024 283 12 13   -4.07   -0.84   -4.70 99999.9 99999.9 99999.9 999.99 9999999.   851  -556   295   -53 999.99
2024 283 12 14   -4.12   -0.68   -4.66 99999.9 99999.9 99999.9 999.99 9999999.   832  -550   282   -54 999.99
2024 283 12 15 9999.99 9999.99 9999.99 99999.9 99999.9 99999.9 999.99 9999999.   864  -601   263   -54 999.99
2024 283 12 16   -4.04   -1.05   -4.67 99999.9 99999.9 99999.9 999.99 9999999.   893  -642   251   -54 999.99
2024 283 12 17   -2.82   -1.86   -5.00 99999.9 99999.9 99999.9 999.99 9999999.   912  -672   240   -54 999.99
2024 283 12 18   -1.57   -1.93   -5.46  -432.7    10.3    37.5   5.10   99775.   742  -512   230   -54   2.37
2024 283 12 19   -2.66   -2.37   -4.88  -433.6    10.7    23.5   4.51   99532.   570  -355   215   -53   2.12
2024 283 12 20   -3.10   -2.69   -4.43  -439.5     9.4    22.0   3.93   91010.   595  -372   223   -54   1.95
2024 283 12 21   -2.75   -2.84   -4.53  -439.0    21.4    31.3   4.39   95764.   626  -381   245   -53   2.00
2024 283 12 22   -3.08   -1.09   -3.76  -438.7    22.1    32.6   4.59  111612.   625  -383   242   -53   1.66
2024 283 12 23   -2.86   -1.44   -3.83  -435.4    -3.1     7.8   4.99  139407.   584  -370   214   -53   1.67
2024 283 12 24   -3.53    0.84   -3.00  -431.9   -27.9   -18.8   5.35  162587.   522  -316   206   -53   1.30
2024 283 12 25   -4.23    2.21   -0.88 99999.9 99999.9 99999.9 999.99 9999999.   503  -295   208   -54 999.99
2024 283 12 26   -3.54    2.01   -2.85  -428.0    -0.5    14.9   4.37   85312.   483  -282   201   -53   1.22
2024 283 12 27   -3.07    3.98   -2.03  -429.5   -19.5    -3.7   4.76  130982.   543  -355   188   -54   0.87
2024 283 12 28   -4.05    3.41   -1.19  -429.9     4.5    -9.4   5.10   77820.   613  -426   187   -54   0.51
2024 283 12 29   -2.74    4.48   -1.20  -429.9     5.9    -9.3   5.11   74707.   590  -395   195   -54   0.52
2024 283 12 30   -0.06    5.54    0.55 99999.9 99999.9 99999.9 999.99 9999999.   598  -406   192   -54 999.99
2024 283 12 31   -1.72    5.27   -0.45 99999.9 99999.9 99999.9 999.99 9999999.   630  -454   176   -54 999.99
2024 283 12 32   -1.13    4.61    0.00 99999.9 99999.9 99999.9 999.99 9999999.   663  -479   184   -54 999.99
2024 283 12 33   -1.97    2.78   -3.02 99999.9 99999.9 99999.9 999.99 9999999.   642  -443   199   -55 999.99
2024 283 12 34   -2.27    2.31   -3.57 99999.9 99999.9 99999.9 999.99 9999999.   591  -389   202   -55 999.99
2024 283 12 35   -2.21    0.77   -2.06  -439.8   -23.0     1.7   4.66  132170.   603  -407   196   -55   0.91
2024 283 12 36   -2.20    3.03   -1.20  -440.8    -6.6     3.8   5.06  133351.   602  -408   194   -55   0.53
2024 283 12 37   -2.21    2.66   -2.62  -441.6     7.4     5.0   5.66  133992.   594  -389   205   -55   1.16
2024 283 12 38   -2.02    2.05   -3.02  -444.5   -22.0    -3.0   5.19  117284.   590  -370   220   -55   1.34
2024 283 12 39   -0.96    1.53   -3.71  -452.3   -19.6     7.1   4.72   90023.   607  -362   245   -55   1.68
2024 283 12 40   -0.77    2.12   -3.91  -441.7   -16.4     4.3   4.71  101008.   617  -356   261   -55   1.73
2024 283 12 41   -0.63    2.24   -4.46  -461.2    -8.9    -8.9   5.08  132075.   640  -375   265   -55   2.06
2024 283 12 42   -1.47    2.67   -3.56  -462.6    -8.6    -9.3   5.09  133190.   675  -400   275   -55   1.65
2024 283 12 43   -3.43    3.03   -1.89 99999.9 99999.9 99999.9 999.99 9999999.   679  -410   269   -55 999.99
2024 283 12 44   -1.42    2.97   -2.91  -448.6   -20.1   -14.1   4.65   83318.   679  -414   265   -55   1.31
2024 283 12 45   -1.82    2.35   -2.83  -443.2   -18.5   -11.5   4.61   95742.   695  -418   277   -55   1.26
2024 283 12 46   -1.37    4.63   -2.32  -439.9   -17.7    -8.3   4.26  100437.   686  -394   292   -55   1.02
2024 283 12 47   -2.35    0.50   -2.43  -442.8    12.5     9.0   4.56  100224.   660  -354   306   -54   1.08
2024 283 12 48   -1.49    4.30   -2.97  -436.0    36.9    24.2   4.99  123058.   679  -369   310   -55   1.30
2024 283 12 49   -3.01    3.23   -2.44 99999.9 99999.9 99999.9 999.99 9999999.   706  -398   308   -54 999.99
2024 283 12 50   -1.66    4.35   -2.90 99999.9 99999.9 99999.9 999.99 9999999.   708  -398   310   -54 999.99
2024 283 12 51   -1.19    4.40   -2.62  -445.0   -28.8   -13.4   5.09   81709.   700  -405   295   -54   1.17
2024 283 12 52   -1.68    3.78   -2.99  -444.5   -31.5   -10.3   5.10   80253.   687  -397   290   -54   1.33
2024 283 12 53   -2.37    3.51   -2.80  -442.7   -40.2    -0.3   5.15   75495.   674  -381   293   -54   1.24
2024 283 12 54   -2.66    3.87   -2.30 99999.9 99999.9 99999.9 999.99 9999999.   692  -389   303   -54 999.99
2024 283 12 55   -1.37    2.25   -4.49 99999.9 99999.9 99999.9 999.99 9999999.   731  -415   316   -53 999.99
2024 283 12 56   -1.92    3.59   -3.68  -440.3   -30.1    -1.5   3.84   97188.   758  -441   317   -53   1.62
2024 283 12 57   -2.23    3.15   -3.95  -440.3   -30.1    -1.5   3.84   97188.   769  -460   309   -53   1.74
2024 283 12 58   -2.14    3.37   -3.80  -440.3   -30.1    -1.5   3.84   97188.   798  -489   309   -53   1.68
2024 283 12 59   -1.24    2.54   -4.70  -446.0   -12.8    -2.3   5.06  106012.   810  -488   322   -53   2.10
2024 283 13  0   -0.77    2.18   -5.01  -446.0   -12.8    -2.3   5.06  106012.   840  -501   339   -53   2.23
2024 283 13  1   -1.02    1.08   -5.37  -446.0   -12.8    -2.3   5.06  106012.   807  -452   355   -53   2.40
2024 283 13  2   -0.68   -0.54   -5.45  -453.0    -5.2    25.2   4.30   91785.   782  -417   365   -53   2.47
2024 283 13  3   -0.09   -1.37   -5.39  -453.0    -5.2    25.2   4.30   91785.   762  -394   368   -53   2.45
2024 283 13  4   -0.72   -1.01   -5.46 99999.9 99999.9 99999.9 999.99 9999999.   776  -416   360   -53 999.99
2024 283 13  5   -0.62   -0.67   -5.51 99999.9 99999.9 99999.9 999.99 9999999.   810  -450   360   -53 999.99
2024 283 13  6   -0.37   -0.47   -5.53 99999.9 99999.9 99999.9 999.99 9999999.   821  -456   365   -53 999.99
2024 283 13  7   -2.38    2.04   -0.33  -459.5     4.1    19.2   4.17   87040.   822  -452   370   -53   0.15
2024 283 13  8   -3.83    1.14   -1.17  -459.5     4.1    19.2   4.17   87040.   815  -455   360   -53   0.54
2024 283 13  9   -4.13    1.14   -1.86 99999.9 99999.9 99999.9 999.99 9999999.   829  -482   347   -54 999.99
2024 283 13 10   -4.03    1.02   -2.41 99999.9 99999.9 99999.9 999.99 9999999.   841  -492   349   -54 999.99
2024 283 13 11   -3.52   -0.07   -3.51 99999.9 99999.9 99999.9 999.99 9999999.   833  -466   367   -54 999.99
2024 283 13 12   -4.41   -0.19   -0.31 99999.9 99999.9 99999.9 999.99 9999999.   844  -447   397   -54 999.99
2024 283 13 13   -4.28    1.91   -0.13 99999.9 99999.9 99999.9 999.99 9999999.   866  -451   415   -54 999.99
2024 283 13 14   -4.22    2.98   -0.05 99999.9 99999.9 99999.9 999.99 9999999.   890  -461   429   -55 999.99
2024 283 13 15   -4.02    3.34    0.71 99999.9 99999.9 99999.9 999.99 9999999.   886  -465   421   -55 999.99
2024 283 13 16   -3.75    2.66   -2.06  -432.2   -26.8     3.2   4.46  137597.   911  -487   424   -55   0.89
2024 283 13 17   -3.65    3.16   -1.99  -432.2   -26.8     3.2   4.46  137597.   925  -505   420   -55   0.86
2024 283 13 18   -3.58    3.14   -1.88  -432.2   -26.8     3.2   4.46  137597.   941  -516   425   -55   0.81
2024 283 13 19   -3.63    2.17   -2.42 99999.9 99999.9 99999.9 999.99 9999999.   940  -505   435   -55 999.99
2024 283 13 20   -3.68    1.73   -1.37  -418.5    -2.8   -10.2   4.40   70974.   908  -480   428   -55   0.57
2024 283 13 21   -3.87    1.73   -2.76  -426.7    -8.6    -0.1   4.67  117801.   898  -470   428   -55   1.18
2024 283 13 22   -3.19    1.25   -2.49  -438.2   -12.6    -4.2   4.59  120430.   922  -495   427   -55   1.09
2024 283 13 23   -3.60    1.41   -2.23  -441.2    38.7     1.8   4.55   92001.   940  -524   416   -55   0.99
2024 283 13 24   -3.97    2.47   -2.29  -429.8   -23.0    11.0   4.36  157718.   944  -543   401   -56   0.99
2024 283 13 25   -3.42   -0.05   -2.30  -429.0   -20.3    -8.4   4.59  145811.   906  -533   373   -56   0.99
2024 283 13 26   -4.16   -0.25   -1.85  -428.7   -17.8   -20.5   4.73  137771.   859  -488   371   -55   0.79
2024 283 13 27   -3.60   -1.40   -3.06 99999.9 99999.9 99999.9 999.99 9999999.   832  -456   376   -56 999.99
2024 283 13 28   -3.80   -1.80   -2.75  -438.0    12.1    11.9   5.38  130816.   789  -415   374   -55   1.21
2024 283 13 29   -3.13   -2.05   -3.37  -440.4    14.5    14.6   5.19  124716.   743  -373   370   -55   1.49
2024 283 13 30   -3.62   -0.11   -3.37  -449.8    23.7    25.1   4.48  101206.   722  -367   355   -56   1.52
2024 283 13 31   -4.60    0.12   -1.87  -424.2   -15.2   -10.4   4.67   69958.   723  -383   340   -56   0.79
2024 283 13 32   -3.56   -2.31   -1.93  -422.8    -9.8    -7.1   4.69   67225.   725  -401   324   -56   0.82
2024 283 13 33   -3.60   -2.61   -1.60  -418.0     9.2     4.7   4.81   57878.   745  -426   319   -56   0.67
2024 283 13 34   -3.38   -3.94   -1.72 99999.9 99999.9 99999.9 999.99 9999999.   777  -445   332   -56 999.99
2024 283 13 35   -2.95   -4.06   -1.23  -438.4    70.1    -4.1   4.77   69404.   768  -432   336   -56   0.55
2024 283 13 36   -2.91   -3.57   -1.05  -438.4    70.1    -4.1   4.77   69404.   727  -413   314   -57   0.47
2024 283 13 37    0.12    2.47   -2.38  -458.7    14.9    -5.8   4.38   66355.   697  -405   292   -57   1.10
2024 283 13 38   -0.72   -2.05   -0.41  -468.1     1.6    -5.4   3.96   64474.   670  -388   282   -57   0.19
2024 283 13 39    0.38    1.31   -1.37  -453.9    52.4    -4.4   3.94   70557.   633  -363   270   -57   0.63
2024 283 13 40   -0.32    3.56   -2.44  -463.1   -25.0    -3.7   4.43   94895.   627  -359   268   -57   1.13
2024 283 13 41   -1.12    5.23   -2.17  -454.7   -26.4    -5.6   4.05   74685.   633  -371   262   -57   0.99
2024 283 13 42   -1.96    2.83   -2.29  -445.9   -11.6   -11.2   4.37  106906.   639  -372   267   -57   1.02
2024 283 13 43   -0.89    3.13   -2.80  -436.3     9.5    -9.2   4.71  108635.   654  -377   277   -56   1.22
2024 283 13 44   -0.34    3.45   -3.14  -451.8   -17.7    -4.3   4.37  105033.   625  -342   283   -55   1.42
2024 283 13 45    0.90    4.05   -2.33  -456.3   -17.7    -1.5   4.36   99685.   558  -284   274   -55   1.06
2024 283 13 46    1.45    3.06   -4.10  -470.3   -23.5    11.4   3.77   64258.   537  -279   258   -55   1.93
2024 283 13 47   -0.83    1.28   -1.75  -470.3   -23.5    11.4   3.77   64258.   539  -316   223   -55   0.82
2024 283 13 48    2.31    5.16   -1.89 99999.9 99999.9 99999.9 999.99 9999999.   527  -351   176   -55 999.99
2024 283 13 49    0.61    4.49   -2.19 99999.9 99999.9 99999.9 999.99 9999999.   515  -350   165   -55 999.99
2024 283 13 50    2.76    4.92   -1.70  -478.2   -32.3   -17.5   3.95  100711.   524  -381   143   -55   0.82
2024 283 13 51    1.22    2.79   -1.75  -478.2   -32.3   -17.5   3.95  100711.   558  -413   145   -56   0.84
2024 283 13 52    2.39    5.23   -1.58  -477.7   -32.3   -19.9   4.11   98062.   591  -426   165   -56   0.76
2024 283 13 53    2.53    4.91   -2.42  -477.7   -32.3   -19.9   4.11   98062.   616  -424   192   -55   1.16
2024 283 13 54    1.55    3.69   -2.30  -478.4   -40.2   -10.9   3.49   67739.   624  -409   215   -55   1.10
2024 283 13 55    1.93    5.29   -2.17  -478.2   -39.5    -9.8   3.51   68624.   611  -394   217   -55   1.04
2024 283 13 56    0.28    3.81   -2.64 99999.9 99999.9 99999.9 999.99 9999999.   589  -378   211   -55 999.99
2024 283 13 57    1.11    4.90   -2.72  -464.4   -22.6    -6.4   3.71   70639.   573  -363   210   -55   1.26
2024 283 13 58    0.24    3.85   -4.65  -462.7   -22.3     2.6   3.63   66426.   582  -365   217   -55   2.16
2024 283 13 59   -0.21    3.52   -4.96  -458.0   -21.4    28.4   3.42   54305.   596  -367   229   -54   2.28
2024 283 14  0   -0.36    4.33   -4.20  -458.0   -21.4    28.4   3.42   54305.   605  -365   240   -54   1.93
2024 283 14  1    0.55    4.78   -3.31 99999.9 99999.9 99999.9 999.99 9999999.   595  -355   240   -54 999.99
2024 283 14  2   -0.60    4.49   -4.07  -458.4   -32.0     6.7   3.72   64652.   585  -330   255   -54   1.87
2024 283 14  3    0.55    4.06   -4.40  -461.5   -31.7     8.1   4.11   78525.   601  -325   276   -53   2.04
2024 283 14  4    1.47    4.56   -3.63  -463.9   -31.4     9.1   4.41   89211.   607  -312   295   -54   1.69
2024 283 14  5    0.73    4.85   -3.26 99999.9 99999.9 99999.9 999.99 9999999.   612  -315   297   -54 999.99
2024 283 14  6   -0.05    4.82   -3.58  -458.2   -31.4    -3.2   4.03   81842.   646  -357   289   -54   1.64
2024 283 14  7    0.38    5.01   -3.36  -462.7   -32.9    -5.8   3.64   59816.   659  -370   289   -53   1.56
2024 283 14  8    1.03    5.27   -2.67  -465.1   -33.0    -7.6   3.53   52854.   636  -347   289   -53   1.25
2024 283 14  9    0.99    5.18   -2.73  -468.7   -28.8   -12.2   3.85   71178.   617  -332   285   -53   1.28
2024 283 14 10    1.75    5.13   -2.19  -468.7   -28.8   -12.2   3.85   71178.   619  -336   283   -53   1.03
2024 283 14 11    0.96    5.23   -2.44  -468.8   -28.1   -11.0   3.36   51338.   627  -342   285   -53   1.15
2024 283 14 12    0.88    5.41   -2.32  -468.8   -28.1   -11.0   3.36   51338.   617  -340   277   -53   1.09
2024 283 14 13    0.59    5.45   -2.17 99999.9 99999.9 99999.9 999.99 9999999.   608  -328   280   -53 999.99
2024 283 14 14    0.63    5.55   -2.07  -458.8   -56.0   -10.8   4.24   93204.   596  -316   280   -52   0.96
2024 283 14 15    0.47    5.37   -2.60  -463.0   -36.4   -12.2   3.90   76767.   599  -312   287   -53   1.21
2024 283 14 16    0.11    5.11   -3.11  -463.3   -24.1    -9.9   3.75   69564.   600  -311   289   -52   1.44
2024 283 14 17    0.50    5.10   -3.11  -458.2   -24.8    -2.9   3.89   77020.   581  -317   264   -53   1.43
2024 283 14 18   -0.02    4.72   -3.58  -458.1   -25.0    -2.9   3.88   76656.   536  -318   218   -53   1.64
2024 283 14 19   -1.26    4.01   -3.96  -451.9   -36.5    -3.2   3.22   57058.   555  -324   231   -53   1.80
2024 283 14 20   -0.91    3.55   -4.55  -449.4   -33.6     6.0   3.87   85908.   581  -338   243   -52   2.05
2024 283 14 21    0.03    4.53   -3.90  -454.7   -32.6     6.1   4.14   88554.   578  -337   241   -52   1.78
2024 283 14 22   -0.54    4.71   -3.83  -460.0   -32.9     2.8   4.11   79940.   592  -349   243   -52   1.77
2024 283 14 23   -0.27    4.81   -3.62  -457.6   -31.4     0.3   3.79   65845.   601  -356   245   -52   1.66
2024 283 14 24   -0.72    4.27   -4.16  -457.6   -31.4     0.3   3.79   65845.   619  -359   260   -52   1.91
2024 283 14 25   -0.07    3.78   -4.39  -457.6   -31.4     0.3   3.79   65845.   623  -371   252   -52   2.01
2024 283 14 26   -1.01    4.92   -3.23 99999.9 99999.9 99999.9 999.99 9999999.   599  -379   220   -52 999.99
2024 283 14 27   -0.71    4.39   -3.81  -454.8   -27.5     3.8   3.86   79150.   607  -387   220   -52   1.74
2024 283 14 28   -0.77    4.66   -3.35  -454.8   -27.5     3.8   3.86   79150.   624  -409   215   -53   1.53
2024 283 14 29   -0.98    4.85   -2.99  -454.8   -27.5     3.8   3.86   79150.   609  -401   208   -53   1.36
2024 283 14 30   -1.59    4.85   -2.64  -446.4   -29.4    -4.9   3.83   85124.   607  -395   212   -52   1.18
2024 283 14 31   -1.87    4.89   -2.47  -446.4   -29.4    -4.9   3.83   85124.   589  -363   226   -52   1.11
2024 283 14 32   -3.50    3.86   -0.42 99999.9 99999.9 99999.9 999.99 9999999.   582  -352   230   -53 999.99
2024 283 14 33   -4.12    3.33    0.28  -437.1   -15.6   -17.8   4.32  101977.   585  -348   237   -53  -0.12
2024 283 14 34   -4.27    3.29    0.75  -428.8    -4.8   -21.6   4.72  100067.   588  -353   235   -53  -0.32
2024 283 14 35   -3.67    3.53    0.72  -420.8     5.8   -25.2   5.11   98209.   593  -369   224   -53  -0.30
2024 283 14 36   -3.86    3.33    0.46  -420.4     2.0   -30.4   4.69   95690.   611  -378   233   -53  -0.19
2024 283 14 37   -4.65    2.38    0.81  -431.2   -10.5   -20.4   4.23   97178.   613  -370   243   -52  -0.35
2024 283 14 38   -4.31    2.83    0.50  -432.9   -10.8   -20.8   4.16   94264.   623  -380   243   -53  -0.22
2024 283 14 39   -5.24    1.37    0.38  -417.7    11.4   -26.1   4.56   81152.   627  -382   245   -53  -0.16
2024 283 14 40   -4.70    2.54   -0.23  -413.6    37.9   -24.8   4.69   58990.   642  -385   257   -53   0.10
2024 283 14 41   -4.68    2.41    0.12  -421.0     9.2   -16.6   4.64   95677.   654  -393   261   -53  -0.05
2024 283 14 42   -4.62    2.74    0.42  -427.2   -20.1   -11.1   4.61  126824.   663  -414   249   -53  -0.18
2024 283 14 43   -4.75    2.12   -0.02  -429.7    -3.4   -22.6   4.67  109116.   668  -429   239   -53   0.01
2024 283 14 44   -4.92    1.54   -0.55  -431.0     0.5   -19.1   4.45  127188.   684  -447   237   -53   0.24
2024 283 14 45   -4.91    1.58    0.19  -411.8    26.6   -14.6   4.50   90891.   692  -459   233   -53  -0.08
2024 283 14 46   -5.50   -0.13    0.72  -411.8    26.6   -14.6   4.50   90891.   658  -426   232   -53  -0.30
2024 283 14 47   -4.95    1.21   -0.18 99999.9 99999.9 99999.9 999.99 9999999.   628  -395   233   -52 999.99
2024 283 14 48   -5.29    0.25   -0.36  -416.6    10.3   -16.7   4.52   64336.   610  -380   230   -53   0.15
2024 283 14 49   -4.90    1.70   -0.17  -417.9     8.3    -9.4   4.39   77742.   566  -336   230   -53   0.07
2024 283 14 50   -5.31    0.34    0.39  -425.0    -3.7     0.5   4.20  108259.   534  -307   227   -53  -0.17
2024 283 14 51   -5.01    0.67   -0.14  -417.0    12.7    -5.1   4.49   65119.   526  -301   225   -53   0.06
2024 283 14 52   -5.47    0.04   -0.05  -413.9    18.7    -2.6   4.51   57318.   512  -288   224   -53   0.02
2024 283 14 53   -5.13   -0.01    0.20  -411.6    22.6    -6.9   4.45   65359.   518  -295   223   -53  -0.08
2024 283 14 54   -5.48    0.01   -0.74  -409.9    32.0     0.1   4.36   63034.   548  -317   231   -53   0.30
2024 283 14 55   -5.03    0.72   -0.28  -430.8    -1.1   -12.0   4.37  110087.   563  -328   235   -53   0.12
2024 283 14 56   -4.67    0.31    0.73  -436.0   -10.2   -15.9   4.38  121534.   585  -342   243   -53  -0.32
2024 283 14 57   -4.13    2.10    0.70  -413.7    24.8     3.6   4.67   61713.   605  -355   250   -53  -0.29
2024 283 14 58   -3.76    1.14    0.65  -413.6    24.9     3.7   4.67   61488.   604  -362   242   -53  -0.27
2024 283 14 59   -3.79    1.92    1.34  -409.3    26.9    30.0   3.52   75346.   586  -351   235   -53  -0.55
2024 283 15  0   -4.75   -0.21   -0.71  -414.2    22.4    20.8   3.88   69512.   579  -347   232   -52   0.30
2024 283 15  1   -3.67    2.22    1.51  -429.7     8.6   -14.6   4.30   76036.   601  -374   227   -52  -0.65
2024 283 15  2   -2.65    3.21    2.55  -446.4     1.3   -39.7   4.43   92305.   618  -395   223   -52  -1.14
2024 283 15  3   -3.06    3.33    2.49  -445.8     1.3   -46.1   4.32   82054.   600  -380   220   -52  -1.12
2024 283 15  4   -3.00    3.76    2.36  -436.3     3.4   -45.6   4.30   88727.   566  -352   214   -53  -1.04
2024 283 15  5   -4.20    1.20    1.49  -426.3    24.5   -24.3   4.14  102194.   528  -331   197   -53  -0.64
2024 283 15  6   -4.01    1.82    1.31  -419.6    24.7   -11.2   4.24  105027.   504  -316   188   -53  -0.55
2024 283 15  7   -4.24    0.63    0.61  -436.7    -7.7   -12.0   4.17  117912.   473  -293   180   -53  -0.27
2024 283 15  8   -4.11    2.12    0.69  -422.4    11.0   -14.6   4.93  170995.   449  -271   178   -53  -0.29
2024 283 15  9   -4.69    0.74    0.08  -429.4   -10.1   -24.7   4.67  117024.   435  -262   173   -53  -0.03
2024 283 15 10   -4.65    0.70   -0.41  -411.4    12.2    34.5   3.65   47838.   423  -264   159   -53   0.17
2024 283 15 11   -4.49    0.88   -0.74  -420.9    10.4    16.6   4.26   80384.   411  -260   151   -53   0.31
2024 283 15 12   -4.32    0.09   -1.85  -418.6     9.7    -0.9   4.26   73386.   389  -244   145   -53   0.78
2024 283 15 13   -3.67   -0.03   -1.97  -419.5    10.1    17.3   4.30   72633.   382  -241   141   -54   0.83
2024 283 15 14   -4.38   -0.74   -2.13  -419.1    18.4    19.9   4.71   83461.   384  -238   146   -54   0.89
2024 283 15 15   -4.52   -0.07   -2.31  -419.2    18.3    20.1   4.72   84259.   395  -241   154   -54   0.97
2024 283 15 16   -4.41    0.70   -2.55  -419.8    -7.6    14.1   4.26   87495.   394  -240   154   -54   1.07
2024 283 15 17   -4.20   -0.99   -2.41  -421.7     1.9    18.9   4.16   83377.   398  -241   157   -54   1.02
2024 283 15 18   -4.68   -0.89   -1.85  -423.0     6.4    21.3   4.20   79918.   399  -235   164   -54   0.78
2024 283 15 19   -4.49   -0.86   -2.08 99999.9 99999.9 99999.9 999.99 9999999.   378  -222   156   -54 999.99
2024 283 15 20   -4.69   -1.27   -0.24 99999.9 99999.9 99999.9 999.99 9999999.   336  -204   132   -54 999.99
2024 283 15 21   -4.71   -1.38    0.39 99999.9 99999.9 99999.9 999.99 9999999.   313  -198   115   -54 999.99
2024 283 15 22   -4.48   -1.66   -1.63 99999.9 99999.9 99999.9 999.99 9999999.   296  -193   103   -54 999.99
2024 283 15 23   -4.04   -1.70   -2.26 99999.9 99999.9 99999.9 999.99 9999999.   294  -189   105   -53 999.99
2024 283 15 24   -4.01   -1.88   -2.55 99999.9 99999.9 99999.9 999.99 9999999.   287  -177   110   -53 999.99
2024 283 15 25   -4.71   -1.17   -1.25  -423.9    14.8    17.6   4.29   89676.   257  -155   102   -53   0.53
2024 283 15 26   -4.90   -0.53   -1.60  -423.9    14.8    17.6   4.29   89676.   237  -133   104   -53   0.68
2024 283 15 27   -4.95   -1.10   -1.18  -423.9    14.8    17.6   4.29   89676.   218  -110   108   -53   0.50
2024 283 15 28   -5.03   -0.49   -0.94 99999.9 99999.9 99999.9 999.99 9999999.   185   -95    90   -53 999.99
2024 283 15 29   -4.81   -0.78   -1.46 99999.9 99999.9 99999.9 999.99 9999999.   180   -87    93   -53 999.99
2024 283 15 30   -4.69   -1.40   -1.25  -423.9    12.3    23.1   3.94   83993.   191   -88   103   -52   0.53
2024 283 15 31   -4.17   -2.64   -1.58  -423.9    12.3    23.1   3.94   83993.   197   -92   105   -52   0.67
2024 283 15 32   -4.06   -2.54   -1.46  -424.7    37.7    21.4   4.26  118486.   184   -87    97   -52   0.62
2024 283 15 33   -3.76   -2.73   -1.61  -424.8    39.5    21.3   4.28  120939.   168   -81    87   -52   0.69
2024 283 15 34   -3.76   -2.03   -2.39  -424.8    39.5    21.3   4.28  120939.   157   -74    83   -51   1.02
2024 283 15 35   -4.09   -2.15   -1.78 99999.9 99999.9 99999.9 999.99 9999999.   146   -73    73   -51 999.99
2024 283 15 36   -4.40   -1.92   -1.32 99999.9 99999.9 99999.9 999.99 9999999.   157   -84    73   -51 999.99
2024 283 15 37   -5.37   -0.89    0.06  -422.7    45.4     9.6   5.35  164853.   164   -94    70   -51  -0.03
2024 283 15 38   -5.30   -0.32    0.50  -422.7    45.4     9.6   5.35  164853.   160   -89    71   -51  -0.21
2024 283 15 39   -5.36   -0.45    0.34 99999.9 99999.9 99999.9 999.99 9999999.   153   -77    76   -51 999.99
2024 283 15 40   -5.40   -0.43    0.30 99999.9 99999.9 99999.9 999.99 9999999.   158   -73    85   -51 999.99
2024 283 15 41   -5.24   -0.96   -0.58 99999.9 99999.9 99999.9 999.99 9999999.   167   -75    92   -50 999.99
2024 283 15 42   -5.35   -0.89   -0.50 99999.9 99999.9 99999.9 999.99 9999999.   176   -84    92   -50 999.99
2024 283 15 43   -5.36   -0.89   -0.49  -420.8    22.6    -1.5   3.83   54232.   179   -91    88   -50   0.21
2024 283 15 44   -5.42   -0.78    0.18  -420.8    22.6    -1.5   3.83   54232.   180   -94    86   -50  -0.08
2024 283 15 45   -5.35   -0.78   -0.55  -420.8    22.6    -1.5   3.83   54232.   179   -95    84   -50   0.23
2024 283 15 46   -5.38   -0.71   -0.74 99999.9 99999.9 99999.9 999.99 9999999.   164   -90    74   -51 999.99
2024 283 15 47   -5.42   -0.19   -0.57 99999.9 99999.9 99999.9 999.99 9999999.   152   -82    70   -50 999.99
2024 283 15 48   -5.42   -0.19   -0.57 99999.9 99999.9 99999.9 999.99 9999999.   147   -78    69   -51 999.99
2024 283 15 49   -5.48    0.10   -0.52 99999.9 99999.9 99999.9 999.99 9999999.   134   -67    67   -51 999.99
2024 283 15 50   -5.37    0.29   -0.48 99999.9 99999.9 99999.9 999.99 9999999.   130   -61    69   -51 999.99
2024 283 15 51   -5.40    0.39   -0.95  -425.9   -18.3   -19.1   4.44   54377.   128   -60    68   -51   0.41
2024 283 15 52   -5.34    0.15   -1.39  -425.9   -18.3   -19.1   4.44   54377.   136   -68    68   -51   0.59
2024 283 15 53   -5.42   -0.11   -1.08  -419.9    11.8    -0.3   4.04   49443.   142   -76    66   -51   0.45
2024 283 15 54   -5.41    0.10   -1.21  -419.6    13.4     0.7   4.02   49176.   137   -70    67   -51   0.51
2024 283 15 55   -5.35   -0.35   -0.95 99999.9 99999.9 99999.9 999.99 9999999.   128   -62    66   -51 999.99
2024 283 15 56   -5.28    0.32   -0.98 99999.9 99999.9 99999.9 999.99 9999999.   134   -71    63   -50 999.99
2024 283 15 57   -5.24    0.48   -0.94  -418.6     8.4    -5.7   4.37   50356.   135   -75    60   -50   0.39
2024 283 15 58   -5.37    0.79   -0.49  -418.6     8.4    -5.7   4.37   50356.   128   -71    57   -51   0.21
2024 283 15 59   -5.24    1.34   -0.58  -418.6     8.4    -5.7   4.37   50356.   143   -88    55   -50   0.24
2024 283 16  0   -5.26    1.27   -0.74 99999.9 99999.9 99999.9 999.99 9999999.   169  -115    54   -50 999.99
2024 283 16  1   -5.19    1.14   -0.79  -424.6     2.6    -5.8   4.82   72094.   173  -122    51   -50   0.34
2024 283 16  2   -5.19    1.01   -1.04  -424.6     2.6    -5.8   4.82   72094.   183  -129    54   -50   0.44
2024 283 16  3   -5.32    0.93   -1.19 99999.9 99999.9 99999.9 999.99 9999999.   187  -131    56   -50 999.99
2024 283 16  4   -5.33    0.61   -0.86 99999.9 99999.9 99999.9 999.99 9999999.   182  -120    62   -50 999.99
2024 283 16  5   -5.29    0.94   -0.45  -417.9    10.8    -5.6   4.49   50042.   177  -114    63   -49   0.19
2024 283 16  6   -5.26    0.90   -0.48  -417.9    10.8    -5.6   4.49   50042.   172  -111    61   -49   0.20
2024 283 16  7   -5.30    0.51   -0.68  -417.9    10.8    -5.6   4.49   50042.   164  -103    61   -49   0.28
2024 283 16  8   -5.37    0.61   -0.46 99999.9 99999.9 99999.9 999.99 9999999.   173  -111    62   -49 999.99
2024 283 16  9   -5.40   -0.02    0.11  -416.7    24.7    -6.0   4.38   50356.   175  -113    62   -49  -0.05
2024 283 16 10   -5.46   -0.01   -0.22  -416.7    24.7    -6.0   4.38   50356.   165  -102    63   -50   0.09
2024 283 16 11   -5.40   -0.10   -0.18 99999.9 99999.9 99999.9 999.99 9999999.   173  -108    65   -50 999.99
2024 283 16 12   -5.31   -0.18   -0.73 99999.9 99999.9 99999.9 999.99 9999999.   196  -125    71   -49 999.99
2024 283 16 13   -5.27   -1.04   -0.61 99999.9 99999.9 99999.9 999.99 9999999.   207  -133    74   -50 999.99
2024 283 16 14   -5.19   -0.08   -0.74  -414.6    39.1   -15.3   3.92   53151.   202  -128    74   -49   0.31
2024 283 16 15   -5.04    1.45   -0.70  -416.0    27.1   -10.9   4.14   54154.   191  -120    71   -49   0.29
2024 283 16 16   -5.15    1.33    0.02  -419.9    -6.8     1.5   4.77   56984.   186  -121    65   -49  -0.01
2024 283 16 17   -4.78    1.88    0.21  -419.9    -6.8     1.5   4.77   56984.   187  -126    61   -49  -0.09
2024 283 16 18   -4.04    3.00   -0.60  -439.1   -18.9     2.4   4.79   92821.   183  -127    56   -48   0.26
2024 283 16 19   -4.29    2.35    0.34  -431.2    -6.1   -11.9   4.70   99483.   184  -128    56   -49  -0.15
2024 283 16 20   -4.67    2.63   -0.40  -428.6    -4.8   -21.0   4.58  106993.   198  -141    57   -49   0.17
2024 283 16 21   -4.12    3.38   -1.06  -431.7    -9.6   -16.1   4.60  107792.   209  -152    57   -48   0.46
2024 283 16 22   -4.03    3.14   -0.22  -432.7   -12.6   -15.6   4.58  110406.   205  -150    55   -48   0.10
2024 283 16 23   -4.03    3.09    0.05  -436.3   -22.7   -14.0   4.51  119227.   208  -154    54   -48  -0.02
2024 283 16 24   -4.11    2.58    0.17  -437.5   -26.1   -13.5   4.48  122240.   214  -159    55   -48  -0.07
2024 283 16 25   -4.13    3.00    0.25 99999.9 99999.9 99999.9 999.99 9999999.   231  -173    58   -47 999.99
2024 283 16 26   -4.32    2.73    0.45 99999.9 99999.9 99999.9 999.99 9999999.   229  -171    58   -47 999.99
2024 283 16 27   -4.46    2.86    0.47  -427.9    -5.8   -28.9   4.37   71885.   232  -172    60   -47  -0.20
2024 283 16 28   -3.86    3.62    0.13  -430.2    -9.3   -29.9   4.49   82840.   218  -161    57   -47  -0.06
2024 283 16 29   -3.87    3.35   -0.19  -435.7   -17.7   -32.4   4.78  109026.   208  -152    56   -47   0.08
2024 283 16 30   -4.33    2.31    0.09  -433.6   -19.9   -21.2   4.75  163907.   200  -141    59   -47  -0.04
2024 283 16 31   -4.24    2.67   -0.06  -433.6   -19.9   -21.2   4.75  163907.   201  -135    66   -47   0.03
2024 283 16 32   -4.16    3.39   -0.42  -436.1   -24.6    -0.5   4.60   96220.   198  -128    70   -47   0.18
2024 283 16 33   -3.83    3.53   -0.53  -436.1   -24.6    -0.5   4.60   96220.   191  -121    70   -47   0.23
2024 283 16 34   -3.78    3.75   -0.71  -430.6    -9.4   -22.1   4.92  122894.   184  -113    71   -47   0.31
2024 283 16 35   -3.99    2.82    0.49  -427.2    -0.7   -20.3   4.93  109485.   178  -113    65   -47  -0.21
2024 283 16 36   -4.32    1.81    0.98  -425.6     2.0   -21.3   4.74   88208.   176  -115    61   -47  -0.42
2024 283 16 37   -4.90    0.80    1.32  -439.7    -5.4   -25.7   4.31   83139.   179  -119    60   -47  -0.58
2024 283 16 38   -4.44    1.47    1.17  -447.5    -1.9   -25.4   4.21   84534.   175  -114    61   -47  -0.52
2024 283 16 39   -4.05    3.42   -0.06  -427.4    -7.0    -5.5   4.82  107027.   167  -104    63   -47   0.03
2024 283 16 40   -3.97    3.06    0.49  -426.0    -0.8    -8.5   4.69   95548.   177  -111    66   -47  -0.21
2024 283 16 41   -4.43    3.21    0.36  -420.8    22.1   -19.5   4.23   52936.   173  -106    67   -47  -0.15
2024 283 16 42   -4.02    3.08    1.07  -435.7    -5.4   -12.8   4.34  119666.   160   -91    69   -47  -0.47
2024 283 16 43   -4.07    3.12    0.73  -433.7    -5.5   -15.8   4.39  116214.   167   -96    71   -47  -0.32
2024 283 16 44   -3.72    3.84    0.48  -426.7    -5.8   -23.1   4.42   94457.   183  -114    69   -47  -0.21
2024 283 16 45   -4.04    3.66   -0.03  -425.0    -6.9   -19.7   4.14   75088.   199  -130    69   -47   0.01
2024 283 16 46   -4.00    3.53   -0.49  -431.1    -4.2   -31.2   4.86   63119.   209  -140    69   -47   0.21
2024 283 16 47   -3.81    3.58   -0.15  -431.1    -4.2   -31.2   4.86   63119.   213  -143    70   -47   0.06
2024 283 16 48   -3.88    3.66   -1.19  -431.1    -4.2   -31.2   4.86   63119.   290  -219    71   -47   0.51
2024 283 16 49   -4.37    2.38   -2.20 99999.9 99999.9 99999.9 999.99 9999999.   331  -248    83   -47 999.99
2024 283 16 50   -3.64    3.80   -1.37  -430.7   -10.8    -6.3   4.87   94156.   304  -208    96   -47   0.59
2024 283 16 51   -4.24    3.51   -1.00  -429.0    -9.3   -12.8   4.91  110708.   236  -138    98   -47   0.43
2024 283 16 52   -4.10    3.73   -0.90  -426.9    -7.3   -21.0   4.96  131556.   263  -160   103   -47   0.38
2024 283 16 53   -4.32    3.61   -0.64 99999.9 99999.9 99999.9 999.99 9999999.   265  -172    93   -47 999.99
2024 283 16 54   -4.21    3.72   -0.49  -431.4   -11.3     4.9   4.60   93619.   282  -204    78   -47   0.21
2024 283 16 55   -4.88    2.83   -0.50  -427.7    -8.5     0.8   4.84  103312.   342  -263    79   -47   0.21
2024 283 16 56   -4.94    2.87   -0.46  -426.1    -3.4   -13.6   4.73   99983.   287  -202    85   -47   0.20
2024 283 16 57   -4.55    3.36   -0.68  -427.5    -5.7   -10.9   4.76   77788.   258  -168    90   -46   0.29
2024 283 16 58   -4.26    3.68   -0.26  -428.3    -6.8   -12.3   4.88   99851.   222  -126    96   -46   0.11
2024 283 16 59   -4.45    3.48   -0.23 99999.9 99999.9 99999.9 999.99 9999999.   238  -145    93   -46 999.99
2024 283 17  0   -4.54    3.28   -0.38 99999.9 99999.9 99999.9 999.99 9999999.   296  -214    82   -47 999.99
2024 283 17  1   -4.40    3.54   -0.41 99999.9 99999.9 99999.9 999.99 9999999.   371  -294    77   -46 999.99
2024 283 17  2   -3.97    3.97   -0.32  -438.9    -9.2    -4.5   3.86   74028.   393  -312    81   -47   0.14
2024 283 17  3   -4.12    3.62    0.82  -438.5   -10.1    -4.4   3.88   74663.   393  -311    82   -47  -0.36
2024 283 17  4   -4.15    3.81    0.19  -430.2   -30.3    -2.4   4.41   88747.   401  -326    75   -47  -0.08
2024 283 17  5   -4.10    3.83   -0.21  -430.2   -30.3    -2.4   4.41   88747.   390  -320    70   -47   0.09
2024 283 17  6 9999.99 9999.99 9999.99 99999.9 99999.9 99999.9 999.99 9999999.   395  -326    69   -47 999.99
2024 283 17  7 9999.99 9999.99 9999.99 99999.9 99999.9 99999.9 999.99 9999999.   412  -340    72   -47 999.99
2024 283 17  8   -3.76    4.08   -0.72 99999.9 99999.9 99999.9 999.99 9999999.   436  -357    79   -47 999.99
2024 283 17  9 9999.99 9999.99 9999.99 99999.9 99999.9 99999.9 999.99 9999999.   430  -356    74   -47 999.99
2024 283 17 10   -3.65    4.21   -0.69  -429.8    -9.0   -15.6   4.81  118088.   396  -332    64   -47   0.30
2024 283 17 11   -3.22    4.53    0.03  -432.1   -12.5   -14.8   4.65  109886.   401  -345    56   -46  -0.01
2024 283 17 12   -3.64    4.20   -0.66  -439.8   -24.1   -12.0   4.10   82690.   392  -337    55   -46   0.29
2024 283 17 13   -3.46    4.03   -1.32  -440.0   -27.5     3.8   4.14   66977.   389  -328    61   -46   0.58
2024 283 17 14 9999.99 9999.99 9999.99  -437.7   -22.5     1.3   3.95   68799.   366  -306    60   -46 999.99
2024 283 17 15   -3.33    4.31   -1.24  -435.6   -18.0    -1.0   3.79   70433.   323  -263    60   -46   0.54
2024 283 17 16   -2.59    4.12   -2.59 99999.9 99999.9 99999.9 999.99 9999999.   294  -231    63   -46 999.99
2024 283 17 17   -4.43    3.41   -0.01 99999.9 99999.9 99999.9 999.99 9999999.   266  -202    64   -46 999.99
2024 283 17 18   -4.42    3.44   -0.22 99999.9 99999.9 99999.9 999.99 9999999.   232  -172    60   -45 999.99
2024 283 17 19   -4.42    3.44   -0.22 99999.9 99999.9 99999.9 999.99 9999999.   198  -144    54   -45 999.99
2024 283 17 20   -4.56    3.31    0.15  -428.5    -9.4   -19.3   4.44   73774.   133   -84    49   -45  -0.06
2024 283 17 21   -4.66    3.23    0.46  -428.5    -9.4   -19.3   4.44   73774.   134   -87    47   -45  -0.20
2024 283 17 22   -4.58    3.32    0.61  -428.5    -9.4   -19.3   4.44   73774.   139   -95    44   -45  -0.26
2024 283 17 23   -4.37    3.56    0.58  -427.8    -9.5   -18.4   4.44   72931.   194  -145    49   -45  -0.25
2024 283 17 24   -4.30    3.62    0.67  -427.8    -9.5   -18.4   4.44   72931.   245  -184    61   -45  -0.29
2024 283 17 25   -4.29    3.53    0.75 99999.9 99999.9 99999.9 999.99 9999999.   282  -213    69   -45 999.99
2024 283 17 26   -4.39    3.48    0.59  -425.9    -4.6   -21.1   4.48   80425.   274  -202    72   -45  -0.25
2024 283 17 27   -4.32    3.59   -0.05  -425.9    -4.6   -21.1   4.48   80425.   272  -187    85   -45   0.02
2024 283 17 28   -4.24    3.67    0.02 99999.9 99999.9 99999.9 999.99 9999999.   277  -197    80   -45 999.99
2024 283 17 29   -4.29    3.56   -0.40  -427.2   -12.2   -11.5   4.63  102695.   224  -168    56   -45   0.17
2024 283 17 30   -4.29    3.44   -1.05  -427.2   -12.2   -11.5   4.63  102695.   219  -171    48   -45   0.45
2024 283 17 31   -4.48    3.37    0.17  -427.2   -12.2   -11.5   4.63  102695.   251  -202    49   -45  -0.07
2024 283 17 32   -4.40    2.88    1.68  -424.5    12.0   -24.9   4.09   64218.   274  -224    50   -45  -0.71
2024 283 17 33   -4.15    3.27    1.32  -424.5    12.0   -24.9   4.09   64218.   284  -234    50   -45  -0.56
2024 283 17 34   -4.31    3.10    1.11  -425.0    -8.1   -28.4   4.04   76058.   272  -225    47   -45  -0.47
2024 283 17 35   -4.03    3.36    1.10  -428.7    -9.8   -26.2   4.01   77026.   278  -223    55   -45  -0.47
2024 283 17 36   -4.16    3.55    0.08  -430.3    -9.6   -25.1   3.99   76934.   335  -274    61   -45  -0.03
2024 283 17 37   -4.01    3.47    1.25  -433.5    -6.6   -16.4   4.57   80425.   348  -279    69   -45  -0.54
2024 283 17 38   -3.84    3.51    1.06  -433.5    -6.6   -16.4   4.57   80425.   366  -294    72   -45  -0.46
2024 283 17 39   -4.13    3.48    0.92  -430.4    -9.5   -19.8   4.37   75347.   344  -283    61   -45  -0.40
2024 283 17 40   -4.20    3.33    1.16  -430.0    -9.8   -20.2   4.35   74749.   319  -268    51   -45  -0.50
2024 283 17 41   -4.11    3.00    2.19  -431.1    -5.1   -20.2   4.42   81887.   298  -253    45   -45  -0.95
2024 283 17 42   -4.08    3.40    0.66  -431.1    -4.4   -19.1   4.41   83829.   283  -239    44   -45  -0.28
2024 283 17 43   -3.96    2.93    1.99  -430.5     7.9     0.3   4.31  118035.   305  -256    49   -45  -0.86
2024 283 17 44   -3.80    2.80    0.88  -430.5     7.9     0.3   4.31  118035.   305  -259    46   -45  -0.38
2024 283 17 45   -3.78    2.43    3.27  -429.0    25.3   -55.4   4.11   50181.   306  -257    49   -45  -1.42
2024 283 17 46   -3.67    2.70    3.36  -429.0    25.3   -55.4   4.11   50181.   283  -236    47   -45  -1.46
2024 283 17 47 9999.99 9999.99 9999.99  -429.0    25.3   -55.4   4.11   50181.   263  -226    37   -44 999.99
2024 283 17 48 9999.99 9999.99 9999.99 99999.9 99999.9 99999.9 999.99 9999999.   231  -190    41   -44 999.99
2024 283 17 49 9999.99 9999.99 9999.99 99999.9 99999.9 99999.9 999.99 9999999.   210  -165    45   -44 999.99
2024 283 17 50 9999.99 9999.99 9999.99 99999.9 99999.9 99999.9 999.99 9999999.   180  -130    50   -44 999.99
2024 283 17 51   -3.88    2.94    2.73 99999.9 99999.9 99999.9 999.99 9999999.   182  -128    54   -44 999.99
2024 283 17 52   -3.88    2.94    2.73 99999.9 99999.9 99999.9 999.99 9999999.   174  -127    47   -44 999.99
2024 283 17 53   -3.25    1.89    4.17  -433.1     9.4   -32.0   3.71   95257.   180  -128    52   -44  -1.81
2024 283 17 54   -2.03   -0.04   -1.34  -448.8    10.6     0.5   3.67   76591.   244  -157    87   -44   0.60
2024 283 17 55   -1.65    0.50   -2.43  -444.8     8.2    -7.5   3.65   64382.   310  -200   110   -44   1.08
2024 283 17 56   -2.34    2.56   -1.09  -451.9     1.4     1.0   3.89   77541.   271  -204    67   -44   0.49
2024 283 17 57   -2.42    4.04   -1.85  -449.5    -6.1    13.6   4.03   85366.   247  -207    40   -43   0.83
2024 283 17 58   -2.23    4.27   -1.45  -446.4   -17.8    -3.4   3.83   81558.   266  -196    70   -43   0.65
2024 283 17 59   -2.99    2.00   -1.94  -433.8   -19.9   -14.4   3.98   80581.   326  -225   101   -43   0.84
2024 283 18  0   -3.03    0.02    3.68  -442.2     0.2   -27.5   3.70   70342.   363  -244   119   -43  -1.64
2024 283 18  1   -3.03    0.05    3.52  -432.3    29.3   -49.6   4.06   74641.   357  -254   103   -43  -1.54
2024 283 18  2   -3.30    1.48    0.37  -436.1    11.6   -39.5   4.02   76189.   336  -271    65   -43  -0.16
2024 283 18  3   -2.48    1.29   -1.75  -434.1     0.0   -23.8   4.36   63502.   340  -282    58   -43   0.76
2024 283 18  4   -2.35    0.72   -0.89 99999.9 99999.9 99999.9 999.99 9999999.   361  -290    71   -43 999.99
2024 283 18  5   -3.64    1.26    1.77 99999.9 99999.9 99999.9 999.99 9999999.   367  -300    67   -43 999.99
2024 283 18  6   -3.41    1.91    1.85 99999.9 99999.9 99999.9 999.99 9999999.   366  -297    69   -43 999.99
2024 283 18  7   -3.39    1.97    1.84  -436.8     3.3   -31.3   4.22   77280.   353  -285    68   -42  -0.81
2024 283 18  8   -3.76    2.27    1.84  -436.8     3.3   -31.3   4.22   77280.   351  -288    63   -43  -0.81
2024 283 18  9   -3.69    2.68    1.37  -436.8     3.3   -31.3   4.22   77280.   348  -283    65   -43  -0.60
2024 283 18 10   -3.61    2.80    2.62  -430.6    10.7   -35.0   3.85   73732.   345  -274    71   -42  -1.13
2024 283 18 11   -3.79    2.74    3.11  -436.0     7.9   -37.3   3.31   58947.   351  -273    78   -42  -1.36
2024 283 18 12   -3.72    3.25    3.10  -438.5     6.6   -38.3   3.05   52083.   351  -266    85   -42  -1.36
2024 283 18 13   -3.82    3.20    2.78 99999.9 99999.9 99999.9 999.99 9999999.   352  -264    88   -42 999.99
2024 283 18 14   -3.51    3.61    2.52 99999.9 99999.9 99999.9 999.99 9999999.   353  -262    91   -42 999.99
2024 283 18 15   -3.47    3.73    2.40 99999.9 99999.9 99999.9 999.99 9999999.   361  -266    95   -42 999.99
2024 283 18 16   -3.39    3.84    2.27  -442.2     4.4   -30.2   3.13   61875.   370  -273    97   -42  -1.01
2024 283 18 17   -3.32    3.88    2.27  -442.2     4.4   -30.2   3.13   61875.   360  -269    91   -43  -1.01
2024 283 18 18   -3.26    3.94    2.15 99999.9 99999.9 99999.9 999.99 9999999.   373  -289    84   -43 999.99
2024 283 18 19   -3.31    4.14    2.14 99999.9 99999.9 99999.9 999.99 9999999.   395  -318    77   -43 999.99
2024 283 18 20   -3.41    4.19    1.88 99999.9 99999.9 99999.9 999.99 9999999.   366  -288    78   -44 999.99
2024 283 18 21   -3.61    4.10    1.86 99999.9 99999.9 99999.9 999.99 9999999.   310  -233    77   -44 999.99
2024 283 18 22   -3.66    4.01    1.99  -432.0    -1.0   -27.6   3.12   56576.   264  -191    73   -43  -0.86
2024 283 18 23   -3.71    3.86    2.00  -432.0    -1.0   -27.6   3.12   56576.   244  -175    69   -43  -0.87
2024 283 18 24   -3.69    3.95    2.13  -432.0    -1.0   -27.6   3.12   56576.   224  -156    68   -43  -0.92
2024 283 18 25   -3.82    4.00    1.97 99999.9 99999.9 99999.9 999.99 9999999.   219  -148    71   -42 999.99
2024 283 18 26   -3.86    3.92    1.92 99999.9 99999.9 99999.9 999.99 9999999.   203  -132    71   -42 999.99
2024 283 18 27   -3.91    3.96    1.83 99999.9 99999.9 99999.9 999.99 9999999.   241  -172    69   -42 999.99
2024 283 18 28   -3.89    4.01    1.76  -429.4    -3.0   -27.6   3.34   58328.   284  -219    65   -43  -0.76
2024 283 18 29   -4.03    3.80    1.99  -429.4    -3.0   -27.6   3.34   58328.   269  -206    63   -43  -0.86
2024 283 18 30   -3.93    3.84    1.94  -429.4    -3.0   -27.6   3.34   58328.   217  -157    60   -43  -0.83
2024 283 18 31   -3.59    4.16    1.62 99999.9 99999.9 99999.9 999.99 9999999.   176  -121    55   -44 999.99
2024 283 18 32   -3.66    4.13    1.77 99999.9 99999.9 99999.9 999.99 9999999.   176  -127    49   -44 999.99
2024 283 18 33   -3.77    3.90    2.06  -442.3    -5.6   -21.6   3.76   79589.   172  -128    44   -44  -0.91
2024 283 18 34   -3.34    3.98    2.59  -442.3    -5.6   -21.6   3.76   79589.   160  -121    39   -44  -1.15
2024 283 18 35   -3.25    3.80    2.88  -438.2    -2.9   -39.8   3.23   55440.   147  -112    35   -44  -1.27
2024 283 18 36   -3.05    3.75    3.13  -438.2    -2.9   -39.8   3.23   55435.   139  -107    32   -44  -1.38
2024 283 18 37   -2.80    3.92    3.10 99999.9 99999.9 99999.9 999.99 9999999.   129   -99    30   -44 999.99
2024 283 18 38   -2.83    3.94    3.14 99999.9 99999.9 99999.9 999.99 9999999.   123   -92    31   -44 999.99
2024 283 18 39   -2.65    3.85    3.35 99999.9 99999.9 99999.9 999.99 9999999.   122   -90    32   -44 999.99
2024 283 18 40   -2.65    3.84    3.35 99999.9 99999.9 99999.9 999.99 9999999.   132   -93    39   -44 999.99
2024 283 18 41   -2.86    3.73    3.30  -438.9    -4.0   -39.0   3.31   65918.   141   -98    43   -44  -1.45
2024 283 18 42   -3.29    3.63    2.97  -438.5    -4.5   -39.2   3.26   64868.   157  -107    50   -43  -1.31
2024 283 18 43   -3.26    3.61    2.59  -437.6    -3.9   -35.8   3.55   63348.   166  -113    53   -44  -1.14
2024 283 18 44   -3.10    3.95    2.65  -436.6    -4.2   -38.6   3.33   58109.   173  -121    52   -44  -1.16
2024 283 18 45   -3.09    4.04    2.49  -436.0    -4.4   -40.4   3.18   54777.   257  -198    59   -44  -1.09
2024 283 18 46   -3.98    3.49    1.74 99999.9 99999.9 99999.9 999.99 9999999.   317  -258    59   -44 999.99
2024 283 18 47   -3.41    3.87    1.99  -437.0    -4.3   -28.9   3.42   63580.   253  -188    65   -44  -0.87
2024 283 18 48   -2.86    3.55    3.25  -437.9    -5.6   -25.1   3.52   69284.   188  -117    71   -44  -1.43
2024 283 18 49   -3.06    4.03    2.59  -439.6    -7.7   -18.7   3.68   78975.   183  -115    68   -43  -1.14
2024 283 18 50   -3.37    4.18    1.64  -439.2    -8.3   -22.5   3.42   76977.   181  -110    71   -43  -0.72
2024 283 18 51   -3.24    4.00    2.12  -437.9    -7.2   -25.1   3.44   78741.   181  -107    74   -43  -0.93
2024 283 18 52   -3.44    4.20    1.75  -433.1    -0.8   -36.9   3.60   92099.   175  -101    74   -43  -0.76
2024 283 18 53   -3.16    3.27    3.18  -440.7    -2.9   -26.6   3.71   97985.   163   -94    69   -43  -1.40
2024 283 18 54   -2.25    4.31    2.38  -454.0    -6.5   -30.5   3.44   64179.   154   -87    67   -43  -1.08
2024 283 18 55   -2.69    4.08    2.65  -442.9    -2.2   -25.0   3.33   61923.   147   -83    64   -42  -1.18
2024 283 18 56   -1.99    4.29    3.06  -445.5    -2.6   -27.1   3.45   61520.   167   -85    82   -43  -1.37
2024 283 18 57   -2.62    4.03    2.84  -452.1    -4.8   -31.0   3.58   62262.   179   -89    90   -42  -1.29
2024 283 18 58   -3.22    3.81    2.48  -439.6    -6.0   -35.6   2.99   45886.   177   -88    89   -42  -1.09
2024 283 18 59   -3.18    3.85    2.30  -439.6    -6.0   -35.6   2.99   45886.   209  -102   107   -43  -1.01
2024 283 19  0   -3.21    3.99    2.24  -439.4    -7.0   -34.6   3.07   52412.   186  -102    84   -43  -0.99
2024 283 19  1   -3.02    4.00    2.42  -440.6    -7.3   -30.5   3.25   63592.   174   -81    93   -42  -1.07
2024 283 19  2   -2.87    4.04    2.58  -443.8    -6.5   -21.8   3.58   81531.   206   -88   118   -42  -1.15
2024 283 19  3   -2.69    4.00    3.01  -445.3     0.5   -32.4   2.91  112438.   201   -90   111   -42  -1.34
2024 283 19  4   -2.81    4.02    3.13  -445.3     0.5   -32.4   2.91  112438.   176   -90    86   -42  -1.40
2024 283 19  5   -2.95    3.99    3.11  -443.7    -0.1   -33.2   3.06   46217.   164   -84    80   -42  -1.38
2024 283 19  6   -3.08    3.76    2.94  -445.1     1.1   -33.7   3.11   71428.   158   -81    77   -42  -1.31
2024 283 19  7   -2.99    4.04    2.72  -446.2     2.1   -34.1   3.14   93680.   154   -83    71   -42  -1.22
2024 283 19  8   -3.21    3.87    2.66  -445.4    -6.4   -33.1   3.37   91776.   155   -89    66   -42  -1.19
2024 283 19  9   -3.71    3.56    2.67  -446.8   -13.3   -38.6   3.00  116636.   154   -93    61   -42  -1.20
2024 283 19 10   -3.13    3.48    3.23 99999.9 99999.9 99999.9 999.99 9999999.   157   -89    68   -42 999.99
2024 283 19 11   -3.69    3.26    2.74 99999.9 99999.9 99999.9 999.99 9999999.   134   -81    53   -42 999.99
2024 283 19 12   -3.23    4.28    1.60  -441.1   -19.6   -35.3   3.22   58855.   125   -82    43   -42  -0.71
2024 283 19 13   -3.51    3.90    1.75  -439.0   -10.0   -35.1   3.10   60531.   135   -94    41   -42  -0.77
2024 283 19 14   -3.93    3.46    1.04  -439.4     1.3   -30.0   3.05   82298.   138  -102    36   -42  -0.46
2024 283 19 15   -4.07    3.54   -0.82  -428.6   -21.3    -1.3   3.11   62663.   124  -101    23   -42   0.35
2024 283 19 16   -3.08    4.08    2.60  -426.3   -25.9     4.1   3.12   57393.   127  -101    26   -42  -1.11
2024 283 19 17   -2.65    4.22    3.01  -449.1     2.5   -30.3   3.09   57393.   140  -111    29   -42  -1.36
2024 283 19 18   -2.39    3.41    3.83  -449.1     2.5   -30.3   3.09   57393.   144  -116    28   -42  -1.72
2024 283 19 19   -2.82    4.08    2.21  -445.6     2.9   -39.4   3.25   50584.   152  -118    34   -41  -0.99
2024 283 19 20   -3.84    3.88    0.85  -446.7    -5.5   -37.9   3.44   61159.   175  -123    52   -41  -0.38
2024 283 19 21   -3.79    3.98    0.89  -447.1    -8.6   -37.3   3.52   65049.   181  -124    57   -41  -0.40
2024 283 19 22   -2.90    4.57    1.21 99999.9 99999.9 99999.9 999.99 9999999.   164  -122    42   -41 999.99
2024 283 19 23   -3.18    4.47    1.19  -438.1    -2.1   -35.6   3.12   51162.   150  -118    32   -41  -0.52
2024 283 19 24   -3.29    4.24    1.57  -438.1    -2.1   -35.6   3.12   51162.   152  -117    35   -40  -0.69
2024 283 19 25   -3.42    3.98    1.89  -435.0    -7.7   -33.2   3.19   56452.   157  -120    37   -40  -0.82
2024 283 19 26   -3.35    3.79    2.00  -435.1    -9.1   -33.4   2.95   52521.   154  -120    34   -40  -0.87
2024 283 19 27   -3.60    4.16    0.58  -433.7   -13.3   -28.6   3.10   58743.   139  -112    27   -40  -0.25
2024 283 19 28   -3.70    4.00    0.61  -432.4   -15.8   -25.9   3.28   64336.   138  -111    27   -39  -0.26
2024 283 19 29   -4.00    3.73    0.63 99999.9 99999.9 99999.9 999.99 9999999.   137  -112    25   -39 999.99
2024 283 19 30   -3.68    4.22   -0.31  -432.3   -10.2   -17.9   3.45   68424.   142  -111    31   -39   0.13
2024 283 19 31   -3.83    4.12   -0.54  -432.0    -9.8   -16.8   3.55   70899.   180  -113    67   -39   0.23
2024 283 19 32   -3.94    4.03   -0.53  -432.3   -16.3    -6.8   3.58   74028.   168  -116    52   -38   0.23
2024 283 19 33   -4.11    3.92   -0.28  -432.3   -16.3    -6.8   3.58   74028.   135  -115    20   -38   0.12
2024 283 19 34   -4.16    3.77   -0.36  -428.4    -4.6   -16.6   2.90   60272.   135  -116    19   -38   0.15
2024 283 19 35   -4.62    3.15   -0.16  -426.9    -9.8   -18.3   2.97   56456.   133  -113    20   -39   0.07
2024 283 19 36   -4.21    3.63   -0.62  -427.6   -10.7   -19.8   3.03   53562.   122  -107    15   -38   0.27
2024 283 19 37   -4.04    3.76   -1.01  -432.9     4.3   -25.9   3.12   48180.   114   -99    15   -38   0.44
2024 283 19 38   -4.05    3.43   -1.93  -432.1   -21.7     3.4   3.09   53521.   105   -92    13   -38   0.84
2024 283 19 39   -3.97    3.74   -1.29  -432.0   -23.2     4.8   3.09   53888.    99   -86    13   -39   0.56
2024 283 19 40   -3.92    3.85   -1.23  -428.3   -23.9    -2.8   3.07   55471.    88   -77    11   -39   0.53
2024 283 19 41   -3.80    3.71   -1.44  -428.3   -23.9    -2.8   3.07   55471.    91   -72    19   -39   0.62
2024 283 19 42   -3.70    3.69   -1.74 99999.9 99999.9 99999.9 999.99 9999999.   107   -89    18   -39 999.99
2024 283 19 43   -3.55    4.01   -1.72  -433.5   -13.7    -2.1   3.25   66571.   108  -103     5   -38   0.75
2024 283 19 44   -3.46    4.32   -1.50  -433.9   -23.5    -1.6   3.19   63003.   117  -115     2   -38   0.65
2024 283 19 45   -3.16    4.53   -1.42  -434.0   -27.4    -1.4   3.16   61604.   122  -119     3   -38   0.62
2024 283 19 46   -3.68    4.11   -0.86 99999.9 99999.9 99999.9 999.99 9999999.   103   -99     4   -38 999.99
2024 283 19 47   -3.79    4.11   -0.80  -430.0   -10.2    -7.5   3.83   84625.    77   -73     4   -38   0.34
2024 283 19 48   -4.11    3.83   -0.98  -430.0   -10.2    -7.5   3.83   84625.    53   -49     4   -38   0.42
2024 283 19 49   -4.00    3.72   -1.31  -430.7   -19.7    -6.0   3.32   67061.    56   -52     4   -38   0.57
2024 283 19 50   -3.54    3.88   -2.00  -428.4   -21.1     0.6   2.79   46957.    55   -50     5   -38   0.86
2024 283 19 51   -3.40    3.82   -2.39  -425.4   -13.5     5.9   2.73   43466.    61   -55     6   -38   1.02
2024 283 19 52   -3.91    3.09   -2.77  -432.9   -20.9     6.4   3.14   60184.    71   -60    11   -38   1.20
2024 283 19 53   -3.71    3.22   -2.93  -432.9   -20.9     6.4   3.14   60184.    80   -62    18   -38   1.27
2024 283 19 54   -3.21    3.36   -3.32  -427.2   -19.8    10.8   3.39   69445.    89   -66    23   -38   1.42
2024 283 19 55   -3.87    4.15   -0.33  -433.9   -19.3     9.5   3.58   71932.    88   -66    22   -38   0.14
2024 283 19 56   -3.72    4.39   -0.38  -437.5   -18.4    -1.1   3.43   65609.    88   -67    21   -37   0.17
2024 283 19 57   -3.84    4.15   -0.51  -432.6   -17.4   -21.1   2.79   47432.    92   -71    21   -37   0.22
2024 283 19 58   -4.34    3.30   -1.42  -426.5   -26.3    -9.8   2.90   55113.    93   -72    21   -37   0.61
2024 283 19 59   -3.89    4.03   -1.05  -427.9   -26.2    -9.9   2.94   53756.    94   -70    24   -37   0.45
2024 283 20  0   -3.84    4.09   -0.82  -429.5   -26.0   -10.1   2.99   52152.    96   -73    23   -37   0.35
2024 283 20  1   -4.17    3.86   -0.10 99999.9 99999.9 99999.9 999.99 9999999.   108   -85    23   -37 999.99
2024 283 20  2   -3.71    4.16   -0.71  -432.9   -14.4   -17.6   3.58   77602.   132  -106    26   -37   0.31
2024 283 20  3   -3.92    3.93   -0.65  -433.8   -24.5   -18.2   3.47   65430.   150  -119    31   -37   0.28
2024 283 20  4   -4.21    3.65    0.17  -431.8   -18.9   -15.1   3.10   60831.   150  -122    28   -36  -0.07
2024 283 20  5   -3.83    3.88   -0.55 99999.9 99999.9 99999.9 999.99 9999999.   160  -126    34   -36 999.99
2024 283 20  6   -3.16    4.20   -1.57  -438.7   -17.8    -6.1   3.87   91832.   180  -136    44   -37   0.69
2024 283 20  7   -3.42    4.13   -1.30  -438.7   -17.8    -6.1   3.87   91832.   188  -144    44   -37   0.57
2024 283 20  8   -2.82    4.36   -2.01  -441.4   -22.1    -1.6   4.11  102392.   186  -147    39   -36   0.89
2024 283 20  9   -2.94    4.17   -1.06  -442.0   -23.1    -0.6   4.17  104800.   189  -147    42   -36   0.47
2024 283 20 10   -3.71    3.97    0.29 99999.9 99999.9 99999.9 999.99 9999999.   183  -138    45   -36 999.99
2024 283 20 11   -4.01    3.66    0.48 99999.9 99999.9 99999.9 999.99 9999999.   172  -130    42   -36 999.99
2024 283 20 12   -3.88    3.71    0.49  -434.5   -12.9   -23.2   4.06  108713.   171  -129    42   -35  -0.21
2024 283 20 13   -3.44    4.14    0.53  -434.5   -12.9   -23.2   4.06  108713.   188  -145    43   -36  -0.23
2024 283 20 14   -3.06    4.45    0.68  -434.5   -12.9   -23.2   4.06  108713.   179  -134    45   -36  -0.30
2024 283 20 15   -3.25    4.34    0.42 99999.9 99999.9 99999.9 999.99 9999999.   183  -138    45   -36 999.99
2024 283 20 16   -3.74    3.89    0.61  -435.9    -3.5   -28.5   3.79   92967.   176  -136    40   -36  -0.27
2024 283 20 17   -3.35    4.20    0.24  -435.9    -3.5   -28.5   3.79   92967.   177  -138    39   -36  -0.10
2024 283 20 18   -1.31    5.05    1.23  -435.9    -3.5   -28.5   3.79   92967.   187  -145    42   -36  -0.54
2024 283 20 19   -2.75    3.84   -0.07  -433.1    -8.4     1.4   4.07   78801.   200  -154    46   -37   0.03
2024 283 20 20   -3.94    3.35   -1.36  -430.2    -5.3    -3.6   4.10   69847.   197  -150    47   -36   0.59
2024 283 20 21   -3.98    3.61   -1.17  -430.9    -8.5    -4.8   3.92   70807.   200  -152    48   -36   0.50
2024 283 20 22   -4.09    3.46   -1.25  -432.3    -7.6    -4.3   4.30   98223.   195  -150    45   -36   0.54
2024 283 20 23   -4.21    3.29   -1.28  -430.5    -5.9    -6.4   4.36  116389.   186  -145    41   -37   0.55
2024 283 20 24 9999.99 9999.99 9999.99  -428.6    -5.0    -8.3   4.40  131492.   171  -135    36   -37 999.99
2024 283 20 25   -2.75    4.02   -2.02  -440.3   -12.3    10.9   3.86   70970.   156  -124    32   -37   0.89
2024 283 20 26   -3.45    3.67   -1.81  -440.3   -13.6     4.1   3.99   73147.   147  -114    33   -37   0.80
2024 283 20 27   -2.92    3.49   -3.04  -436.9    -7.0    -7.6   4.27   88924.   147  -111    36   -37   1.33
2024 283 20 28   -2.77    3.12   -3.62 99999.9 99999.9 99999.9 999.99 9999999.   143  -109    34   -37 999.99
2024 283 20 29   -2.91    2.84   -3.77  -435.6   -16.0    23.5   3.15   53149.   143  -108    35   -37   1.65
2024 283 20 30   -2.87    2.50   -4.08  -437.4   -12.1    19.5   3.54   67634.   141  -107    34   -36   1.79
2024 283 20 31   -3.54    3.51   -1.95  -439.0   -12.2     7.1   4.03   80980.   141  -107    34   -37   0.86
2024 283 20 32   -3.38    3.69   -2.34  -435.3   -13.4    -0.1   4.09   88070.   143  -110    33   -37   1.02
2024 283 20 33   -2.90    3.94   -2.47  -438.6   -13.9    10.7   4.07   78843.   144  -113    31   -36   1.08
2024 283 20 34   -2.54    4.05   -2.43  -441.3   -33.6     3.4   3.83   72298.   146  -117    29   -36   1.08
2024 283 20 35   -3.29    3.61   -2.31  -437.6   -21.2    -1.8   4.08   82647.   149  -120    29   -36   1.01
2024 283 20 36   -3.06    3.57   -2.82  -435.1   -12.6    -5.3   4.25   89769.   159  -122    37   -36   1.23
2024 283 20 37   -3.07    3.29   -3.13  -435.4   -13.9     4.3   4.11   87730.   164  -122    42   -36   1.36
2024 283 20 38   -2.38    3.33   -3.54  -436.7   -14.2     5.0   4.13   85217.   161  -120    41   -36   1.55
2024 283 20 39   -1.76    4.40   -2.89  -444.1   -16.0     9.1   4.26   71261.   154  -115    39   -35   1.28
2024 283 20 40   -2.26    4.42   -2.36  -444.1   -16.0     9.1   4.26   71261.   152  -108    44   -35   1.05
2024 283 20 41 9999.99 9999.99 9999.99 99999.9 99999.9 99999.9 999.99 9999999.   154  -105    49   -35 999.99
2024 283 20 42   -1.98    4.76   -1.84 99999.9 99999.9 99999.9 999.99 9999999.   157  -108    49   -35 999.99
2024 283 20 43   -2.06    4.89   -1.39  -442.9   -19.8     5.1   3.64   71635.   157  -103    54   -35   0.62
2024 283 20 44   -1.76    4.65   -1.97  -442.9   -19.8     5.1   3.64   71635.   154  -100    54   -34   0.87
2024 283 20 45   -1.40    4.85   -1.83  -446.4   -20.8     4.3   3.59   76020.   160  -105    55   -34   0.82
2024 283 20 46   -1.30    4.93   -1.82  -448.1   -21.2     2.6   3.50   77955.   172  -110    62   -34   0.82
2024 283 20 47   -2.16    4.43   -2.17  -451.9   -21.5    -6.1   3.00   81487.   192  -124    68   -34   0.98
2024 283 20 48   -2.59    4.22   -2.30  -451.9   -21.5    -6.1   3.00   81487.   206  -134    72   -34   1.04
2024 283 20 49   -2.98    3.97   -2.33  -434.1   -32.6    10.5   3.99   69438.   214  -140    74   -34   1.01
2024 283 20 50   -2.18    4.71   -1.59  -440.5   -34.3     7.1   4.01   69692.   218  -146    72   -35   0.70
2024 283 20 51   -2.46    4.28   -2.20  -446.7   -35.9     3.7   4.02   69938.   213  -149    64   -35   0.99
2024 283 20 52   -2.49    4.49   -1.59 99999.9 99999.9 99999.9 999.99 9999999.   203  -148    55   -35 999.99
2024 283 20 53   -2.30    4.52   -1.42  -437.9   -11.5     2.5   4.06   85147.   200  -146    54   -34   0.62
2024 283 20 54   -2.71    4.41   -1.04  -445.8   -12.9   -10.2   3.97   79520.   213  -149    64   -34   0.46
2024 283 20 55   -2.22    4.64   -1.05  -450.6   -13.8   -18.0   3.92   76078.   237  -161    76   -34   0.47
2024 283 20 56   -1.26    4.47   -2.43  -450.3   -10.4    -6.8   3.58   71843.   257  -173    84   -34   1.09
2024 283 20 57   -1.74    4.52   -2.19  -454.2   -22.4    -6.6   4.15   73853.   272  -183    89   -34   1.00
2024 283 20 58   -2.63    4.13   -2.26  -456.9   -30.8    -6.5   4.57   75280.   270  -186    84   -35   1.04
2024 283 20 59   -2.83    3.91   -2.47 99999.9 99999.9 99999.9 999.99 9999999.   256  -173    83   -35 999.99
2024 283 21  0   -2.69    4.06   -2.35  -443.6   -14.8     6.4   3.69   65605.   237  -156    81   -35   1.04
2024 283 21  1   -2.26    4.22   -2.51  -443.6   -14.7     6.2   3.69   65504.   226  -147    79   -35   1.11
2024 283 21  2   -2.38    4.23   -2.27  -447.7    -0.9   -17.3   3.92   53410.   222  -143    79   -36   1.02
2024 283 21  3   -1.62    4.65   -2.05  -446.2   -15.2    -5.8   4.03   71690.   218  -142    76   -36   0.92
2024 283 21  4   -1.75    4.73   -2.06  -445.7   -20.0    -1.9   4.06   77713.   218  -143    75   -36   0.92
2024 283 21  5   -1.99    4.41   -2.73  -442.7   -19.2     4.3   3.57   65845.   221  -148    73   -36   1.21
2024 283 21  6   -1.86    4.39   -2.57  -442.8   -21.4     4.9   3.60   66138.   223  -150    73   -36   1.14
2024 283 21  7   -1.96    4.18   -2.56  -443.2   -30.6     7.4   3.76   67370.   225  -153    72   -37   1.14
2024 283 21  8   -1.93    4.28   -2.64  -441.5   -22.5     4.6   3.45   61403.   229  -157    72   -37   1.17
2024 283 21  9   -1.66    4.32   -2.68  -441.4   -21.9     4.4   3.43   60988.   231  -159    72   -36   1.18
2024 283 21 10   -0.80    4.48   -3.05  -452.7   -18.7     6.8   3.23   51476.   233  -164    69   -36   1.38
2024 283 21 11   -0.50    4.69   -3.05  -453.1   -16.5     4.9   3.32   53106.   244  -172    72   -36   1.38
2024 283 21 12   -0.73    4.92   -2.70  -451.6   -20.1    -0.3   3.44   49833.   249  -174    75   -36   1.22
2024 283 21 13   -0.86    5.14   -1.96  -450.5   -19.9    -3.7   3.46   52318.   268  -187    81   -36   0.88
2024 283 21 14   -0.64    5.07   -2.17  -449.5   -20.7    -4.4   3.23   50889.   263  -181    82   -36   0.98
2024 283 21 15   -2.64    4.27   -1.22  -449.1   -20.2    -0.6   3.06   49156.   269  -188    81   -36   0.55
2024 283 21 16   -4.36    3.11    0.15  -442.0   -11.7   -11.5   3.36   56180.   266  -187    79   -36  -0.07
2024 283 21 17   -1.73    4.11   -2.03  -439.1    -8.8   -13.2   3.31   58305.   257  -182    75   -36   0.89
2024 283 21 18   -5.42    1.74    0.49  -451.9   -14.7    -1.9   3.34   65651.   282  -201    81   -35  -0.22
2024 283 21 19   -5.32    2.05    0.49 99999.9 99999.9 99999.9 999.99 9999999.   285  -202    83   -36 999.99
2024 283 21 20   -5.14    2.46    0.39  -431.7   -15.2    -5.2   3.88   59537.   280  -197    83   -36  -0.17
2024 283 21 21   -5.15    2.49    0.32  -431.7   -15.2    -5.2   3.88   59537.   278  -199    79   -36  -0.14
2024 283 21 22   -4.80    3.01   -0.01 99999.9 99999.9 99999.9 999.99 9999999.   280  -205    75   -36 999.99
2024 283 21 23   -5.10    2.24    0.93 99999.9 99999.9 99999.9 999.99 9999999.   281  -202    79   -36 999.99
2024 283 21 24   -5.25    1.92    1.12  -425.4     7.3   -18.0   3.22   46146.   281  -200    81   -37  -0.48
2024 283 21 25   -5.46    1.42    0.93  -424.6     5.1   -16.5   2.89   36301.   284  -202    82   -37  -0.40
2024 283 21 26   -5.41    1.63    0.72  -426.7     4.1   -21.2   3.10   43307.   303  -219    84   -38  -0.31
2024 283 21 27   -5.35    1.83    0.69  -426.5     6.7   -17.9   3.22   42779.   303  -223    80   -37  -0.29
2024 283 21 28   -5.15    2.04    0.52  -424.9     8.9   -11.7   3.09   34472.   306  -224    82   -37  -0.22
2024 283 21 29   -5.15    2.04    0.52 99999.9 99999.9 99999.9 999.99 9999999.   302  -223    79   -37 999.99
2024 283 21 30 9999.99 9999.99 9999.99 99999.9 99999.9 99999.9 999.99 9999999.   314  -235    79   -38 999.99
2024 283 21 31 9999.99 9999.99 9999.99 99999.9 99999.9 99999.9 999.99 9999999.   318  -233    85   -37 999.99
2024 283 21 32   -5.16    2.13    0.53 99999.9 99999.9 99999.9 999.99 9999999.   335  -234   101   -38 999.99
2024 283 21 33   -5.11    2.45    0.37 99999.9 99999.9 99999.9 999.99 9999999.   336  -228   108   -38 999.99
2024 283 21 34   -5.37    1.01    1.09  -427.5     8.9   -26.4   3.05   32339.   327  -226   101   -38  -0.47
2024 283 21 35   -5.16    1.65    0.51  -427.5     8.9   -26.4   3.05   32339.   357  -237   120   -38  -0.22
2024 283 21 36   -5.20    2.04    0.53  -426.1     0.9   -15.3   3.48   60251.   341  -232   109   -38  -0.23
2024 283 21 37   -5.02    2.32    0.47  -426.0    -7.2   -16.0   3.26   61867.   338  -221   117   -39  -0.20
2024 283 21 38   -4.94    2.54    0.19  -428.5   -12.5   -16.9   3.35   62684.   353  -220   133   -39  -0.08
2024 283 21 39   -4.26    3.30   -0.97  -432.3   -15.7   -16.1   3.55   66806.   332  -200   132   -39   0.42
2024 283 21 40   -4.67    2.87   -0.51 99999.9 99999.9 99999.9 999.99 9999999.   310  -184   126   -39 999.99
2024 283 21 41   -4.94    2.41   -0.67 99999.9 99999.9 99999.9 999.99 9999999.   306  -184   122   -39 999.99
2024 283 21 42   -4.87    2.70   -0.00 99999.9 99999.9 99999.9 999.99 9999999.   283  -176   107   -39 999.99
2024 283 21 43   -4.66    2.99   -0.13  -433.4   -29.1     1.8   3.75   76891.   277  -169   108   -40   0.06
2024 283 21 44   -4.45    3.28   -0.23  -433.4   -29.1     1.8   3.75   76891.   270  -162   108   -40   0.10
2024 283 21 45   -4.25    3.59   -0.75  -433.4   -29.1     1.8   3.75   76891.   278  -164   114   -40   0.33
2024 283 21 46   -4.46    3.37   -0.61 99999.9 99999.9 99999.9 999.99 9999999.   269  -162   107   -40 999.99
2024 283 21 47   -4.97    2.64   -0.45  -435.8   -32.8    11.8   3.49   44760.   249  -156    93   -40   0.20
2024 283 21 48   -4.40    3.30   -1.28  -435.8   -32.8    11.8   3.49   44760.   241  -154    87   -40   0.56
2024 283 21 49   -4.25    3.45   -1.30 99999.9 99999.9 99999.9 999.99 9999999.   242  -150    92   -40 999.99
2024 283 21 50   -3.99    3.81   -0.82 99999.9 99999.9 99999.9 999.99 9999999.   247  -152    95   -40 999.99
2024 283 21 51   -3.84    3.80   -1.48  -431.3   -20.9    -0.7   4.24   77843.   252  -150   102   -40   0.64
2024 283 21 52   -4.11    3.48   -1.68  -431.3   -20.9    -0.7   4.24   77843.   259  -143   116   -40   0.73
2024 283 21 53   -4.05    3.91   -0.36  -431.3   -20.9    -0.7   4.24   77843.   279  -146   133   -40   0.16
2024 283 21 54   -3.99    4.02    0.12 99999.9 99999.9 99999.9 999.99 9999999.   278  -146   132   -40 999.99
2024 283 21 55   -3.46    4.43    0.14 99999.9 99999.9 99999.9 999.99 9999999.   250  -137   113   -40 999.99
2024 283 21 56   -3.00    4.67   -0.40  -447.5    -1.9    -7.6   4.07   59044.   221  -130    91   -40   0.18
2024 283 21 57   -2.85    4.72   -0.99  -447.5    -1.9    -7.6   4.07   59044.   222  -142    80   -40   0.44
2024 283 21 58   -3.62    4.22   -0.76  -447.5    -1.9    -7.6   4.07   59044.   232  -155    77   -39   0.34
2024 283 21 59   -3.79    4.09   -0.50  -428.0   -18.1     4.1   2.88   36970.   243  -157    86   -39   0.21
2024 283 22  0   -3.95    3.97   -0.55  -428.0   -18.1     4.1   2.88   36970.   260  -157   103   -39   0.24
2024 283 22  1   -3.66    3.76   -1.80  -428.0   -18.1     4.1   2.88   36970.   254  -150   104   -39   0.77
2024 283 22  2   -3.49    4.38   -0.53  -439.0   -17.2     3.1   3.67   77193.   249  -140   109   -38   0.23
2024 283 22  3   -4.07    3.92   -0.35  -439.0   -17.2     3.1   3.67   77193.   246  -140   106   -38   0.15
2024 283 22  4 9999.99 9999.99 9999.99 99999.9 99999.9 99999.9 999.99 9999999.   238  -135   103   -38 999.99
2024 283 22  5   -4.14    3.55   -0.19  -431.4   -22.3     7.4   4.16   72973.   237  -135   102   -38   0.08
2024 283 22  6   -4.10    3.55   -1.49  -431.4   -22.3     7.4   4.16   72973.   220  -135    85   -38   0.64
2024 283 22  7   -4.04    3.72   -1.41  -431.4   -22.3     7.4   4.16   72973.   186  -132    54   -38   0.61
2024 283 22  8   -4.27    3.51   -1.20 99999.9 99999.9 99999.9 999.99 9999999.   180  -132    48   -38 999.99
2024 283 22  9   -4.42    3.34   -0.70  -429.0    -6.2   -15.3   3.63   45057.   171  -129    42   -37   0.30
2024 283 22 10   -4.19    3.51   -0.95  -429.0    -6.2   -15.3   3.63   45057.   174  -129    45   -37   0.41
2024 283 22 11   -4.28    3.15   -1.54  -429.0    -6.2   -15.3   3.63   45057.   190  -130    60   -37   0.66
2024 283 22 12   -4.53    2.94   -1.34 99999.9 99999.9 99999.9 999.99 9999999.   203  -132    71   -37 999.99
2024 283 22 13   -4.79    2.42   -1.34  -429.9   -18.4    12.1   3.77   55986.   238  -136   102   -37   0.58
2024 283 22 14   -4.92    2.23   -1.25  -426.4   -12.2     8.5   3.72   59196.   252  -144   108   -37   0.53
2024 283 22 15   -4.96    2.15   -0.94  -423.4    -6.8     5.3   3.67   61981.   254  -149   105   -36   0.40
2024 283 22 16   -4.83    2.62   -0.04  -427.7    -9.4    -7.5   3.59   52333.   221  -147    74   -36   0.02
2024 283 22 17   -4.96    2.36   -0.84  -424.5    -9.9    -5.2   3.27   44572.   209  -152    57   -36   0.36
2024 283 22 18   -5.33    1.67   -0.59  -421.1    -6.0    -4.2   3.47   50919.   217  -157    60   -35   0.25
2024 283 22 19   -5.37    1.36   -0.91 99999.9 99999.9 99999.9 999.99 9999999.   209  -158    51   -35 999.99
2024 283 22 20   -5.37    1.36   -0.91 99999.9 99999.9 99999.9 999.99 9999999.   205  -155    50   -35 999.99
2024 283 22 21   -4.88    2.48   -1.17 99999.9 99999.9 99999.9 999.99 9999999.   206  -155    51   -35 999.99
2024 283 22 22 9999.99 9999.99 9999.99 99999.9 99999.9 99999.9 999.99 9999999.   215  -160    55   -35 999.99
2024 283 22 23   -4.85    2.55   -1.21  -423.1     2.9     5.5   3.86   63041.   222  -163    59   -34   0.51
2024 283 22 24   -4.31    3.00   -1.87  -423.1     2.9     5.5   3.86   63041.   229  -165    64   -34   0.79
2024 283 22 25   -2.79    3.02   -3.78  -429.3    -2.6    14.3   3.68   60271.   237  -167    70   -33   1.62
2024 283 22 26   -3.73    2.83   -2.60  -438.3   -11.3    24.9   3.39   54588.   229  -168    61   -33   1.14
2024 283 22 27   -3.73    3.50   -1.75  -440.1   -23.7    15.5   3.00   38571.   234  -168    66   -33   0.77
2024 283 22 28   -4.41    3.13   -1.57  -427.5   -10.0     4.3   2.91   35868.   232  -170    62   -32   0.67
2024 283 22 29   -4.57    2.98   -1.62  -427.1    -7.0     7.6   3.21   45144.   240  -179    61   -32   0.69
2024 283 22 30   -4.30    3.59   -0.94  -428.1    -6.6    10.1   3.37   49466.   253  -191    62   -31   0.40
2024 283 22 31   -4.05    2.35   -2.19  -431.3    -1.7    14.2   2.59   33892.   257  -193    64   -31   0.95
2024 283 22 32   -4.01    2.52   -2.46  -430.1    -5.4    12.5   2.49   32694.   256  -195    61   -31   1.06
2024 283 22 33   -3.65    3.37   -2.30  -425.3   -19.5    -1.8   2.96   43018.   273  -209    64   -30   0.98
2024 283 22 34   -3.91    2.95   -2.25  -435.8   -14.3    11.3   3.25   52753.   299  -217    82   -30   0.98
2024 283 22 35   -4.05    3.18   -1.88  -444.1   -22.5     7.1   3.17   45995.   327  -225   102   -30   0.84
2024 283 22 36   -3.30    2.36   -2.48  -441.0   -14.9     9.9   3.21   51265.   332  -227   105   -30   1.10
2024 283 22 37   -3.55    2.31   -2.01  -434.8    -7.8     8.8   3.06   45076.   326  -223   103   -30   0.87
2024 283 22 38   -2.02    3.49   -2.27  -439.9   -13.0     5.8   3.28   52882.   313  -217    96   -30   1.00
2024 283 22 39   -2.14    3.66   -2.33  -438.0   -17.7     6.1   3.34   56430.   316  -220    96   -30   1.02
2024 283 22 40   -0.63    3.81   -1.84  -431.1   -24.5     7.0   3.13   55361.   344  -223   121   -29   0.79
2024 283 22 41   -1.34    2.83   -1.89 99999.9 99999.9 99999.9 999.99 9999999.   340  -222   118   -29 999.99
2024 283 22 42   -4.47    1.82   -1.40 99999.9 99999.9 99999.9 999.99 9999999.   332  -223   109   -29 999.99
2024 283 22 43   -3.98    1.61   -1.31  -415.0    11.7    -4.8   3.65   47060.   334  -218   116   -29   0.54
2024 283 22 44    3.65    3.87   -1.12  -415.0    11.7    -4.8   3.65   47060.   322  -203   119   -28   0.47
2024 283 22 45 9999.99 9999.99 9999.99  -415.0    11.7    -4.8   3.65   47060.   319  -200   119   -28 999.99
2024 283 22 46   -2.31    1.87   -1.62  -432.7    15.0    -0.6   3.24   39339.   352  -220   132   -27   0.70
2024 283 22 47    0.28    2.88   -1.04  -444.2    -1.8     0.6   3.20   48836.   389  -240   149   -27   0.46
2024 283 22 48   -0.72    2.49   -1.03  -486.0   -20.7   -19.0   3.60   57446.   397  -239   158   -28   0.50
2024 283 22 49   -4.20    2.48   -1.80  -435.8    -6.7     0.8   3.10   43552.   389  -230   159   -28   0.78
2024 283 22 50   -4.60    2.02   -1.60  -416.4    -1.3     8.5   2.90   38237.   376  -223   153   -28   0.67
2024 283 22 51   -5.26    0.13   -0.93 99999.9 99999.9 99999.9 999.99 9999999.   371  -223   148   -28 999.99
2024 283 22 52   -3.64    1.02   -1.20  -417.9    37.6    -1.0   3.87   84738.   393  -243   150   -28   0.50
2024 283 22 53   -3.54    2.38   -2.51  -428.2     6.5     7.2   3.91   89097.   417  -258   159   -28   1.08
2024 283 22 54   -4.10    1.40   -3.16  -429.3    -6.3    19.8   3.93   76409.   428  -264   164   -28   1.36
2024 283 22 55   -4.19    1.56   -2.97  -421.2     5.4    17.6   4.05   96800.   429  -262   167   -28   1.25
2024 283 22 56   -4.41    0.98   -2.80  -419.3    11.2    17.4   4.38   70856.   438  -268   170   -28   1.18
2024 283 22 57   -4.29    0.95   -2.56  -422.5    -4.9    13.0   3.76   51440.   429  -263   166   -28   1.08
2024 283 22 58   -4.34   -2.36   -1.77  -422.2    -2.1    12.4   3.78   53751.   398  -244   154   -28   0.75
2024 283 22 59   -3.43   -0.37   -2.22  -414.5    70.9    -3.4   4.17  113012.   380  -241   139   -27   0.93
2024 283 23  0   -2.94    2.90   -3.29  -414.5    70.9    -3.4   4.17  113012.   390  -253   137   -27   1.38
2024 283 23  1   -3.40    2.32   -3.27 99999.9 99999.9 99999.9 999.99 9999999.   407  -258   149   -27 999.99
2024 283 23  2   -3.80    1.92   -3.27 99999.9 99999.9 99999.9 999.99 9999999.   414  -257   157   -27 999.99
2024 283 23  3   -3.67    1.82   -3.14 99999.9 99999.9 99999.9 999.99 9999999.   436  -269   167   -28 999.99
2024 283 23  4   -2.68    2.56   -3.18  -447.7   -16.1    12.4   3.42   52507.   443  -264   179   -28   1.43
2024 283 23  5   -2.43    2.75   -3.13  -447.7   -16.1    12.4   3.42   52507.   445  -260   185   -29   1.40
2024 283 23  6   -2.35    2.63   -2.91  -447.7   -16.1    12.4   3.42   52507.   415  -236   179   -29   1.30
2024 283 23  7   -0.31    4.47   -3.13 99999.9 99999.9 99999.9 999.99 9999999.   366  -202   164   -29 999.99
2024 283 23  8   -0.39    4.28   -3.32 99999.9 99999.9 99999.9 999.99 9999999.   349  -204   145   -29 999.99
2024 283 23  9   -0.57    3.94   -3.62  -452.7   -12.8    13.8   3.71   39866.   336  -194   142   -29   1.64
2024 283 23 10   -0.55    3.91   -3.76  -452.7   -12.8    13.8   3.71   39866.   343  -194   149   -28   1.70
2024 283 23 11   -0.44    3.39   -4.28  -452.7   -12.8    13.8   3.71   39866.   338  -187   151   -28   1.94
2024 283 23 12   -0.13    2.52   -4.83 99999.9 99999.9 99999.9 999.99 9999999.   362  -206   156   -28 999.99
2024 283 23 13   -0.06    2.24   -4.99 99999.9 99999.9 99999.9 999.99 9999999.   375  -216   159   -27 999.99
2024 283 23 14   -1.48    2.95   -4.41  -456.8   -10.3    31.1   3.41   37300.   368  -206   162   -27   2.02
2024 283 23 15   -0.86    2.79   -4.52  -456.8   -10.3    31.1   3.41   37300.   381  -216   165   -27   2.07
2024 283 23 16   -0.93    2.49   -4.72  -446.7   -11.0    30.5   3.90   58591.   402  -230   172   -26   2.11
2024 283 23 17   -0.71    2.41   -4.70  -447.0   -10.6    29.7   3.89   57037.   412  -235   177   -26   2.11
2024 283 23 18 9999.99 9999.99 9999.99  -448.3    -8.8    26.2   3.87   50580.   416  -241   175   -25 999.99
2024 283 23 19    1.96   -3.45   -1.32  -448.3    -8.8    26.2   3.87   50565.   418  -248   170   -25   0.59
2024 283 23 20    0.09    0.98   -4.45 99999.9 99999.9 99999.9 999.99 9999999.   425  -255   170   -24 999.99
2024 283 23 21    2.31   -2.01   -3.77 99999.9 99999.9 99999.9 999.99 9999999.   459  -274   185   -25 999.99
2024 283 23 22   -1.78    1.28   -4.14  -469.2     2.9    12.4   3.15   39371.   487  -287   200   -25   1.94
2024 283 23 23    2.32   -0.13   -5.00  -469.2     2.9    12.4   3.15   39371.   495  -292   203   -25   2.35
2024 283 23 24   -2.65    3.97   -2.45 99999.9 99999.9 99999.9 999.99 9999999.   479  -285   194   -26 999.99
2024 283 23 25   -3.10    4.23   -1.95  -431.4   -30.6    11.3   3.24   83632.   457  -273   184   -26   0.84
2024 283 23 26   -3.00    4.27   -1.90  -431.4   -30.6    11.3   3.24   83632.   441  -270   171   -27   0.82
2024 283 23 27   -2.02    4.97   -0.58  -442.4   -37.4    -1.9   3.52   82467.   426  -264   162   -27   0.26
2024 283 23 28   -2.57    4.63   -0.83  -441.3   -35.9    -1.0   3.45   87374.   401  -245   156   -27   0.37
2024 283 23 29   -3.32    2.96   -2.66  -428.4   -18.6     8.8   2.73  143723.   392  -233   159   -28   1.14
2024 283 23 30   -3.69    3.01   -2.30  -428.4   -18.6     8.8   2.73  143723.   379  -222   157   -28   0.99
2024 283 23 31   -3.81    3.00   -2.17 99999.9 99999.9 99999.9 999.99 9999999.   360  -213   147   -28 999.99
2024 283 23 32   -3.67    2.96   -2.22 99999.9 99999.9 99999.9 999.99 9999999.   345  -210   135   -28 999.99
2024 283 23 33   -3.61    2.91   -2.32 99999.9 99999.9 99999.9 999.99 9999999.   339  -211   128   -29 999.99
2024 283 23 34   -2.67    1.10   -3.34  -420.7   -16.0    13.2   3.64   45753.   340  -213   127   -29   1.41
2024 283 23 35   -2.78    0.28   -3.66  -435.8     4.6    23.1   3.37   42265.   339  -209   130   -29   1.60
2024 283 23 36   -3.46    1.81   -3.56  -425.4     3.7    30.0   3.56   61143.   340  -208   132   -29   1.52
2024 283 23 37   -1.48   -2.55   -2.92  -453.5    46.1    21.0   3.31   37197.   343  -208   135   -30   1.33
2024 283 23 38   -2.01   -0.83   -4.46  -452.2    25.5     9.2   3.59   56855.   336  -200   136   -30   2.03
2024 283 23 39   -1.58   -2.05   -4.26  -450.0    17.0     8.9   3.62   60275.   334  -196   138   -30   1.93
2024 283 23 40    0.54   -3.58   -1.43  -429.6    21.7    40.6   3.03   42872.   337  -197   140   -30   0.62
2024 283 23 41   -0.42   -3.32   -1.22  -429.6    21.7    40.6   3.03   42872.   337  -199   138   -30   0.53
2024 283 23 42   -4.13   -3.11   -1.50 99999.9 99999.9 99999.9 999.99 9999999.   332  -199   133   -30 999.99
2024 283 23 43   -4.41   -2.40   -2.10 99999.9 99999.9 99999.9 999.99 9999999.   328  -200   128   -29 999.99
2024 283 23 44   -3.95   -3.41   -1.42 99999.9 99999.9 99999.9 999.99 9999999.   321  -194   127   -29 999.99
2024 283 23 45   -4.15   -2.87   -1.89  -413.3    41.5    21.3   2.77   32172.   321  -193   128   -29   0.79
2024 283 23 46   -4.80   -2.61   -0.75  -413.3    41.5    21.3   2.77   32172.   316  -188   128   -29   0.31
2024 283 23 47   -4.78   -2.78   -0.76  -413.3    41.5    21.3   2.77   32172.   313  -190   123   -29   0.32
2024 283 23 48   -4.75   -2.84   -0.66 99999.9 99999.9 99999.9 999.99 9999999.   307  -189   118   -28 999.99
2024 283 23 49   -3.92   -2.31   -2.89  -416.2    35.4    27.3   3.44   51948.   307  -191   116   -29   1.21
2024 283 23 50   -4.60   -1.58   -2.20  -410.4    34.4    16.1   3.41   49457.   305  -193   112   -29   0.91
2024 283 23 51   -4.66   -1.62   -2.28  -416.1    21.7    14.7   3.89   58416.   299  -189   110   -29   0.95
2024 283 23 52   -4.29   -1.87   -2.57  -412.1    25.1    16.0   3.54   48214.   290  -180   110   -29   1.06
2024 283 23 53   -3.65   -2.81   -2.76  -407.9    27.6    14.7   3.43   47229.   276  -171   105   -29   1.13
2024 283 23 54   -3.56   -3.36   -2.13 99999.9 99999.9 99999.9 999.99 9999999.   261  -163    98   -29 999.99
2024 283 23 55   -4.02   -2.70   -2.30 99999.9 99999.9 99999.9 999.99 9999999.   249  -158    91   -29 999.99
2024 283 23 56   -4.61   -1.25   -2.45  -416.0    48.9     8.1   3.14   45487.   238  -153    85   -28   1.03
2024 283 23 57   -4.63   -2.36   -0.98  -414.7    47.1     8.4   3.31   50086.   219  -140    79   -28   0.41
2024 283 23 58   -4.22   -3.27   -0.75  -412.8    42.1     9.3   3.63   59793.   201  -128    73   -28   0.31
2024 283 23 59 9999.99 9999.99 9999.99  -415.2    43.5     9.2   3.39   53719.   187  -120    67   -27 999.99
2024 284  0  0 9999.99 9999.99 9999.99 99999.9 99999.9 99999.9 999.99 9999999.   180  -118    62   -27 999.99
2024 284  0  1 9999.99 9999.99 9999.99 99999.9 99999.9 99999.9 999.99 9999999.   172  -115    57   -27 999.99
2024 284  0  2   -3.81   -3.71   -1.01 99999.9 99999.9 99999.9 999.99 9999999.   164  -113    51   -27 999.99
2024 284  0  3   -3.71   -3.85   -1.00  -421.7    48.1     3.4   3.60   43941.   167  -117    50   -27   0.42
2024 284  0  4   -3.56   -4.08   -0.76  -421.7    48.1     3.4   3.60   43941.   180  -128    52   -27   0.32
2024 284  0  5   -3.75   -3.85   -0.91  -415.4    35.7     6.9   3.54   67645.   206  -135    71   -27   0.38
2024 284  0  6   -3.22   -4.44   -0.28  -420.2    38.1     8.5   3.48   73197.   254  -151   103   -27   0.12
2024 284  0  7   -3.10   -4.51   -0.57  -435.2    49.9    11.0   3.34   76159.   271  -160   111   -27   0.25
2024 284  0  8   -3.06   -4.56   -0.65  -435.2    49.9    11.0   3.34   76159.   257  -158    99   -27   0.28
2024 284  0  9   -3.13   -4.39   -1.04  -422.9    42.0     9.4   3.46   57689.   249  -153    96   -26   0.44
2024 284  0 10   -2.72   -4.66   -1.20  -424.3    46.0     8.2   3.33   77851.   252  -154    98   -26   0.51
2024 284  0 11   -2.78   -4.68   -0.82 99999.9 99999.9 99999.9 999.99 9999999.   259  -154   105   -26 999.99
2024 284  0 12   -2.62   -4.59   -0.87 99999.9 99999.9 99999.9 999.99 9999999.   266  -158   108   -26 999.99
2024 284  0 13   -2.81   -4.53   -1.09  -436.2    45.6    10.1   3.25   68709.   281  -164   117   -26   0.48
2024 284  0 14   -2.84   -4.36   -1.19  -436.2    45.6    10.1   3.25   68709.   275  -163   112   -26   0.52
2024 284  0 15   -2.62   -4.47   -1.10  -436.2    45.6    10.1   3.25   68709.   280  -166   114   -26   0.48
2024 284  0 16   -3.13   -4.40   -1.10  -428.0    52.2     5.3   3.05   94826.   282  -169   113   -26   0.47
2024 284  0 17   -2.88   -4.29   -1.12  -428.0    52.2     5.3   3.05   94826.   274  -169   105   -26   0.48
2024 284  0 18 9999.99 9999.99 9999.99 99999.9 99999.9 99999.9 999.99 9999999.   275  -174   101   -26 999.99
2024 284  0 19   -3.86   -1.61   -1.67 99999.9 99999.9 99999.9 999.99 9999999.   274  -173   101   -26 999.99
2024 284  0 20   -2.75    2.31   -4.48  -426.2   -15.4    36.0   3.65   66927.   276  -174   102   -27   1.92
2024 284  0 21   -2.83    3.51   -2.46  -426.2   -15.4    36.0   3.65   66927.   273  -173   100   -27   1.05
2024 284  0 22   -3.06    4.00   -2.10  -421.0   -17.2    -1.9   3.91   74962.   264  -162   102   -27   0.88
2024 284  0 23   -3.58    3.78   -1.96  -421.0   -17.2    -1.9   3.91   74962.   247  -150    97   -27   0.83
2024 284  0 24   -3.43    3.97   -2.09  -425.1   -33.3     4.5   3.34   48900.   250  -154    96   -28   0.89
2024 284  0 25   -3.69    4.06   -1.87  -423.7   -32.5     4.0   3.34   48450.   257  -169    88   -27   0.79
2024 284  0 26   -4.16    3.56   -1.69  -408.0   -23.2    -1.1   3.37   43504.   250  -171    79   -28   0.69
2024 284  0 27   -3.24    4.59   -1.15  -423.0   -28.8    -1.5   3.73   51287.   237  -162    75   -28   0.49
2024 284  0 28   -1.59    4.93    1.28  -421.5   -28.0     1.2   3.71   49350.   227  -155    72   -28  -0.54
2024 284  0 29   -2.95    3.99    0.72 99999.9 99999.9 99999.9 999.99 9999999.   225  -153    72   -28 999.99
2024 284  0 30   -1.15    5.76    1.20  -443.6   -21.8   -25.3   3.38   40234.   215  -147    68   -29  -0.53
2024 284  0 31   -0.99    5.53    1.20  -440.1   -22.8   -24.3   3.25   37705.   209  -144    65   -29  -0.53
2024 284  0 32   -1.91    5.13    0.32  -418.8   -17.8   -19.5   3.55   46546.   203  -144    59   -29  -0.13
2024 284  0 33   -4.19    3.51   -0.23  -406.5   -22.7   -12.1   4.05   59687.   204  -145    59   -29   0.09
2024 284  0 34   -1.50    5.78   -0.38  -414.4   -24.8   -12.5   3.87   53347.   206  -145    61   -28   0.16
2024 284  0 35   -1.78    5.72   -0.09  -434.1   -28.6   -14.2   3.43   39211.   209  -146    63   -28   0.04
2024 284  0 36   -1.71    5.76   -0.07  -429.3   -28.0   -15.1   3.84   62931.   205  -140    65   -28   0.03
2024 284  0 37   -2.13    5.66   -0.46  -430.5   -31.7   -16.5   3.61   60020.   200  -136    64   -29   0.20
2024 284  0 38   -2.14    5.64   -0.50  -430.4   -31.6    -8.4   3.31   42551.   191  -133    58   -28   0.22
2024 284  0 39   -1.67    5.80   -0.06  -430.4   -31.6    -8.4   3.31   42518.   187  -131    56   -28   0.03
2024 284  0 40   -1.95    5.67   -0.81 99999.9 99999.9 99999.9 999.99 9999999.   183  -125    58   -28 999.99
2024 284  0 41   -1.96    5.70   -1.01  -432.5   -30.5    -5.0   3.49   47229.   175  -117    58   -28   0.44
2024 284  0 42   -2.04    5.65   -1.26  -432.5   -30.5    -5.0   3.49   47229.   179  -123    56   -28   0.55
2024 284  0 43   -1.26    5.97   -1.17  -436.0   -32.2    -0.7   3.70   49525.   181  -125    56   -28   0.51
2024 284  0 44   -2.03    5.80   -1.08  -436.3   -32.3    -0.3   3.72   49729.   178  -127    51   -28   0.47
2024 284  0 45   -2.11    5.77   -0.92 99999.9 99999.9 99999.9 999.99 9999999.   173  -126    47   -28 999.99
2024 284  0 46   -1.83    5.88   -0.61  -432.7   -32.0   -11.5   3.54   44925.   163  -119    44   -28   0.26
2024 284  0 47   -1.39    5.97   -0.37  -432.7   -32.0   -11.5   3.54   44925.   155  -113    42   -29   0.16
2024 284  0 48   -1.17    5.97   -0.29  -432.7   -32.0   -11.5   3.54   44925.   153  -114    39   -29   0.13
2024 284  0 49   -1.11    5.96   -0.30  -440.1   -33.4   -17.7   3.51   46086.   148  -111    37   -29   0.13
2024 284  0 50   -1.16    5.93   -0.25  -440.1   -33.4   -17.7   3.51   46086.   138  -106    32   -29   0.11
2024 284  0 51   -1.27    5.91   -0.20 99999.9 99999.9 99999.9 999.99 9999999.   132  -103    29   -28 999.99
2024 284  0 52   -1.31    5.90   -0.03 99999.9 99999.9 99999.9 999.99 9999999.   140  -108    32   -28 999.99
2024 284  0 53   -1.38    5.83    0.03  -441.0   -49.3   -36.8   3.34   36315.   154  -115    39   -28  -0.01
2024 284  0 54   -1.35    5.75   -0.15  -441.0   -49.3   -36.8   3.34   36315.   153  -114    39   -28   0.07
2024 284  0 55   -2.30    5.38   -0.95  -431.1   -36.9   -17.4   2.67   30819.   138  -103    35   -28   0.41
2024 284  0 56   -2.01    5.55   -0.80  -431.1   -36.9   -17.4   2.67   30819.   128   -94    34   -28   0.35
2024 284  0 57   -2.57    5.36   -0.16 99999.9 99999.9 99999.9 999.99 9999999.   133   -94    39   -27 999.99
2024 284  0 58   -1.97    5.56   -0.28 99999.9 99999.9 99999.9 999.99 9999999.   140   -95    45   -28 999.99
2024 284  0 59   -1.99    5.51   -0.11 99999.9 99999.9 99999.9 999.99 9999999.   147   -94    53   -27 999.99
2024 284  1  0   -3.05    4.99    0.17 99999.9 99999.9 99999.9 999.99 9999999.   152   -91    61   -27 999.99
2024 284  1  1   -3.15    4.84    0.13 99999.9 99999.9 99999.9 999.99 9999999.   157   -90    67   -27 999.99
2024 284  1  2   -1.61    5.57    0.89 99999.9 99999.9 99999.9 999.99 9999999.   166   -89    77   -27 999.99
2024 284  1  3   -1.91    5.51    0.55 99999.9 99999.9 99999.9 999.99 9999999.   165   -85    80   -27 999.99
2024 284  1  4   -2.14    5.41    0.72 99999.9 99999.9 99999.9 999.99 9999999.   159   -77    82   -27 999.99
2024 284  1  5   -1.77    5.50    0.94 99999.9 99999.9 99999.9 999.99 9999999.   149   -68    81   -27 999.99
2024 284  1  6   -1.44    5.63    0.73  -427.5   -29.6   -22.2   3.57   49517.   136   -64    72   -27  -0.31
2024 284  1  7   -1.65    5.59    0.52  -431.3   -27.6   -27.2   3.26   41805.   119   -63    56   -26  -0.23
2024 284  1  8   -1.63    5.61    0.14  -428.7   -28.4   -23.4   3.49   47338.   110   -62    48   -26  -0.06
2024 284  1  9   -1.58    5.80   -0.20  -425.4   -28.9   -19.4   3.73   53366.   109   -62    47   -26   0.09
2024 284  1 10   -1.41    5.78    0.24  -438.8   -31.6   -14.2   3.12   38725.   109   -63    46   -26  -0.11
2024 284  1 11 9999.99 9999.99 9999.99  -438.8   -31.6   -14.2   3.12   38725.   119   -63    56   -26 999.99
2024 284  1 12   -1.26    5.83    0.49 99999.9 99999.9 99999.9 999.99 9999999.   132   -60    72   -26 999.99
2024 284  1 13   -1.34    5.88    0.73 99999.9 99999.9 99999.9 999.99 9999999.   147   -66    81   -27 999.99
2024 284  1 14   -2.10    5.40    0.16 99999.9 99999.9 99999.9 999.99 9999999.   150   -67    83   -27 999.99
2024 284  1 15   -0.60    5.97    1.09 99999.9 99999.9 99999.9 999.99 9999999.   140   -63    77   -27 999.99
2024 284  1 16   -5.12    1.64   -2.39  -398.9    -7.3    16.0   2.84   30384.   124   -56    68   -27   0.95
2024 284  1 17   -3.41    3.03   -1.32  -398.9    -7.3    16.0   2.84   30384.   116   -56    60   -27   0.53
2024 284  1 18   -4.27    2.10   -1.69  -398.9    -7.3    16.0   2.84   30384.   113   -59    54   -27   0.67
2024 284  1 19   -4.30    2.44   -1.98 99999.9 99999.9 99999.9 999.99 9999999.   115   -63    52   -27 999.99
2024 284  1 20   -3.82    4.12   -0.83  -438.2   -30.5   -28.7   3.00   33925.   115   -61    54   -27   0.37
2024 284  1 21   -5.32    0.34   -2.26  -438.2   -30.5   -28.7   3.00   33925.   110   -58    52   -27   0.99
2024 284  1 22   -4.76    3.05   -2.03  -400.4   -13.0     2.6   3.31   41396.   103   -54    49   -27   0.81
2024 284  1 23   -5.16    2.29   -1.69  -399.8   -13.9     2.9   3.29   40190.    99   -51    48   -27   0.68
2024 284  1 24   -5.11    2.02   -1.50  -399.7   -15.4     2.8   3.27   38379.    91   -47    44   -28   0.60
2024 284  1 25   -4.52    2.54   -2.05  -408.1   -13.7     9.5   3.37   45367.    87   -44    43   -28   0.84
2024 284  1 26   -4.41    3.26   -1.61  -395.4    -0.6     6.4   2.82   29898.    83   -42    41   -28   0.64
2024 284  1 27   -4.63    2.78   -1.31  -405.2   -25.4   -16.5   2.91   37534.    84   -43    41   -28   0.53
2024 284  1 28   -4.96    1.91   -1.49  -407.8   -30.7   -20.6   2.96   39902.    85   -44    41   -28   0.61
2024 284  1 29   -2.76    4.25   -1.00  -419.4   -25.9    -4.2   3.98   65785.    88   -43    45   -28   0.42
2024 284  1 30   -3.86    3.19   -0.86  -428.0   -21.1    -1.3   3.25   53594.    87   -41    46   -28   0.37
2024 284  1 31   -3.51    3.59   -1.08  -432.6   -19.2    -0.4   2.91   47771.    94   -41    53   -28   0.47
2024 284  1 32   -4.10    2.62   -1.52  -401.8   -12.4   -30.1   2.91   38055.    99   -38    61   -28   0.61
2024 284  1 33   -4.09    3.09   -0.91  -401.8   -12.4   -30.1   2.91   38068.   105   -39    66   -28   0.37
2024 284  1 34   -3.05    0.76   -2.22  -416.4     6.5     8.9   3.65   59007.   106   -40    66   -28   0.93
2024 284  1 35   -3.08    1.20   -2.12  -423.1    -0.6     8.4   3.61   52284.   110   -43    67   -28   0.90
2024 284  1 36   -3.31    0.16   -2.51  -415.6   -20.8     0.9   3.56   59616.   117   -45    72   -28   1.04
2024 284  1 37   -3.72   -0.54   -0.89  -421.8    16.3    27.3   3.00   45667.   122   -46    76   -28   0.38
2024 284  1 38   -2.80   -1.72   -1.56  -429.1    42.9    21.8   3.38   55335.   124   -49    75   -28   0.67
2024 284  1 39   -3.37   -1.92   -2.17  -424.8    63.8     5.0   3.55   52650.   125   -55    70   -28   0.93
2024 284  1 40   -3.24   -1.67   -2.63  -424.8    63.8     5.0   3.55   52650.   150   -79    71   -28   1.13
2024 284  1 41   -3.47   -1.18   -2.39  -430.0    20.6    33.0   3.63   59385.   174  -101    73   -28   1.03
2024 284  1 42   -3.10   -1.78   -2.75  -430.3    25.9    27.6   3.58   56876.   161   -83    78   -28   1.19
2024 284  1 43   -3.38   -0.78   -2.54  -430.9    37.9    15.3   3.49   51125.   179   -92    87   -29   1.10
2024 284  1 44   -3.79   -0.88   -2.31  -405.9     2.6    -2.8   3.42   45024.   184   -95    89   -28   0.94
2024 284  1 45   -3.53   -0.98   -2.41  -405.9     2.6    -2.8   3.42   45024.   179   -99    80   -29   0.98
2024 284  1 46   -4.02   -0.84   -1.92 99999.9 99999.9 99999.9 999.99 9999999.   185  -103    82   -29 999.99
2024 284  1 47   -3.00   -1.85   -2.59  -418.4    21.6     8.2   3.38   62630.   192  -108    84   -29   1.09
2024 284  1 48   -2.72   -2.57   -2.25  -420.2    24.1     8.7   3.30   59196.   201  -112    89   -29   0.95
2024 284  1 49   -1.81   -3.93   -2.04  -431.9    53.3    15.2   3.64   51418.   202  -112    90   -29   0.89
2024 284  1 50   -2.00   -3.53   -1.05  -440.8    48.5    12.8   3.61   49236.   202  -113    89   -29   0.47
2024 284  1 51   -1.96   -3.99   -0.13  -448.4    44.4    10.7   3.59   47368.   209  -118    91   -29   0.06
2024 284  1 52   -2.21   -4.09   -1.38  -433.2    44.8     3.7   3.45   48870.   210  -112    98   -29   0.60
2024 284  1 53   -2.07   -3.34   -1.31  -429.2    33.6    15.3   3.73   54896.   225  -115   110   -29   0.56
2024 284  1 54   -1.59   -3.87   -0.76  -427.8    39.0    10.9   4.00   81044.   254  -121   133   -28   0.33
2024 284  1 55   -2.01   -2.22   -3.60  -435.4    42.8    15.6   3.56   49452.   267  -125   142   -28   1.58
2024 284  1 56   -1.96   -2.78   -3.24  -439.3    46.7    20.1   3.17   51329.   278  -128   150   -28   1.43
2024 284  1 57   -2.83   -2.75   -2.64  -437.3    45.9    19.4   3.26   53327.   264  -126   138   -27   1.16
2024 284  1 58   -2.78   -3.91   -1.24  -419.4    35.0    15.4   4.28   72757.   237  -124   113   -27   0.52
2024 284  1 59   -2.75   -3.69   -1.73  -429.2    48.2    19.0   3.45   45871.   252  -142   110   -26   0.75
2024 284  2  0   -2.86   -3.87   -1.79  -430.2    48.3    17.8   3.23   40808.   292  -154   138   -26   0.78
2024 284  2  1   -2.90   -3.71   -2.35  -430.2    46.0    14.8   2.98   35931.   334  -168   166   -26   1.02
2024 284  2  2   -3.45   -3.50   -1.58  -419.1    31.8    15.5   4.92   62923.   360  -179   181   -26   0.66
2024 284  2  3   -2.86   -3.38   -2.44  -425.0    40.5    14.2   4.24   53664.   368  -182   186   -26   1.04
2024 284  2  4   -3.13   -2.96   -2.08  -429.0    47.6    12.0   3.49   47440.   372  -186   186   -25   0.90
2024 284  2  5   -2.57   -4.17   -1.86  -416.4    32.3    10.7   3.71   69198.   377  -191   186   -25   0.78
2024 284  2  6   -2.97   -3.84   -2.49  -427.4    27.9    24.7   3.78   60981.   390  -194   196   -26   1.07
2024 284  2  7   -2.41   -4.04   -2.72  -429.9    38.3    22.0   3.53   45765.   391  -198   193   -26   1.18
2024 284  2  8   -2.65   -4.51   -1.74  -430.4    41.2    21.1   3.46   41752.   394  -202   192   -26   0.75
2024 284  2  9   -2.76   -4.31   -1.84  -430.4    41.2    21.1   3.46   41752.   402  -207   195   -25   0.80
2024 284  2 10   -2.71   -4.38   -1.67 99999.9 99999.9 99999.9 999.99 9999999.   397  -206   191   -25 999.99
2024 284  2 11   -2.73   -4.66   -1.34  -431.9    47.0     9.1   3.47   53690.   394  -206   188   -26   0.58
2024 284  2 12   -2.68   -4.06   -1.93  -430.3    42.7    13.2   3.62   52032.   398  -203   195   -26   0.83
2024 284  2 13   -3.03   -4.11   -1.90  -429.4    40.3    15.6   3.71   51091.   391  -194   197   -26   0.82
2024 284  2 14   -3.29   -3.69   -1.58  -425.2    38.9    14.9   4.21   47460.   387  -185   202   -26   0.68
2024 284  2 15   -2.33   -4.43   -1.17  -427.7    37.3    15.6   4.01   51861.   380  -181   199   -26   0.50
2024 284  2 16   -1.96   -4.06   -0.80  -439.6    26.7     2.2   4.91   76582.   365  -178   187   -27   0.35
2024 284  2 17   -3.91   -2.68   -1.50  -439.8    26.5     2.0   4.93   76934.   354  -178   176   -27   0.66
2024 284  2 18   -4.12   -2.52   -1.72  -425.0    33.8    14.1   3.89   56872.   357  -180   177   -27   0.73
2024 284  2 19   -3.98   -2.83   -1.61  -425.0    33.8    14.1   3.89   56872.   360  -186   174   -27   0.69
2024 284  2 20   -4.14   -2.50   -1.46  -425.0    33.8    14.1   3.89   56872.   356  -186   170   -28   0.62
2024 284  2 21   -4.93   -1.44   -0.62 99999.9 99999.9 99999.9 999.99 9999999.   361  -195   166   -28 999.99
2024 284  2 22   -4.44   -1.67   -1.72  -411.3    11.1    14.3   5.25   51290.   356  -193   163   -28   0.71
2024 284  2 23   -4.02   -2.76   -2.24  -420.1    14.2     4.7   4.69   45853.   353  -198   155   -29   0.94
2024 284  2 24   -3.45   -3.66   -2.70  -424.7    30.5    18.0   3.54   50406.   360  -212   148   -29   1.15
2024 284  2 25   -3.48   -3.64   -2.69  -425.0    33.3    21.0   3.35   51585.   358  -215   143   -29   1.15
2024 284  2 26   -3.33   -3.83   -2.57  -425.5    30.2    24.9   3.88   61643.   345  -209   136   -29   1.10
2024 284  2 27   -3.52   -3.52   -2.66  -422.3    29.7    21.1   4.02   71251.   328  -204   124   -29   1.13
2024 284  2 28   -3.48   -3.65   -2.61  -412.3    28.2     9.2   4.43  101156.   326  -202   124   -29   1.08
2024 284  2 29   -3.84   -3.31   -2.42  -417.1    34.0    23.6   3.47   56026.   333  -201   132   -29   1.01
2024 284  2 30   -3.74   -3.43   -2.56  -418.7    36.0    28.6   3.14   40459.   334  -200   134   -28   1.08
2024 284  2 31   -3.73   -3.21   -2.68  -418.7    36.0    28.6   3.14   40459.   325  -201   124   -28   1.13
2024 284  2 32   -3.59   -2.86   -3.16 99999.9 99999.9 99999.9 999.99 9999999.   334  -201   133   -29 999.99
2024 284  2 33   -3.40   -2.71   -3.49 99999.9 99999.9 99999.9 999.99 9999999.   339  -199   140   -29 999.99
2024 284  2 34   -2.90   -3.00   -3.64 99999.9 99999.9 99999.9 999.99 9999999.   340  -196   144   -29 999.99
2024 284  2 35   -3.76   -2.85   -2.90 99999.9 99999.9 99999.9 999.99 9999999.   337  -197   140   -29 999.99
2024 284  2 36   -4.26   -2.35   -2.45  -417.0     2.9    19.4   4.50   89443.   344  -196   148   -28   1.02
2024 284  2 37   -4.44   -2.06   -2.38  -417.0     2.9    19.4   4.50   89443.   339  -186   153   -29   0.99
2024 284  2 38   -4.58   -1.93   -2.29 99999.9 99999.9 99999.9 999.99 9999999.   335  -184   151   -29 999.99
2024 284  2 39   -4.27   -2.10   -2.69 99999.9 99999.9 99999.9 999.99 9999999.   343  -197   146   -29 999.99
2024 284  2 40   -4.32   -1.74   -2.85  -412.7    12.6    16.1   4.20   88793.   360  -215   145   -29   1.18
2024 284  2 41   -3.53   -2.46   -2.94  -412.7    12.6    16.1   4.20   88741.   353  -206   147   -29   1.21
2024 284  2 42   -3.10   -3.19   -2.39  -430.6    32.5    22.0   3.73   58781.   394  -216   178   -29   1.03
2024 284  2 43   -2.76   -3.79   -1.88  -425.6    32.3    23.3   4.15   65404.   406  -214   192   -29   0.80
2024 284  2 44   -2.92   -3.57   -2.03  -425.9    39.2    18.3   3.87   72664.   411  -233   178   -29   0.87
2024 284  2 45   -3.20   -3.44   -2.01  -427.3    44.5    14.6   3.59   76202.   433  -254   179   -29   0.86
2024 284  2 46   -2.58   -4.02   -0.70  -426.5    40.6    12.9   3.52   63681.   455  -266   189   -29   0.30
2024 284  2 47   -2.25   -4.28   -0.63  -428.0    41.6    11.6   3.56   60843.   460  -266   194   -29   0.27
2024 284  2 48   -1.66   -4.42    0.76 99999.9 99999.9 99999.9 999.99 9999999.   456  -265   191   -29 999.99
2024 284  2 49   -1.35   -4.48    1.06 99999.9 99999.9 99999.9 999.99 9999999.   447  -251   196   -29 999.99
2024 284  2 50   -0.54   -3.54    2.74  -439.8    51.2    -4.6   3.88   63123.   455  -256   199   -29  -1.21
2024 284  2 51   -0.45   -4.69    1.79  -441.0    54.5   -13.4   3.88   65047.   461  -266   195   -29  -0.80
2024 284  2 52   -1.50   -4.57   -0.51  -443.2    54.1    -8.4   3.60   55004.   474  -270   204   -28   0.23
2024 284  2 53   -2.35   -4.32   -0.11  -434.4    44.4    12.4   3.17   42968.   461  -269   192   -29   0.05
2024 284  2 54   -2.91   -3.98   -0.67  -434.4    44.4    12.4   3.17   42968.   453  -273   180   -29   0.29
2024 284  2 55   -2.69   -4.27    1.13 99999.9 99999.9 99999.9 999.99 9999999.   442  -268   174   -29 999.99
2024 284  2 56   -2.68   -4.23    2.08 99999.9 99999.9 99999.9 999.99 9999999.   443  -272   171   -29 999.99
2024 284  2 57   -2.98   -4.11    1.99  -426.4    45.3   -13.3   3.60   44925.   455  -278   177   -29  -0.85
2024 284  2 58   -3.27   -4.03   -0.58  -425.3    44.7    -7.6   3.59   46848.   460  -271   189   -29   0.25
2024 284  2 59   -3.48   -3.63   -0.84  -424.0    45.9     0.6   3.34   47162.   454  -268   186   -29   0.36
2024 284  3  0   -3.86   -3.58   -1.05  -415.9    47.1     7.6   4.25   63789.   437  -261   176   -29   0.44
2024 284  3  1   -4.03   -3.59   -0.93  -415.5    39.4     5.5   3.91   59015.   444  -263   181   -29   0.39
2024 284  3  2   -3.68   -4.12   -0.46  -422.9    27.7     7.2   3.22   45861.   454  -275   179   -29   0.20
2024 284  3  3   -3.68   -4.19   -0.41 99999.9 99999.9 99999.9 999.99 9999999.   457  -281   176   -29 999.99
2024 284  3  4 9999.99 9999.99 9999.99 99999.9 99999.9 99999.9 999.99 9999999.   469  -288   181   -29 999.99
2024 284  3  5   -3.61   -4.20   -0.27  -419.0    41.9     8.6   4.27   61681.   484  -290   194   -28   0.11
2024 284  3  6   -3.75   -4.11   -0.23  -419.0    41.9     8.6   4.27   61681.   493  -289   204   -28   0.10
2024 284  3  7   -3.73   -4.30   -0.43  -422.4    36.1     8.3   3.41   53019.   501  -293   208   -28   0.18
2024 284  3  8   -3.95   -4.27    0.13  -422.7    36.1     7.6   3.39   52345.   523  -303   220   -28  -0.06
2024 284  3  9   -4.32   -3.73    0.41  -426.4    39.8    -5.2   3.40   44236.   534  -309   225   -28  -0.18
2024 284  3 10   -4.56   -3.04   -0.68  -414.3    49.9     7.5   3.85   56249.   532  -310   222   -27   0.28
2024 284  3 11   -4.09   -3.68   -1.29  -413.0    51.0     8.8   3.90   57505.   519  -307   212   -27   0.54
2024 284  3 12   -4.31   -2.84   -1.55  -411.7    47.6    16.1   3.76   62076.   506  -299   207   -27   0.64
2024 284  3 13   -4.72   -2.64   -1.67  -411.4    38.0    20.8   3.62   59380.   492  -293   199   -27   0.69
2024 284  3 14   -4.75   -1.69   -2.58  -411.0    25.8    26.8   3.46   55912.   481  -292   189   -27   1.06
2024 284  3 15   -3.87   -4.38   -0.33 99999.9 99999.9 99999.9 999.99 9999999.   469  -289   180   -27 999.99
2024 284  3 16   -4.89   -1.20   -2.62 99999.9 99999.9 99999.9 999.99 9999999.   468  -283   185   -27 999.99
2024 284  3 17   -3.82   -3.39   -0.11  -417.5    50.6     8.0   3.37   55471.   469  -276   193   -27   0.05
2024 284  3 18   -3.58   -3.89    0.86  -417.1    36.7     7.0   3.72   63817.   463  -263   200   -27  -0.36
2024 284  3 19   -3.36   -3.97    0.07  -416.7    22.2     5.9   4.08   72582.   450  -247   203   -27  -0.03
2024 284  3 20   -3.23   -4.25    0.12 99999.9 99999.9 99999.9 999.99 9999999.   452  -254   198   -27 999.99
2024 284  3 21   -3.55   -3.92   -0.62  -418.9    47.9    12.9   3.94   70535.   455  -262   193   -27   0.26
2024 284  3 22   -3.11   -4.33   -0.12  -417.6    42.0    20.7   3.66   65511.   446  -258   188   -27   0.05
2024 284  3 23   -3.59   -4.25   -0.05  -422.7    52.3     3.1   3.39   50108.   439  -256   183   -27   0.02
2024 284  3 24   -3.45   -4.40    1.11  -420.9    52.1     1.7   3.57   56686.   443  -258   185   -26  -0.47
2024 284  3 25   -4.11   -3.84   -0.33  -423.9    49.1    -1.3   3.83   60737.   450  -263   187   -26   0.14
2024 284  3 26   -4.29   -3.69   -0.77  -422.4    39.6     5.4   3.94   69701.   470  -263   207   -26   0.33
2024 284  3 27   -4.51   -3.65   -0.76  -420.7    35.9     9.3   3.90   67174.   489  -259   230   -26   0.32
2024 284  3 28   -4.52   -3.33   -0.81  -420.6    37.4    10.9   3.76   59423.   492  -247   245   -25   0.34
2024 284  3 29   -4.47   -2.92   -1.33  -409.4    36.2    10.7   3.99   79852.   487  -240   247   -25   0.55
2024 284  3 30   -4.19   -2.90   -2.25  -409.4    36.2    10.7   3.99   79852.   457  -236   221   -25   0.93
2024 284  3 31   -3.95   -2.88   -2.78  -409.4    36.2    10.7   3.99   79852.   435  -232   203   -25   1.14
2024 284  3 32 9999.99 9999.99 9999.99 99999.9 99999.9 99999.9 999.99 9999999.   421  -235   186   -25 999.99
2024 284  3 33   -3.98   -2.95   -2.63 99999.9 99999.9 99999.9 999.99 9999999.   411  -235   176   -24 999.99
2024 284  3 34   -4.26   -2.68   -2.44  -416.0    31.0    18.2   3.90   73859.   433  -236   197   -24   1.02
2024 284  3 35   -4.00   -2.85   -2.73  -416.0    31.0    18.2   3.90   73859.   451  -233   218   -24   1.14
2024 284  3 36   -4.05   -2.85   -2.69  -416.4    33.0    23.0   4.07   70144.   442  -225   217   -25   1.13
2024 284  3 37   -3.94   -2.91   -2.85  -416.4    33.0    23.0   4.07   70144.   438  -219   219   -24   1.19
2024 284  3 38   -3.83   -3.06   -2.79  -416.4    33.0    23.0   4.07   70144.   417  -210   207   -24   1.17
2024 284  3 39   -3.71   -3.36   -2.61  -418.8    30.6    23.4   3.99   72010.   395  -197   198   -24   1.10
2024 284  3 40   -3.58   -3.48   -2.71  -418.8    30.6    23.4   3.99   72010.   378  -192   186   -24   1.14
2024 284  3 41   -4.10   -2.91   -2.53  -416.5    28.8    22.6   4.11   76632.   366  -188   178   -24   1.06
2024 284  3 42   -3.97   -3.06   -2.07  -416.5    28.8    22.6   4.11   76632.   370  -185   185   -23   0.87
2024 284  3 43   -3.47   -3.26   -2.07 99999.9 99999.9 99999.9 999.99 9999999.   371  -179   192   -24 999.99
2024 284  3 44   -3.87   -2.95   -2.29  -420.3    35.1    20.8   3.55   48007.   377  -173   204   -23   0.97
2024 284  3 45   -4.17   -2.34   -2.63  -420.1    34.8    21.1   3.55   47954.   395  -177   218   -23   1.11
2024 284  3 46   -4.35   -2.47   -2.40  -405.9    24.4    23.4   4.01   54618.   414  -181   233   -23   0.98
2024 284  3 47   -4.39   -2.61   -1.95  -402.3    22.1    23.6   4.13   56502.   410  -173   237   -23   0.79
2024 284  3 48   -4.27   -2.49   -2.47  -404.1    18.8    29.7   3.90   55611.   403  -177   226   -23   1.00
2024 284  3 49   -4.56   -2.04   -2.46  -414.8    32.7    19.6   4.00   63002.   389  -178   211   -22   1.03
2024 284  3 50   -4.00   -3.07   -1.61  -425.9    47.3     6.6   4.19   71746.   387  -180   207   -22   0.69
2024 284  3 51   -4.48   -2.02   -2.51  -406.8    13.7    24.8   3.99   59556.   400  -189   211   -22   1.02
2024 284  3 52   -4.77   -1.76   -2.00  -410.6    21.2    22.2   3.93   60307.   437  -207   230   -21   0.82
2024 284  3 53   -4.34   -2.64   -1.90  -418.2    42.4    10.0   4.08   62990.   476  -220   256   -20   0.80
2024 284  3 54   -5.14   -1.78   -2.35  -402.6    31.8    18.0   4.10   55103.   511  -225   286   -20   0.95
2024 284  3 55   -4.49   -1.92   -3.07  -407.0    10.3    28.2   3.56   42872.   541  -229   312   -20   1.25
2024 284  3 56   -4.36   -1.88   -2.78  -407.4    17.5    26.1   3.69   50206.   545  -219   326   -20   1.14
2024 284  3 57   -4.43   -1.97   -2.08  -410.4    28.3    19.9   3.64   58198.   517  -206   311   -20   0.86
2024 284  3 58   -4.28   -2.99    0.57  -411.5    15.7    21.3   3.22   42963.   481  -191   290   -21  -0.24
2024 284  3 59   -4.71   -2.18   -0.78  -406.0    17.1     9.6   4.25   55231.   457  -177   280   -21   0.32
2024 284  4  0   -4.68   -2.69    1.07  -407.9    21.9     9.0   3.87   53817.   435  -172   263   -22  -0.44
2024 284  4  1   -4.72   -3.30    1.19  -414.3    43.1   -10.1   4.58   52220.   408  -162   246   -22  -0.50
2024 284  4  2   -4.81   -3.11    0.05  -408.9    46.2    -3.3   4.27   58188.   389  -157   232   -23  -0.02
2024 284  4  3   -4.84   -3.40    0.26  -407.6    46.2    -1.1   4.28   59993.   386  -156   230   -23  -0.11
2024 284  4  4   -4.89   -3.36    0.03  -410.2    48.1     7.0   4.42   52418.   386  -154   232   -23  -0.01
2024 284  4  5   -4.69   -2.83    0.46  -409.5    47.9     3.1   4.41   57719.   371  -149   222   -23  -0.19
2024 284  4  6   -4.15   -3.17    1.50  -420.0    44.3   -20.6   4.00   61057.   364  -157   207   -23  -0.63
2024 284  4  7   -3.72   -2.40    3.98  -418.9    40.4     2.5   3.92   62126.   372  -173   199   -22  -1.68
2024 284  4  8   -4.06   -1.56    3.69  -428.9    24.3   -38.4   4.88   77626.   399  -196   203   -21  -1.59
2024 284  4  9   -4.81   -2.77    1.60  -424.8    32.0   -27.2   4.66   73078.   406  -200   206   -21  -0.68
2024 284  4 10   -3.55   -0.53    3.67  -419.2    42.6   -11.7   4.36   66795.   418  -197   221   -21  -1.55
2024 284  4 11   -4.48   -1.13    3.95  -416.9    37.2   -19.4   4.36   56391.   429  -188   241   -21  -1.66
2024 284  4 12   -5.37   -2.16    2.10  -416.9    37.2   -19.4   4.36   56391.   425  -176   249   -21  -0.88
2024 284  4 13   -5.53   -2.20    1.86  -411.9    37.7   -15.0   4.59   54624.   416  -174   242   -20  -0.77
2024 284  4 14   -5.25   -2.28    2.15  -409.1    43.0   -11.4   4.77   54997.   398  -173   225   -20  -0.88
2024 284  4 15   -5.03   -2.53    2.17  -414.7    46.7   -12.9   4.68   62355.   373  -162   211   -20  -0.91
2024 284  4 16   -5.02   -2.87    1.60  -410.7    33.8   -13.8   4.38   59459.   357  -154   203   -20  -0.66
2024 284  4 17   -4.69   -3.52    1.49  -406.0    38.7   -14.3   4.15   54401.   344  -142   202   -20  -0.61
2024 284  4 18   -4.10   -4.19    0.94  -416.7    42.5   -10.1   3.97   74028.   330  -132   198   -20  -0.39
2024 284  4 19   -4.32   -3.85    0.30  -416.7    42.5   -10.1   3.97   74028.   319  -126   193   -20  -0.13
2024 284  4 20   -5.06   -2.96    0.42  -402.8    42.8     6.8   4.10   53079.   315  -120   195   -20  -0.17
2024 284  4 21   -4.98   -3.23    0.08  -402.8    42.8     6.8   4.10   53079.   305  -115   190   -20  -0.03
2024 284  4 22   -4.86   -3.15    0.12  -402.8    42.8     6.8   4.10   53079.   287  -111   176   -20  -0.05
2024 284  4 23   -4.83   -3.18   -0.41 99999.9 99999.9 99999.9 999.99 9999999.   270  -109   161   -20 999.99
2024 284  4 24   -4.72   -3.07    0.02 99999.9 99999.9 99999.9 999.99 9999999.   268  -111   157   -20 999.99
2024 284  4 25   -4.62   -3.17   -0.37  -407.9    45.7     7.2   4.02   66846.   274  -112   162   -20   0.15
2024 284  4 26   -4.48   -3.11   -0.33  -409.5    42.3     9.4   4.05   69860.   267  -105   162   -20   0.14
2024 284  4 27   -4.58   -3.11   -0.70  -410.3    40.7    10.2   4.07   71411.   245   -96   149   -21   0.29
2024 284  4 28   -4.12   -3.65   -1.58 99999.9 99999.9 99999.9 999.99 9999999.   243   -86   157   -21 999.99
2024 284  4 29   -4.24   -3.60   -0.72  -412.4    38.4    23.0   3.78   63242.   240   -72   168   -21   0.30
2024 284  4 30   -4.33   -3.67   -0.80  -410.5    39.0    16.2   3.88   67161.   233   -61   172   -21   0.33
2024 284  4 31   -4.56   -3.58   -0.73  -409.4    38.0     8.4   4.14   70339.   226   -56   170   -22   0.30
2024 284  4 32   -4.68   -3.58   -0.57  -409.9    38.6     6.4   4.34   68311.   222   -51   171   -21   0.23
2024 284  4 33   -5.32   -2.49    0.28 99999.9 99999.9 99999.9 999.99 9999999.   224   -52   172   -21 999.99
2024 284  4 34   -5.16   -2.85    0.37 99999.9 99999.9 99999.9 999.99 9999999.   227   -56   171   -20 999.99
2024 284  4 35   -5.35   -2.52    0.27 99999.9 99999.9 99999.9 999.99 9999999.   227   -59   168   -20 999.99
2024 284  4 36   -5.35   -2.52    0.27 99999.9 99999.9 99999.9 999.99 9999999.   232   -66   166   -20 999.99
2024 284  4 37   -5.08   -3.04    0.56 99999.9 99999.9 99999.9 999.99 9999999.   235   -76   159   -20 999.99
2024 284  4 38   -5.03   -3.03    0.78 99999.9 99999.9 99999.9 999.99 9999999.   232   -77   155   -20 999.99
2024 284  4 39   -5.23   -2.78    0.55  -403.2    57.0    -1.4   4.03   68506.   232   -76   156   -20  -0.22
2024 284  4 40   -5.23   -2.78    0.55  -403.2    57.0    -1.4   4.03   68506.   230   -73   157   -20  -0.22
2024 284  4 41   -5.01   -3.06    0.74  -403.2    57.0    -1.4   4.03   68506.   226   -66   160   -20  -0.30
2024 284  4 42 9999.99 9999.99 9999.99 99999.9 99999.9 99999.9 999.99 9999999.   220   -57   163   -20 999.99
2024 284  4 43   -4.91   -3.08    0.92 99999.9 99999.9 99999.9 999.99 9999999.   228   -57   171   -19 999.99
2024 284  4 44 9999.99 9999.99 9999.99 99999.9 99999.9 99999.9 999.99 9999999.   240   -64   176   -19 999.99
2024 284  4 45   -4.95   -2.87    0.92 99999.9 99999.9 99999.9 999.99 9999999.   250   -74   176   -19 999.99
2024 284  4 46   -5.44   -1.62   -0.93 99999.9 99999.9 99999.9 999.99 9999999.   251   -75   176   -19 999.99
2024 284  4 47   -5.44   -1.62   -0.93 99999.9 99999.9 99999.9 999.99 9999999.   247   -74   173   -18 999.99
2024 284  4 48   -5.49   -1.80   -0.52 99999.9 99999.9 99999.9 999.99 9999999.   246   -75   171   -18 999.99
2024 284  4 49 9999.99 9999.99 9999.99 99999.9 99999.9 99999.9 999.99 9999999.   242   -76   166   -18 999.99
2024 284  4 50   -5.42   -1.83    0.43 99999.9 99999.9 99999.9 999.99 9999999.   238   -78   160   -18 999.99
2024 284  4 51   -5.24   -2.09    0.97  -395.8    40.5    -1.4   4.81   92257.   235   -75   160   -18  -0.39
2024 284  4 52   -5.54   -1.55    0.29  -395.8    40.5    -1.4   4.81   92257.   228   -70   158   -19  -0.12
2024 284  4 53   -5.43   -2.03    0.59  -395.8    40.5    -1.4   4.81   92257.   221   -61   160   -19  -0.23
2024 284  4 54   -4.67   -3.20    1.35 99999.9 99999.9 99999.9 999.99 9999999.   224   -54   170   -19 999.99
2024 284  4 55   -4.58   -3.44    1.15 99999.9 99999.9 99999.9 999.99 9999999.   218   -49   169   -19 999.99
2024 284  4 56 9999.99 9999.99 9999.99 99999.9 99999.9 99999.9 999.99 9999999.   214   -50   164   -19 999.99
2024 284  4 57   -4.47   -3.56    1.04 99999.9 99999.9 99999.9 999.99 9999999.   203   -52   151   -18 999.99
2024 284  4 58   -4.60   -3.35    1.10  -411.9    48.0     4.0   3.55   67007.   203   -51   152   -18  -0.46
2024 284  4 59   -4.72   -3.20    0.92  -411.9    48.0     4.0   3.55   67007.   200   -44   156   -17  -0.38
2024 284  5  0   -4.10   -3.49    1.38  -411.9    48.0     4.0   3.55   67007.   202   -41   161   -17  -0.57
2024 284  5  1   -3.88   -4.01    1.24  -415.5    45.3     4.3   3.12   53549.   197   -36   161   -16  -0.52
2024 284  5  2   -4.33   -3.63    1.09  -411.2    45.1     6.7   3.62   60748.   197   -39   158   -16  -0.45
2024 284  5  3   -4.86   -3.04    1.08  -407.1    48.6     0.4   3.61   54346.   192   -42   150   -16  -0.44
2024 284  5  4   -5.18   -2.88    1.15  -402.8    45.6     0.4   3.95   59608.   187   -43   144   -16  -0.47
2024 284  5  5   -5.42   -2.60    0.48  -400.9    38.9     1.9   3.84   58872.   186   -42   144   -16  -0.19
2024 284  5  6   -5.54   -2.30    0.58  -397.3    31.7     2.1   3.84   52667.   188   -44   144   -16  -0.23
2024 284  5  7   -5.25   -2.27    0.42  -414.3    12.3   -12.6   4.78   55454.   192   -42   150   -16  -0.17
2024 284  5  8   -5.36   -1.42    0.92  -395.7    37.2     5.5   3.11   40727.   200   -42   158   -16  -0.37
2024 284  5  9   -5.52   -0.94    1.10  -395.8    33.1    -6.7   3.15   41907.   195   -39   156   -16  -0.44
2024 284  5 10   -5.52   -1.35    0.81  -395.8    27.0   -24.7   3.23   43648.   194   -38   156   -16  -0.32
2024 284  5 11   -5.60   -1.30    0.98 99999.9 99999.9 99999.9 999.99 9999999.   197   -39   158   -16 999.99
2024 284  5 12   -5.59   -1.56    0.77  -391.1    25.8    -8.6   3.11   34270.   201   -40   161   -16  -0.30
2024 284  5 13   -5.48   -1.99    0.36  -391.1    25.8    -8.6   3.11   34270.   203   -37   166   -16  -0.14
2024 284  5 14   -5.63   -2.60    0.20  -398.6    39.0     3.6   3.87   53438.   198   -34   164   -15  -0.08
2024 284  5 15   -5.42   -3.01    0.20  -398.6    39.0     3.6   3.87   53438.   201   -34   167   -15  -0.08
2024 284  5 16   -5.26   -3.23   -0.04  -398.6    39.0     3.6   3.87   53438.   207   -33   174   -15   0.02
2024 284  5 17   -5.22   -2.86    1.38  -398.8    43.5     9.8   3.24   42647.   212   -34   178   -15  -0.55
2024 284  5 18   -5.43   -2.76    1.06  -398.7    44.2     8.4   3.32   44177.   212   -35   177   -15  -0.43
2024 284  5 19   -5.33   -2.89    0.69  -398.4    46.7     3.6   3.59   49417.   208   -33   175   -15  -0.28
2024 284  5 20   -5.39   -2.71    1.22  -398.6    46.2     0.5   3.63   50870.   180   -26   154   -15  -0.49
2024 284  5 21   -5.50   -2.72    1.20  -398.9    45.6    -3.3   3.67   52614.   168   -23   145   -15  -0.48
2024 284  5 22   -5.60   -2.67    0.94  -398.9    45.6    -3.3   3.67   52614.   168   -28   140   -15  -0.38
2024 284  5 23   -5.90   -1.91    0.80  -392.7    42.9    -1.2   3.45   47737.   165   -31   134   -15  -0.32
2024 284  5 24   -5.96   -1.84    1.49  -392.7    42.9    -1.2   3.45   47737.   162   -32   130   -15  -0.59
2024 284  5 25   -5.79   -1.88    1.44  -392.7    42.9    -1.2   3.45   47737.   155   -28   127   -15  -0.57
2024 284  5 26   -4.10   -3.92    2.49 99999.9 99999.9 99999.9 999.99 9999999.   148   -26   122   -16 999.99
2024 284  5 27   -4.95   -3.40    1.48 99999.9 99999.9 99999.9 999.99 9999999.   140   -23   117   -16 999.99
2024 284  5 28   -5.12   -3.17    1.10 99999.9 99999.9 99999.9 999.99 9999999.   139   -21   118   -16 999.99
2024 284  5 29   -5.19   -2.67    1.55  -397.5    40.6     1.1   3.61   54232.   139   -21   118   -15  -0.62
2024 284  5 30   -4.99   -2.86    1.35  -397.5    40.6     1.1   3.61   54232.   135   -23   112   -15  -0.54
2024 284  5 31   -4.72   -3.05    1.52 99999.9 99999.9 99999.9 999.99 9999999.   133   -23   110   -15 999.99
2024 284  5 32   -5.18   -1.02    1.54  -404.2    49.8     5.2   3.93   68099.   132   -23   109   -14  -0.63
2024 284  5 33   -5.69   -0.53    1.53  -400.7    48.2    -0.9   3.65   58212.   136   -23   113   -14  -0.62
2024 284  5 34   -5.79    0.01    1.56  -395.5    31.5   -15.8   3.25   41932.   147   -24   123   -14  -0.62
2024 284  5 35   -5.97   -0.09    1.53  -396.6     3.8   -25.7   3.34   41659.   151   -23   128   -14  -0.61
2024 284  5 36   -5.69   -1.11    1.91  -396.4    18.7   -23.9   3.47   44649.   150   -22   128   -14  -0.76
2024 284  5 37   -5.67   -1.76    1.43  -398.4    22.6   -15.0   3.58   50400.   146   -22   124   -14  -0.57
2024 284  5 38   -6.12   -0.59    1.01  -400.5    27.0    -4.9   3.73   56870.   147   -25   122   -14  -0.41
2024 284  5 39   -6.03   -0.59    1.59  -391.8    20.9    -4.3   3.52   45620.   153   -27   126   -14  -0.62
2024 284  5 40   -5.93   -1.28    1.52  -391.8    20.9    -4.3   3.52   45620.   156   -27   129   -15  -0.60
2024 284  5 41   -6.00   -1.29    1.14  -390.8    28.0    -3.9   3.24   37620.   158   -25   133   -14  -0.45
2024 284  5 42   -5.17   -3.19    1.10  -391.7    38.4    -3.0   3.12   34301.   159   -26   133   -14  -0.43
2024 284  5 43   -5.44   -2.43    1.13  -397.0    51.9    -1.3   3.43   44410.   155   -28   127   -14  -0.45
2024 284  5 44   -5.58   -1.91    1.29 99999.9 99999.9 99999.9 999.99 9999999.   154   -33   121   -14 999.99
2024 284  5 45   -5.47   -2.08    1.30  -395.7    39.5    -3.8   3.46   53295.   165   -40   125   -14  -0.52
2024 284  5 46   -5.51   -2.09    1.06  -395.7    39.5    -3.8   3.46   53295.   175   -44   131   -14  -0.42
2024 284  5 47   -5.57   -1.78    1.14  -391.8    46.4    -9.2   3.26   47933.   184   -42   142   -15  -0.45
2024 284  5 48   -5.59   -1.78    1.13  -390.2    49.3   -11.4   3.18   45720.   197   -40   157   -15  -0.44
2024 284  5 49   -5.55   -1.86    1.15 99999.9 99999.9 99999.9 999.99 9999999.   204   -37   167   -15 999.99
2024 284  5 50   -5.67   -1.63    1.25 99999.9 99999.9 99999.9 999.99 9999999.   214   -37   177   -15 999.99
2024 284  5 51   -5.79   -1.48    1.29  -391.1    31.2    -8.7   3.32   41245.   222   -41   181   -15  -0.51
2024 284  5 52   -5.86   -1.46    1.02  -391.1    31.2    -8.7   3.32   41245.   224   -42   182   -15  -0.40
2024 284  5 53   -5.77   -1.49    1.66  -391.1    31.2    -8.7   3.32   41245.   223   -42   181   -14  -0.65
2024 284  5 54   -5.98   -1.23    1.53  -392.7    33.9   -12.6   3.64   46086.   213   -44   169   -14  -0.60
2024 284  5 55   -5.90   -1.73    1.56  -392.7    33.9   -12.6   3.64   46086.   198   -43   155   -14  -0.62
2024 284  5 56   -6.02   -1.18    1.49 99999.9 99999.9 99999.9 999.99 9999999.   183   -40   143   -14 999.99
2024 284  5 57   -6.00   -1.28    1.64 99999.9 99999.9 99999.9 999.99 9999999.   177   -39   138   -14 999.99
2024 284  5 58   -6.03   -1.45    1.81 99999.9 99999.9 99999.9 999.99 9999999.   166   -35   131   -14 999.99
2024 284  5 59   -6.22   -1.45    1.70  -393.4    38.4   -10.4   3.11   38237.   162   -31   131   -14  -0.67
2024 284  6  0   -6.08   -1.87    1.75  -393.4    38.4   -10.4   3.11   38237.   161   -31   130   -14  -0.69
2024 284  6  1   -6.27   -1.71    1.13 99999.9 99999.9 99999.9 999.99 9999999.   165   -33   132   -14 999.99
2024 284  6  2   -6.38   -1.34    0.52 99999.9 99999.9 99999.9 999.99 9999999.   166   -32   134   -14 999.99
2024 284  6  3   -6.39   -1.10    0.64  -389.0    33.8    12.3   3.31   43811.   173   -34   139   -14  -0.25
2024 284  6  4   -6.40   -1.03    0.98  -389.0    33.8    12.3   3.31   43811.   186   -43   143   -14  -0.38
2024 284  6  5   -6.46   -0.95    0.45  -388.0    33.1     0.7   3.32   33334.   209   -62   147   -14  -0.18
2024 284  6  6   -6.36   -0.78    0.94  -387.8    33.0    -1.6   3.32   31203.   201   -52   149   -14  -0.37
2024 284  6  7   -6.03   -1.50    1.47  -387.8    33.0    -1.6   3.32   31203.   199   -54   145   -13  -0.57
2024 284  6  8   -5.95   -0.92    1.63 99999.9 99999.9 99999.9 999.99 9999999.   183   -47   136   -13 999.99
2024 284  6  9   -6.09   -1.71    1.30  -393.1    40.8    -3.0   3.73   49348.   200   -67   133   -13  -0.51
2024 284  6 10   -5.99   -2.64    0.01  -393.1    40.8    -3.0   3.73   49348.   226   -86   140   -13  -0.00
2024 284  6 11   -6.09   -2.05    0.46  -393.1    40.8    -3.0   3.73   49348.   260  -108   152   -13  -0.18
2024 284  6 12   -6.06   -2.01    0.34  -389.3    34.0     8.6   3.46   44268.   250   -93   157   -13  -0.13
2024 284  6 13   -6.01   -1.93    0.20  -389.3    34.0     8.6   3.46   44268.   230   -79   151   -13  -0.08
2024 284  6 14   -5.96   -2.00    0.61  -389.3    34.0     8.6   3.46   44268.   227   -80   147   -14  -0.24
2024 284  6 15   -5.91   -2.08    0.25  -391.8    30.9     1.4   3.45   44662.   203   -60   143   -14  -0.10
2024 284  6 16   -5.98   -1.90   -0.44  -391.8    30.9     1.4   3.45   44662.   177   -41   136   -14   0.17
2024 284  6 17   -6.17   -1.21   -0.37  -391.8    30.9     1.4   3.45   44662.   184   -51   133   -14   0.15
2024 284  6 18   -6.22   -1.39   -0.40  -388.9    21.7    12.0   3.31   36881.   198   -64   134   -14   0.16
2024 284  6 19   -6.30   -0.92   -0.47  -388.9    21.7    12.0   3.31   36881.   192   -61   131   -13   0.18
2024 284  6 20   -6.11   -1.31    0.09  -388.9    21.7    12.0   3.31   36881.   182   -58   124   -13  -0.04
2024 284  6 21   -5.97   -1.27    0.38  -387.1    30.4    -4.8   3.26   32986.   184   -62   122   -13  -0.15
2024 284  6 22   -5.82   -1.56    0.40  -387.1    30.4    -4.8   3.26   32986.   186   -68   118   -13  -0.16
2024 284  6 23   -5.77   -1.23    0.57  -387.1    30.6    -4.5   3.03   35754.   179   -66   113   -13  -0.22
2024 284  6 24   -5.79   -0.27   -0.11  -387.1    30.6    -4.5   3.03   35754.   171   -63   108   -14   0.04
2024 284  6 25   -5.79   -0.34   -0.18 99999.9 99999.9 99999.9 999.99 9999999.   168   -65   103   -14 999.99
2024 284  6 26   -5.68   -2.40    0.39  -391.9    37.2     4.4   3.34   53438.   173   -69   104   -14  -0.15
2024 284  6 27   -5.83   -2.98    0.06  -392.3    42.0     7.7   3.56   54579.   175   -68   107   -13  -0.02
2024 284  6 28   -5.65   -3.67   -0.20  -393.8    45.3    13.6   3.64   50941.   172   -66   106   -13   0.08
2024 284  6 29   -5.42   -3.87    0.34  -396.0    43.9    19.9   3.46   42007.   171   -65   106   -13  -0.14
2024 284  6 30   -5.01   -4.04    0.76  -396.0    43.9    19.9   3.46   42007.   175   -69   106   -13  -0.30
2024 284  6 31   -5.46   -3.28    0.84 99999.9 99999.9 99999.9 999.99 9999999.   177   -71   106   -13 999.99
2024 284  6 32   -5.45   -3.02    1.21  -394.3    48.9     4.6   3.70   48460.   170   -66   104   -13  -0.48
2024 284  6 33   -4.75   -3.52    1.31  -394.4    51.3     2.0   3.59   48223.   162   -57   105   -13  -0.52
2024 284  6 34   -4.69   -3.25    1.64  -392.7    50.4     6.8   3.54   46034.   153   -45   108   -13  -0.65
2024 284  6 35   -4.55   -3.70    1.64  -395.7    44.7    12.0   4.32   69322.   151   -43   108   -14  -0.65
2024 284  6 36   -4.58   -3.80    1.22  -395.7    44.7    12.0   4.32   69322.   148   -42   106   -14  -0.49
2024 284  6 37   -4.91   -3.53    0.96  -393.6    55.2     8.8   4.85   94395.   151   -46   105   -14  -0.38
2024 284  6 38   -4.08   -2.32    3.68  -393.6    55.2     8.8   4.85   94395.   154   -50   104   -14  -1.46
2024 284  6 39   -5.42   -1.17    3.06  -393.6    55.2     8.8   4.85   94395.   161   -52   109   -14  -1.22
2024 284  6 40   -5.67   -1.71    2.46  -390.7    39.1   -10.0   3.34   39402.   164   -51   113   -14  -0.97
2024 284  6 41   -5.77   -2.30    1.69  -390.7    39.1   -10.0   3.34   39402.   160   -51   109   -14  -0.66
2024 284  6 42   -5.62   -2.52    1.56  -390.7    39.1   -10.0   3.34   39402.   158   -52   106   -15  -0.61
2024 284  6 43   -5.35   -2.23    2.10  -389.3    39.8    -7.7   2.90   34500.   161   -55   106   -15  -0.82
2024 284  6 44   -4.64   -2.14    3.28  -393.4    37.1   -10.8   3.27   40702.   166   -57   109   -15  -1.30
2024 284  6 45   -4.73   -2.51    3.09  -407.9    27.8   -21.8   4.60   62418.   171   -58   113   -15  -1.27
2024 284  6 46   -4.87   -3.07    2.38  -407.9    27.8   -21.8   4.60   62418.   169   -58   111   -15  -0.97
2024 284  6 47   -4.69   -2.22    2.87  -403.3    49.8     4.8   4.44   71219.   168   -56   112   -15  -1.17
2024 284  6 48   -4.58    1.12    2.69  -403.2    48.1     1.6   4.37   69328.   167   -54   113   -15  -1.09
2024 284  6 49   -4.36   -1.20    3.80  -404.9    32.2   -30.3   3.70   54045.   162   -49   113   -14  -1.55
2024 284  6 50   -5.04   -0.89    3.16  -400.4    38.5   -22.5   3.47   49547.   151   -48   103   -13  -1.27
2024 284  6 51   -5.20   -1.27    2.78  -399.7    39.2   -18.5   3.32   45701.   141   -52    89   -13  -1.12
2024 284  6 52   -5.02   -1.56    3.14  -395.1    40.0   -13.3   4.99   80204.   131   -55    76   -13  -1.25
2024 284  6 53   -4.47   -0.88    3.92  -395.1    40.0   -13.3   4.99   80204.   118   -54    64   -13  -1.56
2024 284  6 54   -4.62   -1.08    3.63  -395.1    40.0   -13.3   4.99   80204.   106   -48    58   -13  -1.44
2024 284  6 55   -4.62   -1.08    3.63 99999.9 99999.9 99999.9 999.99 9999999.   108   -41    67   -13 999.99
2024 284  6 56   -4.66   -1.25    3.45  -399.7    39.2   -29.2   3.86   53223.   104   -35    69   -13  -1.39
2024 284  6 57 9999.99 9999.99 9999.99  -399.7    39.2   -29.2   3.86   53223.    97   -30    67   -14 999.99
2024 284  6 58   -4.79   -0.97    3.19 99999.9 99999.9 99999.9 999.99 9999999.    93   -29    64   -14 999.99
2024 284  6 59   -4.96   -0.95    2.91 99999.9 99999.9 99999.9 999.99 9999999.    91   -30    61   -14 999.99
2024 284  7  0   -4.96   -0.94    2.91 99999.9 99999.9 99999.9 999.99 9999999.    87   -32    55   -14 999.99
2024 284  7  1   -5.05   -0.88    2.89 99999.9 99999.9 99999.9 999.99 9999999.    89   -35    54   -13 999.99
2024 284  7  2   -5.05   -0.88    2.89 99999.9 99999.9 99999.9 999.99 9999999.    89   -34    55   -13 999.99
2024 284  7  3   -5.20   -0.88    2.56 99999.9 99999.9 99999.9 999.99 9999999.    95   -35    60   -13 999.99
2024 284  7  4   -5.45   -1.87    1.43  -393.6    42.8    -7.2   3.04   31506.   103   -40    63   -13  -0.57
2024 284  7  5   -5.20   -2.48    0.93  -395.7    44.0    -9.6   3.42   40897.   106   -42    64   -13  -0.37
2024 284  7  6   -5.12   -0.80    2.71  -397.4    35.5   -18.7   3.68   45588.   110   -41    69   -13  -1.08
2024 284  7  7   -5.13    1.77    2.13  -398.5    15.1   -29.6   3.89   46940.   102   -34    68   -13  -0.85
2024 284  7  8   -5.46    0.27    2.05  -397.0    23.6   -21.4   4.34   64646.    93   -28    65   -13  -0.82
2024 284  7  9   -5.66    0.20    1.48  -395.3    17.3   -17.8   4.29   53478.   100   -37    63   -13  -0.59
2024 284  7 10   -5.63    0.04    1.50  -391.6    20.9   -11.3   4.32   60726.   100   -38    62   -13  -0.59
2024 284  7 11   -5.53    0.02    1.43  -386.8    28.0    -9.2   3.38   32535.    91   -25    66   -13  -0.55
2024 284  7 12   -5.35   -0.46    1.63  -390.2    22.0    -9.7   3.82   47692.    97   -29    68   -13  -0.64
2024 284  7 13   -5.29   -0.93    1.84  -392.4    19.2   -20.5   3.51   44794.    98   -27    71   -13  -0.72
2024 284  7 14   -5.28   -0.67    2.10  -393.4    18.4   -29.5   3.13   38603.    96   -25    71   -13  -0.83
2024 284  7 15   -5.10   -0.78    2.40 99999.9 99999.9 99999.9 999.99 9999999.   106   -34    72   -13 999.99
2024 284  7 16   -3.87   -0.89    4.00 99999.9 99999.9 99999.9 999.99 9999999.   103   -36    67   -13 999.99
2024 284  7 17   -3.95   -1.47    3.63 99999.9 99999.9 99999.9 999.99 9999999.    97   -33    64   -13 999.99
2024 284  7 18   -3.02   -1.07    4.59 99999.9 99999.9 99999.9 999.99 9999999.    99   -37    62   -13 999.99
2024 284  7 19   -3.62   -1.65    3.91 99999.9 99999.9 99999.9 999.99 9999999.   101   -44    57   -13 999.99
2024 284  7 20   -3.39   -1.05    4.31 99999.9 99999.9 99999.9 999.99 9999999.   101   -48    53   -13 999.99
2024 284  7 21   -3.64   -0.76    4.10  -409.8    31.1   -33.0   2.92   42647.   111   -58    53   -13  -1.69
2024 284  7 22   -2.99   -0.32    4.61  -409.8    31.1   -33.0   2.92   42647.   127   -67    60   -14  -1.90
2024 284  7 23   -3.45   -0.50    4.42  -409.8    31.1   -33.0   2.92   42647.   135   -69    66   -14  -1.82
2024 284  7 24   -3.48   -0.43    4.46 99999.9 99999.9 99999.9 999.99 9999999.   130   -64    66   -14 999.99
2024 284  7 25   -4.12   -0.72    3.89 99999.9 99999.9 99999.9 999.99 9999999.   120   -64    56   -14 999.99
2024 284  7 26   -3.97   -0.85    4.04  -406.2    29.5   -29.3   3.95   65327.   116   -66    50   -14  -1.65
2024 284  7 27   -3.96   -1.00    4.08  -406.2    29.5   -29.3   3.95   65327.   113   -63    50   -13  -1.67
2024 284  7 28   -3.94   -0.42    4.18 99999.9 99999.9 99999.9 999.99 9999999.   110   -60    50   -13 999.99
2024 284  7 29   -4.02    0.05    4.22 99999.9 99999.9 99999.9 999.99 9999999.   104   -58    46   -12 999.99
2024 284  7 30   -4.66    0.67    3.47  -407.2    33.2   -36.7   3.33   40022.    97   -56    41   -12  -1.42
2024 284  7 31   -4.56    0.74    3.51  -407.2    33.2   -36.7   3.33   40022.    91   -48    43   -12  -1.44
2024 284  7 32   -4.52    1.05    3.44 99999.9 99999.9 99999.9 999.99 9999999.    95   -46    49   -12 999.99
2024 284  7 33   -4.52    1.05    3.44 99999.9 99999.9 99999.9 999.99 9999999.   108   -48    60   -12 999.99
2024 284  7 34   -4.38    1.14    3.53 99999.9 99999.9 99999.9 999.99 9999999.   117   -45    72   -12 999.99
2024 284  7 35   -4.60    1.08    3.23 99999.9 99999.9 99999.9 999.99 9999999.   110   -41    69   -12 999.99
2024 284  7 36   -4.27    1.10    3.53 99999.9 99999.9 99999.9 999.99 9999999.    91   -28    63   -13 999.99
2024 284  7 37   -4.27    1.11    3.53 99999.9 99999.9 99999.9 999.99 9999999.    88   -28    60   -12 999.99
2024 284  7 38   -3.99    1.07    3.85  -400.6    17.2   -44.3   3.80   52116.    84   -28    56   -12  -1.55
2024 284  7 39   -4.06    1.15    3.64  -400.6    17.2   -44.3   3.80   52116.    73   -26    47   -12  -1.47
2024 284  7 40 9999.99 9999.99 9999.99 99999.9 99999.9 99999.9 999.99 9999999.    64   -24    40   -12 999.99
2024 284  7 41   -3.58    1.07    4.09 99999.9 99999.9 99999.9 999.99 9999999.    66   -24    42   -12 999.99
2024 284  7 42   -3.34    0.97    4.27 99999.9 99999.9 99999.9 999.99 9999999.    79   -35    44   -12 999.99
2024 284  7 43   -3.34    0.97    4.27 99999.9 99999.9 99999.9 999.99 9999999.    74   -27    47   -12 999.99
2024 284  7 44 9999.99 9999.99 9999.99 99999.9 99999.9 99999.9 999.99 9999999.    76   -23    53   -12 999.99
2024 284  7 45   -3.79    0.56    3.93 99999.9 99999.9 99999.9 999.99 9999999.    81   -24    57   -13 999.99
2024 284  7 46 9999.99 9999.99 9999.99 99999.9 99999.9 99999.9 999.99 9999999.    78   -22    56   -12 999.99
2024 284  7 47   -4.05    0.22    3.64 99999.9 99999.9 99999.9 999.99 9999999.    78   -23    55   -12 999.99
2024 284  7 48 9999.99 9999.99 9999.99 99999.9 99999.9 99999.9 999.99 9999999.    84   -27    57   -13 999.99
2024 284  7 49 9999.99 9999.99 9999.99 99999.9 99999.9 99999.9 999.99 9999999.    88   -31    57   -13 999.99
2024 284  7 50   -3.84    0.49    3.80 99999.9 99999.9 99999.9 999.99 9999999.    91   -32    59   -13 999.99
2024 284  7 51 9999.99 9999.99 9999.99 99999.9 99999.9 99999.9 999.99 9999999.    90   -30    60   -13 999.99
2024 284  7 52 9999.99 9999.99 9999.99 99999.9 99999.9 99999.9 999.99 9999999.    93   -31    62   -13 999.99
2024 284  7 53   -3.87    0.47    3.77  -400.5    29.8   -36.0   3.34   44465.    96   -36    60   -13  -1.52
2024 284  7 54 9999.99 9999.99 9999.99  -400.5    29.8   -36.0   3.34   44465.    96   -37    59   -12 999.99
2024 284  7 55 9999.99 9999.99 9999.99 99999.9 99999.9 99999.9 999.99 9999999.    95   -35    60   -12 999.99
2024 284  7 56   -3.24    1.13    4.13  -412.6    29.9   -40.7   2.99   36910.    95   -34    61   -12  -1.72
2024 284  7 57   -3.93    1.89    1.97  -412.6    29.9   -40.7   2.99   36910.    90   -31    59   -12  -0.82
2024 284  7 58   -3.21    2.17    3.06 99999.9 99999.9 99999.9 999.99 9999999.    85   -29    56   -12 999.99
2024 284  7 59   -3.98    1.76    2.86  -403.5   -14.9   -30.1   3.56   47341.    72   -22    50   -12  -1.16
2024 284  8  0   -4.09    1.63    2.76  -399.2    11.0   -26.5   3.38   40991.    58   -15    43   -12  -1.11
2024 284  8  1   -4.62    1.57    2.19  -397.4    11.7   -22.5   3.56   41985.    65   -20    45   -12  -0.87
2024 284  8  2   -3.69    1.19    2.58  -400.1    12.2   -21.4   3.81   45847.    78   -29    49   -13  -1.03
2024 284  8  3   -4.28   -0.02    1.92  -401.2    18.7   -16.3   3.78   49322.    87   -32    55   -12  -0.77
2024 284  8  4   -2.78   -1.37    2.11  -421.0    33.3   -10.2   3.42   41958.    90   -32    58   -12  -0.89
2024 284  8  5   -2.28   -2.86    2.37  -394.5    23.6    -5.7   3.69   52665.    89   -31    58   -12  -0.94
2024 284  8  6   -3.30   -1.03    2.81  -434.9    48.2     0.8   4.25   91886.    83   -33    50   -12  -1.23
2024 284  8  7   -4.05    0.07    2.77  -421.0    32.6   -18.7   4.29   81815.    77   -35    42   -13  -1.17
2024 284  8  8   -4.01   -1.30    1.60  -407.9    24.9   -25.7   4.16   68976.    70   -31    39   -12  -0.66
2024 284  8  9   -4.02   -0.90    1.83  -406.7    33.1   -24.0   4.50   75401.    66   -31    35   -12  -0.75
2024 284  8 10   -3.57    1.59    2.32  -416.2    20.0    -9.9   4.00   93347.    67   -32    35   -13  -0.97
2024 284  8 11   -3.01    1.33    2.40  -416.2    20.0    -9.9   4.00   93347.    69   -34    35   -13  -1.00
2024 284  8 12   -2.69   -1.60    1.58  -412.8    45.3    17.2   3.89   77956.    66   -27    39   -14  -0.66
2024 284  8 13   -0.46   -4.01    2.25  -424.9    49.0    10.2   3.99   80425.    71   -24    47   -14  -0.96
2024 284  8 14   -1.76   -2.14    3.41  -434.5    51.9     4.7   4.07   82377.    84   -30    54   -14  -1.49
2024 284  8 15   -2.12   -1.90    2.57 99999.9 99999.9 99999.9 999.99 9999999.    80   -31    49   -14 999.99
2024 284  8 16    0.04   -0.55    4.00 99999.9 99999.9 99999.9 999.99 9999999.    75   -32    43   -13 999.99
2024 284  8 17    0.54    0.18    4.34 99999.9 99999.9 99999.9 999.99 9999999.    80   -38    42   -13 999.99
2024 284  8 18   -0.16   -1.42    4.15 99999.9 99999.9 99999.9 999.99 9999999.    85   -38    47   -12 999.99
2024 284  8 19   -3.39    0.54    2.58 99999.9 99999.9 99999.9 999.99 9999999.    85   -31    54   -12 999.99
2024 284  8 20   -4.38    1.45    0.15 99999.9 99999.9 99999.9 999.99 9999999.    72   -17    55   -11 999.99
2024 284  8 21   -4.52    0.47    0.04 99999.9 99999.9 99999.9 999.99 9999999.    63   -12    51   -11 999.99
2024 284  8 22   -4.77    0.37   -0.47 99999.9 99999.9 99999.9 999.99 9999999.    75   -17    58   -11 999.99
2024 284  8 23   -4.78    0.02   -0.26 99999.9 99999.9 99999.9 999.99 9999999.    81   -17    64   -11 999.99
2024 284  8 24   -4.67   -0.52   -0.44 99999.9 99999.9 99999.9 999.99 9999999.    85   -14    71   -11 999.99
2024 284  8 25   -4.42   -0.59   -1.14 99999.9 99999.9 99999.9 999.99 9999999.    88   -10    78   -11 999.99
2024 284  8 26   -4.30   -0.98   -1.05 99999.9 99999.9 99999.9 999.99 9999999.    88   -10    78   -10 999.99
2024 284  8 27   -4.40   -1.32   -0.89  -401.1    28.5    28.8   3.86   62340.    93   -18    75   -10   0.36
2024 284  8 28   -4.46   -1.43   -0.54  -401.1    28.5    28.8   3.86   62340.   106   -30    76   -10   0.22
2024 284  8 29   -4.28   -1.58    0.90  -402.1    30.6    22.5   3.99   90588.   112   -32    80   -11  -0.36
2024 284  8 30   -4.43    0.31    1.49  -403.2    32.9    15.8   4.12  120614.   118   -29    89   -11  -0.60
2024 284  8 31   -4.27    1.38    0.83  -404.5     4.3    -2.2   4.29   52020.   117   -20    97   -11  -0.34
2024 284  8 32   -4.19    1.80    0.89  -404.6     3.0    -3.0   4.30   48969.   118   -14   104   -11  -0.36
2024 284  8 33   -3.77    2.71    0.89  -404.6     3.0    -3.0   4.30   48969.   124   -21   103   -11  -0.36
2024 284  8 34   -4.06    2.16    0.32  -408.1    -9.7    -4.3   4.13  119697.   127   -28    99   -11  -0.13
2024 284  8 35   -4.33    1.83    0.37  -408.0    -9.5    -4.5   4.12  118915.   127   -29    98   -10  -0.15
2024 284  8 36   -4.30    1.67    0.26  -394.6     9.3   -24.3   2.93   42731.   130   -25   105   -10  -0.10
2024 284  8 37   -4.35    1.92    1.17  -394.2     9.8   -24.8   2.91   40678.   131   -20   111   -10  -0.46
2024 284  8 38   -4.27    2.05   -0.18  -402.0    10.2   -25.4   4.01   48831.   124   -16   108   -10   0.07
2024 284  8 39   -3.07    2.85   -0.31  -401.8     4.6   -15.9   4.25   74610.   107   -15    92   -10   0.12
2024 284  8 40   -2.37    3.23   -0.54  -414.1    -3.2     0.1   4.42  118781.    95   -17    78   -10   0.22
2024 284  8 41   -3.22    1.63    1.97  -422.3     8.3   -10.3   3.67   91499.    90   -22    68   -10  -0.83
2024 284  8 42   -3.58    1.08    2.25  -420.1    16.1   -13.7   3.47   83561.    85   -25    60   -11  -0.95
2024 284  8 43   -3.54    1.66    2.68  -401.6     4.5   -35.6   2.85   35519.    86   -28    58   -11  -1.08
2024 284  8 44   -3.70    1.52    2.67  -401.6     4.5   -35.6   2.85   35519.    94   -31    63   -12  -1.08
2024 284  8 45   -4.00    1.66    2.34  -403.8     8.0   -29.1   3.12   49198.   104   -34    70   -12  -0.95
2024 284  8 46   -4.32    1.78    2.28  -409.7    17.4   -11.7   3.83   85977.   113   -36    77   -12  -0.94
2024 284  8 47   -4.66    1.83    1.60  -401.8    -4.0   -14.7   3.74   44479.   121   -36    85   -12  -0.64
2024 284  8 48   -4.89    1.06    1.82  -395.3    14.4   -10.3   3.58   33746.   134   -38    96   -12  -0.72
2024 284  8 49   -5.14    1.10    1.63  -393.3    20.6    -8.9   3.53   31065.   143   -39   104   -12  -0.64
2024 284  8 50   -5.21    1.03    1.59 99999.9 99999.9 99999.9 999.99 9999999.   147   -38   109   -12 999.99
2024 284  8 51   -5.27    0.85    1.48 99999.9 99999.9 99999.9 999.99 9999999.   146   -35   111   -11 999.99
2024 284  8 52   -5.14    0.83    1.98 99999.9 99999.9 99999.9 999.99 9999999.   146   -36   110   -11 999.99
2024 284  8 53   -4.69    0.81    2.90  -397.5    27.1   -13.7   4.20   57803.   140   -35   105   -11  -1.16
2024 284  8 54   -4.70    0.51    2.98  -397.5    27.1   -13.7   4.20   57803.   133   -33   100   -11  -1.19
2024 284  8 55   -4.74   -0.00    2.84  -397.5    27.1   -13.7   4.20   57803.   131   -32    99   -10  -1.13
2024 284  8 56   -4.65   -0.07    2.96 99999.9 99999.9 99999.9 999.99 9999999.   129   -31    98   -10 999.99
2024 284  8 57   -4.72    0.05    2.75 99999.9 99999.9 99999.9 999.99 9999999.   127   -30    97   -10 999.99
2024 284  8 58   -4.68    0.58    2.79 99999.9 99999.9 99999.9 999.99 9999999.   128   -34    94   -10 999.99
2024 284  8 59   -4.61    0.58    2.87  -397.4    20.2   -29.0   3.16   42936.   129   -36    93   -10  -1.14
2024 284  9  0   -4.55    0.74    2.93  -397.4    20.2   -29.0   3.16   42936.   127   -34    93   -10  -1.17
2024 284  9  1   -4.56    1.05    2.73  -397.4    20.2   -29.0   3.16   42936.   125   -32    93   -10  -1.09
2024 284  9  2 9999.99 9999.99 9999.99 99999.9 99999.9 99999.9 999.99 9999999.   123   -30    93    -9 999.99
2024 284  9  3   -4.81    0.96    2.29  -396.9    12.7   -16.2   3.91   50390.   119   -29    90    -9  -0.91
2024 284  9  4   -4.75    0.43    2.62  -396.9    12.7   -16.2   3.91   50390.   116   -30    86    -9  -1.04
2024 284  9  5   -4.89    0.85    2.29 99999.9 99999.9 99999.9 999.99 9999999.   111   -30    81    -9 999.99
2024 284  9  6   -4.83    0.65    2.41 99999.9 99999.9 99999.9 999.99 9999999.   104   -30    74    -9 999.99
2024 284  9  7   -4.77    0.99    2.50 99999.9 99999.9 99999.9 999.99 9999999.    97   -30    67    -9 999.99
2024 284  9  8   -4.73   -0.20    2.73 99999.9 99999.9 99999.9 999.99 9999999.    91   -29    62   -10 999.99
2024 284  9  9 9999.99 9999.99 9999.99 99999.9 99999.9 99999.9 999.99 9999999.    88   -30    58    -9 999.99
2024 284  9 10   -4.69    0.69    2.64 99999.9 99999.9 99999.9 999.99 9999999.    89   -31    58    -9 999.99
2024 284  9 11   -4.69    0.21    2.58 99999.9 99999.9 99999.9 999.99 9999999.    89   -31    58    -9 999.99
2024 284  9 12   -4.69    0.22    2.58 99999.9 99999.9 99999.9 999.99 9999999.    89   -33    56    -9 999.99
2024 284  9 13   -4.60    0.99    2.72  -398.1    20.0   -30.6   3.09   40584.    86   -33    53    -9  -1.09
2024 284  9 14   -4.78    0.82    2.39  -398.1    20.0   -30.6   3.09   40584.    83   -31    52    -8  -0.96
2024 284  9 15   -4.71    1.02    2.44  -400.4    13.9   -18.3   3.79   41403.    83   -31    52    -8  -0.98
2024 284  9 16   -4.60    1.60    1.85  -400.1     6.5   -17.1   3.31   46047.    83   -30    53    -8  -0.74
2024 284  9 17   -4.54    2.68    0.24  -400.0     4.0   -16.7   3.14   47653.    79   -28    51    -9  -0.10
2024 284  9 18   -4.81    2.04    0.84 99999.9 99999.9 99999.9 999.99 9999999.    79   -30    49    -9 999.99
2024 284  9 19   -4.95    2.85   -0.21 99999.9 99999.9 99999.9 999.99 9999999.    80   -34    46    -9 999.99
2024 284  9 20   -5.11    2.72    0.06 99999.9 99999.9 99999.9 999.99 9999999.    80   -37    43    -9 999.99
2024 284  9 21   -5.24    2.37   -0.01 99999.9 99999.9 99999.9 999.99 9999999.    75   -36    39    -9 999.99
2024 284  9 22   -5.03    2.57   -0.47  -392.8   -14.1   -10.1   3.04   30792.    71   -35    36    -9   0.18
2024 284  9 23   -4.80    2.46    0.08  -392.8   -14.1   -10.1   3.04   30792.    72   -38    34    -9  -0.03
2024 284  9 24   -5.11    2.47   -0.26  -392.8   -14.1   -10.1   3.04   30792.    69   -38    31    -9   0.10
2024 284  9 25   -5.31    2.22   -0.47  -391.9    -6.0   -14.8   3.52   39680.    62   -35    27    -8   0.18
2024 284  9 26   -4.74    3.12   -1.38  -389.7    -6.5    -6.2   3.34   37047.    59   -36    23    -9   0.54
2024 284  9 27   -5.03    3.07   -0.65  -389.8    -9.3    -4.6   3.26   35309.    54   -36    18    -8   0.25
2024 284  9 28   -5.02    3.07   -0.30  -394.2   -24.3   -11.1   3.07   30411.    47   -34    13    -8   0.12
2024 284  9 29   -4.88    3.15   -0.35  -394.2   -24.3   -11.1   3.07   30411.    42   -32    10    -8   0.14
2024 284  9 30   -4.90    3.05   -0.29 99999.9 99999.9 99999.9 999.99 9999999.    50   -32    18    -8 999.99
2024 284  9 31   -5.03    2.84   -0.26 99999.9 99999.9 99999.9 999.99 9999999.    56   -34    22    -8 999.99
2024 284  9 32   -5.17    2.76    0.00 99999.9 99999.9 99999.9 999.99 9999999.    56   -37    19    -8 999.99
2024 284  9 33   -5.45    2.36    0.13  -391.2    -7.2   -11.1   3.86   43194.    54   -40    14    -8  -0.05
2024 284  9 34   -4.97    3.38    0.05  -391.2    -7.2   -11.1   3.86   43194.    48   -35    13    -8  -0.02
2024 284  9 35   -4.96    3.44   -0.59  -394.9   -15.0   -12.5   3.31   33807.    45   -35    10    -8   0.23
2024 284  9 36   -4.63    3.75   -1.00  -396.5   -18.3   -13.1   3.07   29790.    47   -35    12    -8   0.40
2024 284  9 37   -5.29    2.84   -0.60 99999.9 99999.9 99999.9 999.99 9999999.    47   -32    15    -7 999.99
2024 284  9 38   -5.29    2.84   -0.60 99999.9 99999.9 99999.9 999.99 9999999.    48   -26    22    -7 999.99
2024 284  9 39   -5.73    2.16   -0.76 99999.9 99999.9 99999.9 999.99 9999999.    57   -28    29    -7 999.99
2024 284  9 40   -5.75    2.18   -0.38 99999.9 99999.9 99999.9 999.99 9999999.    62   -30    32    -7 999.99
2024 284  9 41   -5.80    1.94   -0.47 99999.9 99999.9 99999.9 999.99 9999999.    62   -31    31    -7 999.99
2024 284  9 42   -5.76    1.89   -0.73  -388.5   -10.0     4.5   4.54   48625.    59   -31    28    -7   0.28
2024 284  9 43   -5.62    2.24   -0.87  -388.5   -10.0     4.5   4.54   48625.    62   -29    33    -6   0.34
2024 284  9 44   -5.67    2.17   -0.69 99999.9 99999.9 99999.9 999.99 9999999.    63   -25    38    -6 999.99
2024 284  9 45   -5.38    2.68   -1.10 99999.9 99999.9 99999.9 999.99 9999999.    66   -21    45    -6 999.99
2024 284  9 46   -5.70    1.56   -0.70  -388.9    -6.9     5.7   4.88   38085.    62   -14    48    -6   0.27
2024 284  9 47   -5.40    2.09   -0.48  -389.5    -7.6     5.9   4.83   38122.    74   -13    61    -6   0.19
2024 284  9 48   -4.21    2.81   -2.02  -412.8   -34.7    14.7   3.03   39568.    93   -19    74    -7   0.84
2024 284  9 49   -4.61    2.59   -1.85  -395.2   -25.5     3.7   3.35   40208.    97   -20    77    -7   0.73
2024 284  9 50   -4.57    2.65   -1.53  -392.1   -21.2     2.5   3.48   40530.    88   -14    74    -7   0.60
2024 284  9 51   -3.50    3.48   -2.04  -388.8    -0.3     5.9   3.97   42230.    89   -12    77    -7   0.79
2024 284  9 52   -3.72    3.37   -2.00  -388.8    -0.3     5.9   3.97   42230.    97   -12    85    -7   0.78
2024 284  9 53   -4.03    3.13   -1.86  -409.1   -28.6    -3.7   3.20   44925.    99   -11    88    -7   0.76
2024 284  9 54   -3.38    3.54   -2.17  -409.1   -28.6    -3.7   3.20   44925.   102   -12    90    -7   0.89
2024 284  9 55   -3.78    3.43   -1.65 99999.9 99999.9 99999.9 999.99 9999999.    98   -12    86    -7 999.99
2024 284  9 56   -4.08    3.21   -1.55 99999.9 99999.9 99999.9 999.99 9999999.    99   -11    88    -7 999.99
2024 284  9 57   -4.01    3.50   -1.06 99999.9 99999.9 99999.9 999.99 9999999.   101   -10    91    -7 999.99
2024 284  9 58   -3.98    3.60   -0.86  -391.7   -15.9    -9.8   2.77   26503.   100    -8    92    -7   0.34
2024 284  9 59   -3.73    3.35   -1.04  -393.3   -13.4    -5.8   2.85   28934.   109   -13    96    -7   0.41
2024 284 10  0   -4.45    1.48   -1.38  -401.9   -12.3     0.8   3.25   42839.   110   -17    93    -7   0.56
2024 284 10  1   -4.30   -0.59   -2.52  -400.5    17.4    33.7   3.40   45705.   110   -21    89    -7   1.02
2024 284 10  2   -4.86   -1.81   -1.99  -393.9    13.8    23.2   3.81   49833.   112   -25    87    -6   0.79
2024 284 10  3   -4.83   -1.66   -1.92  -392.4    18.6    19.8   3.63   41789.   110   -27    83    -6   0.76
2024 284 10  4   -4.76   -1.80   -2.44  -395.2    17.8    28.3   2.91   33642.   108   -28    80    -6   0.97
2024 284 10  5   -4.41   -1.66   -2.23  -396.2    23.5    35.5   3.27   38426.   101   -28    73    -6   0.89
2024 284 10  6   -3.71    0.25   -2.48  -395.5    14.5    30.4   3.69   59547.   106   -30    76    -7   0.99
2024 284 10  7   -3.78    0.55   -2.59  -398.2    -5.0    20.6   3.60   74834.   109   -31    78    -7   1.03
2024 284 10  8   -4.34   -0.35   -2.22 99999.9 99999.9 99999.9 999.99 9999999.   104   -30    74    -7 999.99
2024 284 10  9   -3.92   -0.26   -2.32  -394.9    -0.3    16.0   3.51   71302.   103   -28    75    -8   0.92
2024 284 10 10   -3.80   -0.16   -2.30  -394.9    -0.3    16.0   3.51   71302.    97   -25    72    -8   0.91
2024 284 10 11   -3.79   -1.22   -2.48  -394.9    -0.3    16.0   3.51   71302.    95   -23    72    -9   0.98
2024 284 10 12   -4.10   -0.79   -2.14 99999.9 99999.9 99999.9 999.99 9999999.    91   -20    71    -9 999.99
2024 284 10 13   -3.81    0.25   -2.26  -399.8     4.5    19.2   4.37   68506.    82   -18    64    -9   0.90
2024 284 10 14   -4.06   -0.53   -1.85  -399.8     4.5    19.2   4.37   68506.    78   -21    57    -9   0.74
2024 284 10 15   -4.09   -0.68   -1.83 99999.9 99999.9 99999.9 999.99 9999999.    70   -22    48    -9 999.99
2024 284 10 16   -4.09   -0.33   -2.15 99999.9 99999.9 99999.9 999.99 9999999.    60   -20    40    -9 999.99
2024 284 10 17   -4.09   -0.48   -2.24 99999.9 99999.9 99999.9 999.99 9999999.    59   -22    37    -9 999.99
2024 284 10 18   -4.43   -0.55   -2.75 99999.9 99999.9 99999.9 999.99 9999999.    64   -27    37    -9 999.99
2024 284 10 19   -4.42   -0.61   -2.35  -396.4     3.5    15.4   3.90   67572.    68   -33    35    -9   0.93
2024 284 10 20   -4.51   -0.50   -2.30  -396.4     3.5    15.4   3.90   67572.    72   -37    35    -9   0.91
2024 284 10 21   -3.71   -0.78   -3.02  -396.4     3.5    15.4   3.90   67572.    81   -41    40    -9   1.20
2024 284 10 22   -3.97   -0.68   -3.15 99999.9 99999.9 99999.9 999.99 9999999.    88   -48    40    -9 999.99
2024 284 10 23   -4.08   -0.01   -3.11  -399.2     4.1    23.6   3.32   59976.    93   -57    36    -9   1.24
2024 284 10 24   -3.87   -0.39   -3.31  -397.7     1.9    22.6   3.76   62223.    97   -68    29    -9   1.32
2024 284 10 25   -3.87    0.43   -3.46  -405.9   -12.1    28.4   4.69   61180.   113   -80    33    -9   1.41
2024 284 10 26   -4.23   -0.46   -3.82  -405.4   -11.5    28.6   4.64   61740.   123   -88    35    -9   1.55
2024 284 10 27   -3.81   -0.52   -3.51  -394.9     0.4    32.4   3.47   73352.   127   -93    34    -9   1.39
2024 284 10 28   -3.94   -0.06   -3.68  -394.9     0.4    32.4   3.47   73352.   131   -96    35    -9   1.46
2024 284 10 29   -3.28    1.29   -4.04  -409.5    -5.7    21.5   4.47   78888.   123   -97    26    -9   1.66
2024 284 10 30   -4.42   -0.41   -3.14  -409.5    -5.7    21.5   4.47   78888.   118   -96    22    -9   1.29
2024 284 10 31   -4.50    0.73   -2.44  -409.5    -5.7    21.5   4.47   78888.   114   -92    22    -9   1.00
2024 284 10 32   -3.60    2.55   -4.05 99999.9 99999.9 99999.9 999.99 9999999.   111   -87    24    -9 999.99
2024 284 10 33   -3.95    2.31   -3.88 99999.9 99999.9 99999.9 999.99 9999999.   116   -82    34    -9 999.99
2024 284 10 34   -4.50    0.75   -2.39 99999.9 99999.9 99999.9 999.99 9999999.   118   -80    38    -9 999.99
2024 284 10 35   -4.96    0.88   -2.57 99999.9 99999.9 99999.9 999.99 9999999.   122   -77    45   -10 999.99
2024 284 10 36   -4.78    0.73   -2.49  -392.0   -15.0    21.1   4.77   36702.   118   -71    47   -10   0.98
2024 284 10 37   -4.65    0.59   -3.43  -393.6   -12.6    14.9   4.67   50985.   102   -65    37   -10   1.35
2024 284 10 38   -4.54    0.40   -3.14  -397.4    -7.1    -1.9   4.37   86859.    89   -63    26   -10   1.25
2024 284 10 39   -4.57    1.33   -2.47  -395.5    -8.1     5.4   4.48   63847.    86   -63    23    -9   0.98
2024 284 10 40   -4.76    0.96   -2.10  -400.1   -12.2     4.6   3.96   53735.    87   -66    21    -9   0.84
2024 284 10 41   -4.74    0.71   -1.92  -398.9   -12.6    -0.9   3.70   50631.    99   -70    29   -10   0.77
2024 284 10 42   -4.86    1.04   -2.05  -398.3   -20.3     3.2   4.56   66365.   122   -74    48   -10   0.82
2024 284 10 43   -4.61    0.12   -2.66  -394.8    -0.3    13.4   4.56   55210.   143   -77    66   -10   1.05
2024 284 10 44   -4.50    0.04   -2.36  -393.8     2.5    16.2   4.55   49902.   142   -78    64   -10   0.93
2024 284 10 45   -5.23    0.58   -1.48  -391.0    -1.6    10.8   4.83   42166.   129   -77    52   -10   0.58
2024 284 10 46   -4.61   -0.27   -2.24  -387.3    18.9    17.2   4.76   43292.   116   -77    39   -10   0.87
2024 284 10 47   -5.17    0.30   -1.92  -387.3    18.9    17.2   4.76   43292.   114   -78    36   -10   0.75
2024 284 10 48   -4.74    0.03   -2.22  -406.8    25.7    23.5   4.31   54196.   117   -80    37   -10   0.91
2024 284 10 49   -4.87    0.49   -2.42  -405.5    21.6    24.7   3.92   48866.   121   -82    39   -10   0.98
2024 284 10 50   -3.52   -1.56   -3.94  -395.4     3.2    25.3   4.18   58303.   128   -81    47    -9   1.56
2024 284 10 51   -5.04    1.13   -1.99  -404.1    -3.4    29.7   4.53   83408.   143   -81    62    -9   0.81
2024 284 10 52   -4.25    0.45   -3.66 99999.9 99999.9 99999.9 999.99 9999999.   158   -79    79    -9 999.99
2024 284 10 53   -3.62   -1.08   -3.72 99999.9 99999.9 99999.9 999.99 9999999.   175   -76    99    -8 999.99
2024 284 10 54   -5.21    0.51   -1.99 99999.9 99999.9 99999.9 999.99 9999999.   188   -76   112    -8 999.99
2024 284 10 55   -3.97   -1.70   -3.51 99999.9 99999.9 99999.9 999.99 9999999.   189   -72   117    -8 999.99
2024 284 10 56   -5.48    0.15   -1.35 99999.9 99999.9 99999.9 999.99 9999999.   196   -70   126    -8 999.99
2024 284 10 57   -4.71    0.18   -3.15 99999.9 99999.9 99999.9 999.99 9999999.   207   -81   126    -8 999.99
2024 284 10 58   -4.52   -1.90   -1.73  -386.7    26.5     8.8   4.90   48900.   202   -83   119    -7   0.67
2024 284 10 59   -4.39    0.55   -3.55  -386.7    26.5     8.8   4.90   48900.   186   -80   106    -7   1.38
2024 284 11  0 9999.99 9999.99 9999.99  -398.4     2.5    18.0   4.25   80797.   184   -84   100    -8 999.99
2024 284 11  1   -4.37   -1.40   -2.90  -398.6     2.0    18.2   4.24   81398.   194   -67   127    -7   1.16
2024 284 11  2   -4.94   -0.28   -2.97  -398.6     2.0    18.2   4.24   81398.   209   -66   143    -7   1.19
2024 284 11  3   -5.12   -0.71   -2.66  -388.6     6.2   -13.5   4.16   63746.   217   -75   142    -7   1.03
2024 284 11  4   -4.87    0.52   -0.66  -388.6     6.2   -13.5   4.16   63746.   216   -80   136    -7   0.26
2024 284 11  5   -5.15    1.78    1.16  -388.6     6.2   -13.5   4.16   63746.   226   -82   144    -8  -0.45
2024 284 11  6   -5.13    0.66   -0.92 99999.9 99999.9 99999.9 999.99 9999999.   233   -84   149    -9 999.99
2024 284 11  7   -4.52    1.66   -0.48  -409.6    27.7    29.2   5.25   59803.   280  -103   177    -9   0.20
2024 284 11  8   -4.58    1.70   -0.26  -409.6    27.7    29.2   5.25   59803.   316  -107   209    -9   0.11
2024 284 11  9   -3.84    2.22   -1.68 99999.9 99999.9 99999.9 999.99 9999999.   341  -111   230    -9 999.99
2024 284 11 10   -4.39    1.79   -1.54 99999.9 99999.9 99999.9 999.99 9999999.   335  -106   229    -8 999.99
2024 284 11 11   -4.66    0.99   -1.54  -406.7    -7.5    11.2   4.54   97548.   314   -94   220    -8   0.63
2024 284 11 12   -4.66    1.98    0.15  -395.8     0.6     4.4   4.59   61467.   295   -85   210    -8  -0.06
2024 284 11 13   -4.68    2.98    0.41  -393.2    -6.8    -9.1   4.69   53039.   278   -84   194    -8  -0.16
2024 284 11 14   -4.49    0.67   -2.11  -391.9   -13.2    -6.9   4.91   50635.   267   -88   179    -8   0.83
2024 284 11 15   -5.10    2.67    1.04 99999.9 99999.9 99999.9 999.99 9999999.   269   -94   175    -8 999.99
2024 284 11 16   -5.26    0.58   -0.25  -385.9    30.2   -14.3   4.51   44826.   264   -88   176    -9   0.10
2024 284 11 17   -5.10    2.04    1.34  -385.9    30.2   -14.3   4.51   44826.   254   -72   182   -10  -0.52
2024 284 11 18   -5.59    0.56    0.76 99999.9 99999.9 99999.9 999.99 9999999.   238   -52   186   -10 999.99
2024 284 11 19   -5.19    0.74    0.02 99999.9 99999.9 99999.9 999.99 9999999.   213   -46   167   -10 999.99
2024 284 11 20   -5.04    2.60    1.93 99999.9 99999.9 99999.9 999.99 9999999.   177   -42   135   -10 999.99
2024 284 11 21   -5.31    1.41    0.85 99999.9 99999.9 99999.9 999.99 9999999.   158   -48   110   -10 999.99
2024 284 11 22   -5.11    0.62    0.18 99999.9 99999.9 99999.9 999.99 9999999.   157   -49   108   -10 999.99
2024 284 11 23   -5.09    2.62    0.07 99999.9 99999.9 99999.9 999.99 9999999.   189   -58   131   -10 999.99
2024 284 11 24   -4.94    2.35    0.31  -394.5    -5.9   -21.0   3.82   43194.   228   -69   159   -10  -0.12
2024 284 11 25   -4.96    2.92    0.46  -394.4    -4.1   -20.9   3.84   43583.   253   -80   173    -9  -0.18
2024 284 11 26   -4.62    0.76   -0.94  -397.0    31.9    -0.2   4.60   47996.   261   -89   172    -8   0.38
2024 284 11 27   -4.45   -0.26   -1.23  -398.1    17.7    -9.8   4.38   60775.   247   -97   150    -8   0.49
2024 284 11 28   -4.29    0.30   -1.51  -393.4     1.3    -4.7   4.21   59182.   212  -106   106    -8   0.60
2024 284 11 29   -3.84    1.08   -1.90  -398.2     2.7    -1.5   5.09   78390.   221  -131    90    -8   0.76
2024 284 11 30   -4.53    0.92   -0.06  -395.4    14.1    -7.9   4.16   74941.   232  -126   106    -8   0.02
2024 284 11 31   -4.76    0.39   -0.64  -393.3     9.3    10.6   3.97   62131.   307  -157   150    -8   0.25
2024 284 11 32   -4.81    1.63   -0.61  -390.3    -0.3     5.8   4.22   63156.   390  -194   196    -9   0.24
2024 284 11 33   -4.65   -0.40   -0.91  -386.4    11.9    -1.9   4.33   48728.   434  -212   222    -9   0.35
2024 284 11 34   -4.14    1.55   -0.67  -386.4    11.9    -1.9   4.33   48728.   441  -218   223   -10   0.26
2024 284 11 35   -4.48    2.32   -2.20  -386.4    11.9    -1.9   4.33   48728.   416  -213   203    -9   0.85
2024 284 11 36   -4.00    3.22   -1.46  -393.1    18.5    33.1   3.58   56909.   364  -189   175   -10   0.58
2024 284 11 37   -4.42    2.35   -1.18  -397.5    11.0    19.9   3.87   68055.   321  -173   148   -10   0.47
2024 284 11 38   -5.00    0.80   -3.10  -401.8    -4.1    -6.2   4.66   88407.   313  -184   129   -10   1.25
2024 284 11 39   -5.25    0.28   -2.56  -390.1     7.3    14.4   4.41   69199.   342  -207   135   -10   1.00
2024 284 11 40   -4.90    0.70   -3.32 99999.9 99999.9 99999.9 999.99 9999999.   330  -187   143   -10 999.99
2024 284 11 41   -4.90    0.70   -3.32 99999.9 99999.9 99999.9 999.99 9999999.   358  -196   162   -11 999.99
2024 284 11 42   -4.99    2.25   -2.55 99999.9 99999.9 99999.9 999.99 9999999.   393  -219   174   -11 999.99
2024 284 11 43   -4.99    2.25   -2.55 99999.9 99999.9 99999.9 999.99 9999999.   379  -201   178   -11 999.99
2024 284 11 44   -4.96    2.53   -2.15 99999.9 99999.9 99999.9 999.99 9999999.   353  -179   174   -11 999.99
2024 284 11 45 9999.99 9999.99 9999.99 99999.9 99999.9 99999.9 999.99 9999999.   347  -172   175   -12 999.99
2024 284 11 46   -5.07    2.46   -1.88 99999.9 99999.9 99999.9 999.99 9999999.   329  -165   164   -12 999.99
2024 284 11 47   -4.32    3.66   -1.84 99999.9 99999.9 99999.9 999.99 9999999.   320  -148   172   -12 999.99
2024 284 11 48   -1.02    0.30   -3.60  -402.6   -18.0    -1.8   5.04  101011.   295  -136   159   -12   1.45
2024 284 11 49   -2.36    2.21   -1.74  -412.5   -13.8     1.8   4.68   85102.   273  -127   146   -12   0.72
2024 284 11 50   -2.90    2.81   -2.29  -420.3   -10.4     4.7   4.38   72386.   252  -124   128   -12   0.96
2024 284 11 51   -3.49    2.01   -2.61  -404.9   -21.4   -23.8   4.38   96349.   237  -115   122   -12   1.06
2024 284 11 52   -2.88    0.84   -2.94  -401.1   -17.4    -8.4   4.61   86662.   228  -107   121   -11   1.18
2024 284 11 53   -3.70    1.69   -2.38  -400.4    -5.2     6.6   4.22   76349.   234  -111   123   -11   0.95
2024 284 11 54   -5.08    1.53   -1.71  -399.2    -7.2     5.0   4.21   70917.   235  -109   126   -12   0.68
2024 284 11 55   -3.95    1.02   -2.52  -403.5    -2.9    24.8   3.87   69752.   245  -111   134   -11   1.02
2024 284 11 56   -4.27    1.43   -2.61  -406.9     5.7    33.9   3.58   66541.   241  -112   129   -11   1.07
2024 284 11 57   -2.99   -0.30   -4.00  -414.7   -12.5    30.1   3.31   50453.   241  -117   124   -11   1.66
2024 284 11 58   -3.81   -0.87   -3.35  -399.8    -6.8    24.6   4.25   49029.   252  -119   133   -11   1.35
2024 284 11 59   -3.54   -0.08   -3.82  -407.2    23.8    43.2   3.98   51714.   262  -114   148   -10   1.57
2024 284 12  0   -3.40   -0.11   -4.00  -408.0   -21.8    23.7   4.06   62670.   275  -108   167   -10   1.64
2024 284 12  1   -3.69   -0.89   -3.88  -408.6     0.5    31.1   4.03   59592.   285  -104   181   -10   1.59
2024 284 12  2   -4.26   -0.58   -3.18  -395.5    12.8    32.9   4.01   51818.   289  -106   183   -10   1.26
2024 284 12  3   -3.61    1.10   -2.70  -397.6    -5.3    32.1   3.59   55362.   294  -110   184   -10   1.08
2024 284 12  4   -3.40    0.20   -3.89  -408.4     4.6    48.4   3.56   31636.   298  -113   185   -10   1.60
2024 284 12  5   -1.75    0.39   -5.17  -408.5     4.7    48.5   3.56   31423.   298  -114   184   -10   2.13
2024 284 12  6   -3.28   -0.09   -4.87  -403.3     3.4    44.1   3.88   46220.   302  -111   191   -10   1.98
2024 284 12  7   -2.49   -0.52   -5.21  -403.3     3.4    44.1   3.88   46218.   319  -121   198   -10   2.11
2024 284 12  8   -2.22   -0.79   -5.61  -416.1   -12.0    47.4   3.90   44910.   350  -150   200   -10   2.35
2024 284 12  9   -2.26   -0.75   -5.74  -409.8     4.4    41.1   3.71   35387.   355  -164   191   -10   2.36
2024 284 12 10   -1.38   -0.27   -6.24  -421.2     0.2    40.5   3.51   29542.   385  -196   189   -10   2.64
2024 284 12 11   -1.96   -0.39   -5.91  -428.6    -3.6    39.5   3.25   26736.   424  -242   182   -10   2.54
2024 284 12 12   -1.79   -0.36   -5.95  -408.5     3.8    45.3   3.99   44883.   458  -269   189   -10   2.45
2024 284 12 13   -2.13   -0.20   -5.59  -413.1     0.7    46.1   3.71   39818.   508  -312   196   -10   2.32
2024 284 12 14   -1.64    0.21   -5.56  -390.3    24.0    39.8   4.35   26844.   547  -349   198   -10   2.19
2024 284 12 15   -1.74   -0.01   -5.85  -417.8    -8.2    40.3   3.53   38601.   554  -356   198   -10   2.46
2024 284 12 16   -2.40   -0.12   -5.65  -421.4    -4.7    39.3   3.50   39922.   556  -356   200   -10   2.39
2024 284 12 17   -2.60    0.53   -5.53  -408.2    -7.4    40.6   3.73   40672.   617  -418   199   -11   2.27
2024 284 12 18   -3.76   -0.65   -5.14  -407.2    -7.4    39.5   3.73   42708.   679  -475   204   -11   2.10
2024 284 12 19   -4.23   -1.27   -5.06  -403.0    -6.4    41.4   3.93   46187.   724  -513   211   -11   2.05
2024 284 12 20   -4.53   -1.40   -4.86 99999.9 99999.9 99999.9 999.99 9999999.   726  -521   205   -12 999.99
2024 284 12 21   -4.53   -1.40   -4.86 99999.9 99999.9 99999.9 999.99 9999999.   735  -536   199   -12 999.99
2024 284 12 22   -4.31   -1.00   -5.04  -393.0    12.6    41.8   3.98   32704.   715  -545   170   -12   1.99
2024 284 12 23   -3.86   -0.95   -5.41  -393.0    12.6    41.8   3.98   32704.   734  -538   196   -12   2.14
2024 284 12 24   -2.88   -1.47   -6.29 99999.9 99999.9 99999.9 999.99 9999999.   736  -534   202   -12 999.99
2024 284 12 25   -3.57   -0.97   -5.94 99999.9 99999.9 99999.9 999.99 9999999.   709  -526   183   -12 999.99
2024 284 12 26   -3.57   -0.97   -5.94 99999.9 99999.9 99999.9 999.99 9999999.   669  -479   190   -12 999.99
2024 284 12 27   -3.74   -0.03   -5.80 99999.9 99999.9 99999.9 999.99 9999999.   669  -479   190   -11 999.99
2024 284 12 28   -3.69   -0.28   -5.67 99999.9 99999.9 99999.9 999.99 9999999.   662  -474   188   -11 999.99
2024 284 12 29   -4.18   -0.61   -5.27 99999.9 99999.9 99999.9 999.99 9999999.   665  -472   193   -11 999.99
2024 284 12 30   -4.85   -0.41   -4.65  -400.7    -1.2    35.8   4.06   33468.   717  -510   207   -11   1.87
2024 284 12 31   -5.01   -0.17   -4.48  -400.7    -1.2    35.8   4.06   33468.   714  -508   206   -11   1.80
2024 284 12 32   -4.81   -1.38   -4.63 99999.9 99999.9 99999.9 999.99 9999999.   682  -479   203   -11 999.99
2024 284 12 33   -4.55   -2.58   -4.45 99999.9 99999.9 99999.9 999.99 9999999.   678  -471   207   -11 999.99
2024 284 12 34   -4.82   -1.94   -4.57 99999.9 99999.9 99999.9 999.99 9999999.   702  -479   223   -12 999.99
2024 284 12 35   -4.96   -1.39   -4.81 99999.9 99999.9 99999.9 999.99 9999999.   703  -478   225   -12 999.99
2024 284 12 36   -5.00   -1.08   -4.84  -393.0    10.5    45.9   4.02   39835.   677  -452   225   -11   1.92
2024 284 12 37   -5.06   -1.55   -4.83  -393.0    10.5    45.9   4.02   39835.   668  -439   229   -10   1.91
2024 284 12 38   -5.06   -1.55   -4.83 99999.9 99999.9 99999.9 999.99 9999999.   673  -447   226   -10 999.99
2024 284 12 39   -5.41   -0.94   -4.64 99999.9 99999.9 99999.9 999.99 9999999.   690  -464   226   -10 999.99
2024 284 12 40   -5.28   -1.42   -4.83 99999.9 99999.9 99999.9 999.99 9999999.   707  -488   219   -10 999.99
2024 284 12 41   -5.39   -1.53   -4.87 99999.9 99999.9 99999.9 999.99 9999999.   741  -525   216    -9 999.99
2024 284 12 42   -5.39   -1.53   -4.88 99999.9 99999.9 99999.9 999.99 9999999.   755  -544   211    -9 999.99
2024 284 12 43   -6.15   -1.24   -4.20 99999.9 99999.9 99999.9 999.99 9999999.   755  -539   216   -10 999.99
2024 284 12 44   -6.79   -0.17   -2.89  -385.9    18.2    30.0   4.12   31616.   740  -521   219   -10   1.12
2024 284 12 45   -6.21    0.87   -2.29  -385.9    18.2    30.0   4.12   31616.   714  -503   211   -10   0.89
2024 284 12 46   -3.22   -1.30   -6.22  -415.3     8.0    54.9   3.24   29362.   721  -506   215   -10   2.61
2024 284 12 47   -3.78   -1.21   -6.02  -415.3     8.0    54.9   3.24   29362.   755  -523   232   -10   2.52
2024 284 12 48 9999.99 9999.99 9999.99  -415.3     8.0    54.9   3.24   29362.   842  -580   262    -9 999.99
2024 284 12 49   -3.53   -1.19   -6.09 99999.9 99999.9 99999.9 999.99 9999999.   852  -569   283    -9 999.99
2024 284 12 50 9999.99 9999.99 9999.99 99999.9 99999.9 99999.9 999.99 9999999.   870  -584   286    -9 999.99
2024 284 12 51   -4.50   -1.19   -5.35 99999.9 99999.9 99999.9 999.99 9999999.   874  -601   273    -8 999.99
2024 284 12 52   -4.50   -1.19   -5.35 99999.9 99999.9 99999.9 999.99 9999999.   869  -601   268    -9 999.99
2024 284 12 53 9999.99 9999.99 9999.99 99999.9 99999.9 99999.9 999.99 9999999.   938  -632   306    -9 999.99
2024 284 12 54   -5.19   -2.23   -4.39 99999.9 99999.9 99999.9 999.99 9999999.  1034  -691   343    -9 999.99
2024 284 12 55 9999.99 9999.99 9999.99 99999.9 99999.9 99999.9 999.99 9999999.  1017  -672   345    -9 999.99
2024 284 12 56 9999.99 9999.99 9999.99 99999.9 99999.9 99999.9 999.99 9999999.  1029  -690   339   -10 999.99
2024 284 12 57   -5.29   -2.56   -4.19 99999.9 99999.9 99999.9 999.99 9999999.   980  -654   326   -10 999.99
2024 284 12 58   -5.29   -2.56   -4.19 99999.9 99999.9 99999.9 999.99 9999999.   967  -647   320   -11 999.99
2024 284 12 59 9999.99 9999.99 9999.99 99999.9 99999.9 99999.9 999.99 9999999.   995  -667   328   -11 999.99
2024 284 13  0 9999.99 9999.99 9999.99 99999.9 99999.9 99999.9 999.99 9999999.   978  -660   318   -11 999.99
2024 284 13  1   -6.76   -1.26   -1.76 99999.9 99999.9 99999.9 999.99 9999999.   952  -641   311   -12 999.99
2024 284 13  2 9999.99 9999.99 9999.99 99999.9 99999.9 99999.9 999.99 9999999.   939  -628   311   -12 999.99
2024 284 13  3   -6.95    0.52   -0.98  -376.1    25.0     8.1   4.33   31644.   925  -612   313   -12   0.37
2024 284 13  4   -6.82   -0.11   -2.20  -376.1    25.0     8.1   4.33   31644.   900  -588   312   -12   0.83
2024 284 13  5   -6.49   -1.18   -2.44 99999.9 99999.9 99999.9 999.99 9999999.   969  -651   318   -12 999.99
2024 284 13  6   -6.46   -0.93   -2.76 99999.9 99999.9 99999.9 999.99 9999999.  1056  -735   321   -13 999.99
2024 284 13  7   -6.40   -0.93   -3.40 99999.9 99999.9 99999.9 999.99 9999999.  1005  -685   320   -13 999.99
2024 284 13  8   -7.07   -0.89   -2.92  -382.3    18.1    21.4   4.42   33071.   903  -589   314   -13   1.12
2024 284 13  9   -7.57   -0.18   -2.52  -382.3    18.1    21.4   4.42   33071.   926  -614   312   -13   0.97
2024 284 13 10   -7.20    0.25   -3.44  -382.3    18.1    21.4   4.42   33071.   896  -595   301   -13   1.32
2024 284 13 11   -6.99    1.21   -3.85 99999.9 99999.9 99999.9 999.99 9999999.   892  -594   298   -14 999.99
2024 284 13 12   -6.88    1.00   -3.81 99999.9 99999.9 99999.9 999.99 9999999.   888  -593   295   -15 999.99
2024 284 13 13   -6.51    0.50   -4.33  -383.4    -2.6    18.8   4.45   37964.   892  -610   282   -15   1.66
2024 284 13 14   -6.70   -0.06   -3.96  -383.4    -2.6    18.8   4.45   37964.   919  -629   290   -15   1.52
2024 284 13 15   -6.90    0.03   -3.67 99999.9 99999.9 99999.9 999.99 9999999.   923  -632   291   -16 999.99
2024 284 13 16   -5.64    4.19   -2.24 99999.9 99999.9 99999.9 999.99 9999999.   914  -625   289   -16 999.99
2024 284 13 17   -5.14    4.21   -2.56 99999.9 99999.9 99999.9 999.99 9999999.   927  -639   288   -16 999.99
2024 284 13 18   -5.47    4.44   -2.01  -399.9   -12.7    -2.0   4.92   51674.   971  -680   291   -17   0.81
2024 284 13 19   -6.14    3.42   -1.03  -397.6   -11.1     2.6   4.70   45916.   935  -638   297   -17   0.41
2024 284 13 20   -6.31    3.07   -1.15  -388.6   -17.8   -22.7   5.15   37450.   929  -624   305   -18   0.45
2024 284 13 21   -6.71    0.60   -2.53  -388.6   -17.8   -22.7   5.15   37450.   948  -639   309   -18   0.99
2024 284 13 22   -6.11    2.48   -1.51 99999.9 99999.9 99999.9 999.99 9999999.   939  -647   292   -19 999.99
2024 284 13 23   -6.67    0.16   -2.67 99999.9 99999.9 99999.9 999.99 9999999.   953  -669   284   -19 999.99
2024 284 13 24   -6.13    1.53   -2.37  -396.1     9.6    37.1   4.56   29891.   962  -688   274   -20   0.94
2024 284 13 25   -6.68    0.70   -2.07  -384.5    17.6     5.0   4.35   27834.   921  -656   265   -21   0.80
2024 284 13 26   -6.40    0.75   -3.17  -377.0    22.8   -15.8   4.20   26503.   925  -659   266   -21   1.20
2024 284 13 27   -6.43    2.90   -1.39  -386.1     0.9     8.5   4.97   38048.   932  -673   259   -21   0.54
2024 284 13 28   -7.74    2.93   -1.38  -385.7     1.2     6.8   4.95   37634.   920  -666   254   -21   0.53
2024 284 13 29   -7.15    3.62    0.47 99999.9 99999.9 99999.9 999.99 9999999.   901  -650   251   -21 999.99
2024 284 13 30   -7.28    1.54   -2.09  -381.1    -9.3   -16.7   4.38   27732.   895  -654   241   -21   0.80
2024 284 13 31   -7.07    3.75    0.01  -381.1    -9.3   -16.7   4.38   27732.   892  -654   238   -21  -0.00
2024 284 13 32   -6.91    1.35   -2.12  -381.1    -9.3   -16.7   4.38   27732.   906  -666   240   -21   0.81
2024 284 13 33   -6.67    1.11   -2.74  -391.1    -9.8    19.6   5.39   62820.   918  -675   243   -21   1.08
2024 284 13 34   -6.87    3.47    1.02  -388.6    -7.4     8.7   4.97   49562.   854  -615   239   -22  -0.40
2024 284 13 35   -6.71    1.15    0.10  -383.6    -6.7   -14.2   4.40   33266.   847  -610   237   -22  -0.04
2024 284 13 36   -6.86    2.24   -0.63  -379.7     3.3    38.0   4.10   29871.   854  -611   243   -22   0.24
2024 284 13 37   -7.18    2.44   -0.11  -380.9     1.7    33.3   4.21   32566.   854  -611   243   -22   0.04
2024 284 13 38   -6.61    1.29   -1.99  -385.9    -5.0   -16.1   4.89   44716.   838  -598   240   -22   0.77
2024 284 13 39   -6.83    2.07   -1.52  -383.5    -5.0     6.3   4.68   36834.   812  -577   235   -22   0.58
2024 284 13 40   -6.77    2.65   -0.67  -393.1   -29.7    18.5   5.17   46762.   789  -562   227   -22   0.26
2024 284 13 41   -7.43    3.17    1.70  -381.2    26.3   -30.6   3.80   25675.   792  -567   225   -22  -0.65
2024 284 13 42   -6.88    2.86    1.14  -380.4    13.9   -21.8   4.62   33434.   792  -571   221   -22  -0.44
2024 284 13 43   -6.67    3.36    0.87  -378.3    15.9   -18.6   5.08   37811.   807  -586   221   -22  -0.33
2024 284 13 44   -6.29    3.15    2.48  -402.4    -8.0   -34.7   5.53   53456.   774  -548   226   -23  -1.00
2024 284 13 45   -6.26    4.03    1.45  -402.1    -3.0   -41.1   5.45   50714.   759  -522   237   -22  -0.59
2024 284 13 46   -6.60    2.57    0.98 99999.9 99999.9 99999.9 999.99 9999999.   758  -505   253   -22 999.99
2024 284 13 47   -6.56    3.70    1.63  -383.0    -4.1    18.4   4.11   49729.   748  -496   252   -22  -0.63
2024 284 13 48   -6.23    3.32    0.53  -381.9    -0.3     7.1   4.39   47254.   743  -494   249   -22  -0.20
2024 284 13 49   -5.96    3.19    0.00  -378.9     9.8   -22.8   5.11   40727.   720  -486   234   -23  -0.00
2024 284 13 50   -5.97    2.88    0.29  -383.0    54.2   -43.1   3.84   36553.   717  -483   234   -22  -0.11
2024 284 13 51   -6.01    2.05    0.36  -384.5     7.2    -9.9   3.99   30230.   739  -494   245   -23  -0.14
2024 284 13 52   -6.20    3.16    1.63  -399.5     9.4   -12.9   4.82   40498.   741  -496   245   -23  -0.66
2024 284 13 53   -4.54    5.60    2.47  -391.1    33.0   -41.4   5.49   44862.   721  -480   241   -23  -0.98
2024 284 13 54   -5.00    5.26    0.89  -408.9     7.7   -25.3   4.48   56872.   692  -470   222   -23  -0.36
2024 284 13 55   -5.64    4.28    1.28  -400.5     1.7   -16.1   4.54   49866.   684  -460   224   -22  -0.51
2024 284 13 56   -6.58    3.91    0.74  -383.4     7.1   -13.5   4.81   40489.   657  -434   223   -22  -0.28
2024 284 13 57   -5.23    4.50    1.03  -407.9    19.8   -47.6   4.77   38154.   632  -414   218   -22  -0.42
2024 284 13 58   -5.84    3.71    1.53  -407.4   -15.1   -51.9   4.50   41571.   634  -416   218   -22  -0.63
2024 284 13 59   -6.42    2.56    1.80  -385.7    -8.4   -22.1   4.15   31539.   635  -409   226   -22  -0.70
2024 284 14  0   -6.01    3.80    1.29  -383.6    -1.1   -39.5   4.84   41957.   637  -409   228   -22  -0.50
2024 284 14  1   -7.42    3.03    1.14  -385.0    -0.7   -46.6   5.03   45620.   626  -398   228   -22  -0.44
2024 284 14  2   -6.48    3.78    2.84  -394.6    14.1   -46.9   4.51   42261.   607  -382   225   -23  -1.13
2024 284 14  3   -6.48    3.58    1.93  -391.9     5.5   -40.6   4.44   36872.   580  -358   222   -23  -0.76
2024 284 14  4   -5.39    4.46    1.15  -387.2     2.7   -27.4   4.22   29454.   560  -340   220   -23  -0.45
2024 284 14  5   -5.87    3.81    1.99  -410.5   -44.8   -22.8   5.19   58734.   538  -327   211   -23  -0.82
2024 284 14  6   -6.03    3.74    2.28  -390.0    -9.5   -35.7   4.48   52155.   515  -314   201   -23  -0.89
2024 284 14  7   -5.47    3.96    2.30  -393.1   -12.7   -35.0   4.83   61785.   485  -293   192   -22  -0.91
2024 284 14  8   -6.35    3.08    1.50  -376.1     7.2    -1.4   4.45   35647.   449  -277   172   -22  -0.56
2024 284 14  9   -2.26    7.00    4.46  -383.2   -13.9   -19.8   5.30   59286.   402  -252   150   -21  -1.71
2024 284 14 10   -2.48    6.41    4.99  -385.3   -20.1   -25.2   5.54   66204.   377  -246   131   -21  -1.93
2024 284 14 11   -1.54    6.01    5.53 99999.9 99999.9 99999.9 999.99 9999999.   405  -273   132   -21 999.99
2024 284 14 12   -0.34    5.50    6.20 99999.9 99999.9 99999.9 999.99 9999999.   431  -292   139   -21 999.99
2024 284 14 13   -0.34    6.92    4.41  -450.6    -9.7   -56.0   4.45   34155.   443  -298   145   -21  -2.00
2024 284 14 14   -1.82    6.42    4.85  -450.6    -9.7   -56.0   4.45   34155.   451  -295   156   -21  -2.20
2024 284 14 15   -3.46    5.58    4.96  -450.6    -9.7   -56.0   4.45   34155.   461  -278   183   -21  -2.25
2024 284 14 16   -2.67    6.34    4.56 99999.9 99999.9 99999.9 999.99 9999999.   501  -304   197   -21 999.99
2024 284 14 17   -3.02    6.03    4.93 99999.9 99999.9 99999.9 999.99 9999999.   528  -329   199   -21 999.99
2024 284 14 18   -3.62    5.71    5.00 99999.9 99999.9 99999.9 999.99 9999999.   548  -341   207   -21 999.99
2024 284 14 19   -3.88    5.43    5.22 99999.9 99999.9 99999.9 999.99 9999999.   552  -334   218   -21 999.99
2024 284 14 20   -4.24    4.77    5.58  -420.5    22.9   -46.4   4.85   45421.   511  -291   220   -21  -2.36
2024 284 14 21   -5.75    3.99    4.98  -420.5    22.9   -46.4   4.85   45421.   476  -264   212   -21  -2.11
2024 284 14 22   -5.30    5.31    4.29 99999.9 99999.9 99999.9 999.99 9999999.   458  -264   194   -21 999.99
2024 284 14 23   -6.73    2.90    4.81 99999.9 99999.9 99999.9 999.99 9999999.   482  -282   200   -20 999.99
2024 284 14 24   -7.25    2.43    4.36 99999.9 99999.9 99999.9 999.99 9999999.   497  -295   202   -19 999.99
2024 284 14 25   -6.88    2.34    4.92 99999.9 99999.9 99999.9 999.99 9999999.   461  -284   177   -19 999.99
2024 284 14 26   -6.52    3.22    4.69 99999.9 99999.9 99999.9 999.99 9999999.   477  -280   197   -19 999.99
2024 284 14 27   -6.03    3.23    5.41  -394.7    29.4   -62.9   5.95   61875.   497  -280   217   -19  -2.17
2024 284 14 28   -5.92    3.64    5.28  -394.7    29.4   -62.9   5.95   61875.   469  -249   220   -19  -2.12
2024 284 14 29   -5.67    4.52    4.98  -394.7    29.4   -62.9   5.95   61875.   431  -229   202   -19  -2.00
2024 284 14 30   -5.22    5.03    4.66 99999.9 99999.9 99999.9 999.99 9999999.   387  -195   192   -19 999.99
2024 284 14 31   -4.55    5.85    3.67 99999.9 99999.9 99999.9 999.99 9999999.   351  -165   186   -18 999.99
2024 284 14 32   -4.48    6.78    2.56 99999.9 99999.9 99999.9 999.99 9999999.   310  -129   181   -19 999.99
2024 284 14 33   -4.36    7.20    3.10 99999.9 99999.9 99999.9 999.99 9999999.   267   -99   168   -19 999.99
2024 284 14 34   -4.25    7.61    3.19  -423.9    -9.1   -53.8   5.42   56909.   262   -99   163   -19  -1.36
2024 284 14 35   -4.34    7.86    3.29  -423.9    -9.1   -53.8   5.42   56909.   286  -102   184   -18  -1.41
2024 284 14 36   -4.38    7.98    4.10  -423.9    -9.1   -53.8   5.42   56909.   321  -117   204   -18  -1.75
2024 284 14 37   -5.29    7.54    4.01 99999.9 99999.9 99999.9 999.99 9999999.   322  -131   191   -17 999.99
2024 284 14 38   -4.79    7.78    3.53 99999.9 99999.9 99999.9 999.99 9999999.   295  -136   159   -17 999.99
2024 284 14 39   -4.42    7.53    4.31  -430.2     0.5   -44.3   7.42   66645.   303  -150   153   -17  -1.86
2024 284 14 40   -4.10    7.73    4.99  -430.2     0.5   -44.3   7.42   66645.   325  -150   175   -17  -2.16
2024 284 14 41   -5.11    6.15    6.05  -430.2     0.5   -44.3   7.42   66645.   301  -114   187   -17  -2.62
2024 284 14 42   -5.21    6.65    5.63 99999.9 99999.9 99999.9 999.99 9999999.   285  -121   164   -17 999.99
2024 284 14 43   -3.15    6.41    6.04 99999.9 99999.9 99999.9 999.99 9999999.   262  -112   150   -17 999.99
2024 284 14 44   -5.03    7.32    3.34 99999.9 99999.9 99999.9 999.99 9999999.   232   -78   154   -16 999.99
2024 284 14 45   -4.44    7.77    3.53 99999.9 99999.9 99999.9 999.99 9999999.   213   -54   159   -16 999.99
2024 284 14 46   -4.21    6.75    5.06 99999.9 99999.9 99999.9 999.99 9999999.   248   -89   159   -15 999.99
2024 284 14 47   -3.13    6.75    5.90 99999.9 99999.9 99999.9 999.99 9999999.   247   -85   162   -15 999.99
2024 284 14 48   -2.95    7.10    5.42 99999.9 99999.9 99999.9 999.99 9999999.   271   -85   186   -15 999.99
2024 284 14 49   -3.69    6.98    5.28 99999.9 99999.9 99999.9 999.99 9999999.   295  -109   186   -14 999.99
2024 284 14 50   -3.93    6.97    5.10 99999.9 99999.9 99999.9 999.99 9999999.   287  -126   161   -14 999.99
2024 284 14 51   -4.36    6.94    4.88  -423.8     1.7   -59.1   5.47   61797.   281  -126   155   -13  -2.09
2024 284 14 52   -4.40    7.21    4.40  -423.8     1.7   -59.1   5.47   61797.   312  -157   155   -13  -1.88
2024 284 14 53   -4.40    7.20    4.40 99999.9 99999.9 99999.9 999.99 9999999.   335  -172   163   -13 999.99
2024 284 14 54   -3.77    7.87    4.14 99999.9 99999.9 99999.9 999.99 9999999.   376  -178   198   -11 999.99
2024 284 14 55   -4.55    7.44    4.35 99999.9 99999.9 99999.9 999.99 9999999.   370  -166   204   -11 999.99
2024 284 14 56   -3.97    7.38    6.60  -426.0   -10.2   -47.7   7.12   76761.   335  -161   174   -11  -2.83
2024 284 14 57   -4.28    7.92    5.39  -426.0   -10.2   -47.7   7.12   76761.   380  -206   174   -10  -2.31
2024 284 14 58   -5.19    7.32    5.62  -443.8   -14.3   -59.1   6.77   64065.   409  -213   196    -9  -2.52
2024 284 14 59   -5.83    7.13    5.80  -421.4     0.2   -46.0   6.35   59719.   384  -196   188    -9  -2.46
2024 284 15  0   -6.55    7.60    6.12  -403.0    11.9   -35.1   6.04   56761.   375  -195   180    -8  -2.48
2024 284 15  1   -5.39    8.18    6.96  -448.2    -4.4   -56.2   7.74   69118.   382  -199   183    -8  -3.14
2024 284 15  2   -4.34    8.45    6.23  -449.8    -0.1   -59.7   7.06   84147.   378  -193   185    -7  -2.83
2024 284 15  3   -5.23    7.92    6.78  -458.0     0.8   -58.0   6.24  102504.   295  -111   184    -7  -3.13
2024 284 15  4   -3.26    3.57    6.26  -453.0    19.6   -61.2   7.51  117273.   259   -87   172    -7  -2.86
2024 284 15  5   -3.74    3.60    5.43  -470.0    19.8   -71.3   6.50  109510.   241   -72   169    -7  -2.58
2024 284 15  6   -1.71    6.11    6.30  -444.7    13.2   -65.4   7.91   78500.   308  -122   186    -8  -2.83
2024 284 15  7   -3.13    4.82    6.89  -441.4     7.2   -62.0   6.20   78337.   359  -129   230    -9  -3.07
2024 284 15  8   -4.77    4.07    6.26  -451.4    21.9   -66.7   4.38  108463.   374  -129   245    -9  -2.86
2024 284 15  9   -5.36    4.09    5.12  -448.8    42.6   -50.8   4.69  112490.   361  -133   228    -8  -2.32
2024 284 15 10   -3.75    5.81    3.23  -464.1    25.1   -52.2   6.16  119851.   300  -127   173    -8  -1.51
2024 284 15 11   -3.24    5.31    3.44  -480.9    11.3   -59.7   6.96  113961.   257  -115   142    -8  -1.67
2024 284 15 12   -3.51    6.48    6.06  -467.0    18.0   -67.7   6.71   98652.   280  -129   151    -8  -2.86
2024 284 15 13   -3.55    6.66    6.16  -462.4    24.7   -73.5   7.41  114345.   308  -137   171    -8  -2.89
2024 284 15 14   -1.02    9.19    2.88  -479.6    23.8   -66.7   7.31  109293.   297  -140   157    -6  -1.40
2024 284 15 15   -4.02    7.86    4.13  -520.0   -16.2   -30.6   5.38   67307.   378  -181   197    11  -2.15
2024 284 15 16   -3.94    8.07    4.65  -564.9   -33.0   -50.4   6.64  205838.   832   -77   755    44  -2.64
2024 284 15 17   -2.27    9.43    8.70  -496.7    45.1   -70.9   3.45   92426.  1392  -616   776    53  -4.38
2024 284 15 18   -5.90   12.97    3.77  -495.3    46.7   -71.3   3.38   90049.  1399  -523   876    54  -1.89
2024 284 15 19   -1.75    7.96    5.87  -504.5   -21.7   -43.5   6.92  156006.  1263  -656   607    54  -2.98
2024 284 15 20   -2.81    6.87    9.90  -476.4   -10.4   -43.3   7.58  132156.  1116  -379   737    57  -4.74
2024 284 15 21   -6.33    7.72    8.86  -442.7    25.8   -65.4   9.45  121058.  1167  -314   853    59  -3.98
2024 284 15 22   -5.96   19.77    9.71  -728.6    31.1   -51.1  15.74 1418537.  1281  -317   964    65  -7.11
2024 284 15 23  -13.56   21.94    5.92  -841.6    25.8   -38.1  17.89 1925507.  1127  -374   753    72  -4.99
2024 284 15 24  -20.94   19.44   13.91 99999.9 99999.9 99999.9 999.99 9999999.   764  -427   337    75 999.99
2024 284 15 25  -16.33   21.06   12.90 99999.9 99999.9 99999.9 999.99 9999999.   751  -427   324    76 999.99
2024 284 15 26  -25.75   15.06    9.97 99999.9 99999.9 99999.9 999.99 9999999.   579  -493    86    78 999.99
2024 284 15 27  -23.77   19.63   15.33  -748.7   -21.4   -50.4  20.32 1254528.   735  -506   229    77 -11.51
2024 284 15 28  -25.18   19.00   15.64  -748.7   -21.4   -50.4  20.32 1254528.   855  -687   168    71 -11.74
2024 284 15 29  -21.14   19.84   11.11  -748.7   -21.4   -50.4  20.32 1254528.   990  -747   243    65  -8.34
2024 284 15 30  -18.68   21.97    7.67  -729.9   -37.2   -53.7  23.84  524278.  1034  -672   362    63  -5.62
2024 284 15 31  -15.20   23.90    7.82  -729.9   -37.2   -53.7  23.84  524278.  1169  -700   469    62  -5.73
2024 284 15 32  -19.00   11.48    7.41  -734.7   -25.4   -25.8  25.63  901959.  1105  -702   403    64  -5.45
2024 284 15 33  -17.95   10.47    0.00  -734.7   -25.4   -25.8  25.63  901959.   981  -582   399    60  -0.00
2024 284 15 34  -12.91   11.78   -8.59 99999.9 99999.9 99999.9 999.99 9999999.  1205  -850   355    54 999.99
2024 284 15 35  -10.34   12.54   -2.86 99999.9 99999.9 99999.9 999.99 9999999.  1495 -1139   356    51 999.99
2024 284 15 36   -8.58   -6.14  -13.59 99999.9 99999.9 99999.9 999.99 9999999.  1640 -1266   374    44 999.99
2024 284 15 37   -8.84   -0.69  -15.55  -768.3    46.3    75.3  30.83 1802341.  1764 -1387   377    40  12.03
2024 284 15 38   -8.16    6.54  -17.06  -772.0    52.6    65.5  30.29 1867206.  1849 -1481   368    37  13.26
2024 284 15 39   -3.86    6.65   -8.83  -804.7    91.6    -2.7  27.51 1922765.  1887 -1572   315    33   7.18
2024 284 15 40   -1.05    5.38   -5.58  -826.6    65.9   -43.5  27.25 1431809.  1971 -1617   354    34   4.68
2024 284 15 41   -1.97   15.21   -1.35  -791.2   -73.0    18.8  28.85 1736130.  2213 -1819   394    31   1.07
2024 284 15 42   -5.33   15.48   -1.58  -791.2   -73.0    18.8  28.85 1736130.  2293 -1836   457    27   1.26
2024 284 15 43  -13.94    9.23  -17.42 99999.9 99999.9 99999.9 999.99 9999999.  2430 -1908   522    19 999.99
2024 284 15 44  -12.02   21.57  -14.28 99999.9 99999.9 99999.9 999.99 9999999.  2448 -1911   537    13 999.99
2024 284 15 45    6.08   34.26    3.19  -743.7   -70.8    -1.4  36.47  502433.  2612 -2053   559     7  -2.38
2024 284 15 46    2.66   35.73   -5.01  -763.9   -51.8    27.9  32.86  522684.  2981 -2294   687     5   3.84
2024 284 15 47    5.28   36.03   -3.49  -783.7   -34.3    40.7  29.99  541619.  2910 -2230   680     4   2.74
2024 284 15 48    6.58   34.97   -8.38  -787.2   -36.3   -24.6  32.25  540966.  3270 -2576   694     1   6.61
2024 284 15 49    0.82   36.08   -4.86  -767.4   -16.9     6.2  34.80  871463.  3369 -2571   798    -1   3.73
2024 284 15 50    3.86   30.92    2.82  -767.2   -16.7     6.4  34.82  874106.  3666 -2891   775     1  -2.16
2024 284 15 51    1.69   36.53   -0.72 99999.9 99999.9 99999.9 999.99 9999999.  3886 -3147   739     4 999.99
2024 284 15 52    1.22   34.74    0.40  -788.7   -48.9   -53.2  35.53  969667.  4096 -3328   768     5  -0.32
2024 284 15 53    0.35   31.66    0.84  -788.7   -48.9   -53.2  35.53  969667.  4274 -3479   795     5  -0.67
2024 284 15 54    9.21    9.42   18.23  -805.1    24.2   -36.5  34.72  991112.  4064 -3286   778     1 -14.70
2024 284 15 55   11.69   12.62   13.07  -805.2    24.6   -36.4  34.72  991232.  3711 -2883   828    -1 -10.54
2024 284 15 56   12.02   25.87    9.96  -799.6   -50.9   -66.0  30.44  714849.  3550 -2688   862    -3  -8.01
2024 284 15 57    9.96   26.77    7.87  -799.6   -50.9   -66.0  30.44  714849.  3537 -2658   879    -5  -6.33
2024 284 15 58    7.51   25.69   12.20  -799.6   -50.9   -66.0  30.44  714849.  3627 -2757   870    -3  -9.81
2024 284 15 59    6.60   29.62   13.19 99999.9 99999.9 99999.9 999.99 9999999.  3629 -2790   839    -1 999.99
2024 284 16  0    1.11   34.01    9.94  -786.2    11.1   -65.0  29.92  809883.  3354 -2510   844     0  -7.84
2024 284 16  1    2.30   32.46   15.92  -786.2    11.1   -65.0  29.92  809883.  3102 -2211   891     0 -12.56
2024 284 16  2   -9.57   19.40   -1.84  -735.9     9.4    -1.5  31.19  623187.  2666 -1807   859     2   1.36
2024 284 16  3  -13.67   21.59   -6.85  -719.8     2.1    31.3  30.95  773044.  2666 -1819   847     2   4.94
2024 284 16  4   -7.46   25.10   -3.29  -719.3    -9.7    34.4  31.30  858181.  2719 -1916   803     9   2.37
2024 284 16  5  -11.25   10.89  -11.59  -739.1     0.1    18.6  33.28  858181.  2679 -1900   779     9   8.57
2024 284 16  6  -17.73    9.69   -8.78  -739.1     0.1    18.6  33.28  858181.  2537 -1773   764     5   6.49
2024 284 16  7  -11.36    7.57  -14.34  -745.2    29.1    43.5  38.68 1193716.  2176 -1458   718     4  10.71
2024 284 16  8   -0.01   23.44  -13.90  -743.6    27.0    32.5  34.94  977287.  2221 -1526   695     0  10.37
2024 284 16  9   -2.55   19.66  -20.01  -762.8   -32.4    34.6  32.59  827088.  2823 -2118   705     1  15.32
2024 284 16 10    0.93   27.75   -8.13  -752.8    20.8    62.4  32.58  960175.  3014 -2306   708    -2   6.15
2024 284 16 11    7.09   31.34   -1.59  -763.2   -58.0    44.5  31.38  859623.  2785 -2054   731    -6   1.22
2024 284 16 12    6.79   31.10   -1.81  -765.1   -61.3    39.7  31.70  844246.  2542 -1804   738   -10   1.39
2024 284 16 13    2.79   28.56  -10.90  -772.5   -73.8    21.3  32.92  784879.  2666 -1882   784   -12   8.46
2024 284 16 14   -1.98   27.43  -11.82  -772.5   -73.8    21.3  32.92  784879.  2607 -1784   823   -16   9.18
2024 284 16 15   -1.91   22.52  -18.13  -737.9   -11.4    60.0  34.56  983155.  2388 -1571   817   -19  13.43
2024 284 16 16  -11.27    3.37  -22.91  -742.9    -4.3    69.8  32.86  898800.  2632 -1774   858   -23  17.10
2024 284 16 17   -9.97   -2.34  -22.92  -714.9     8.6   109.2  41.14 1259875.  2896 -2089   807   -22  16.58
2024 284 16 18  -22.75  -10.93  -12.18  -712.7     9.3   111.8  41.81 1289618.  3127 -2322   805   -23   8.79
2024 284 16 19  -17.60   -5.24  -18.46  -710.5    34.2   100.7  39.58 1407146.  2781 -1939   842   -24  13.26
2024 284 16 20  -15.48   -2.48  -20.96  -710.5    34.6   100.5  39.55 1408849.  2580 -1664   916   -28  15.06
2024 284 16 21  -13.34    3.12  -17.45  -710.5    34.6   100.5  39.55 1408849.  2554 -1575   979   -30  12.54
2024 284 16 22   -8.52   15.43  -15.96 99999.9 99999.9 99999.9 999.99 9999999.  2660 -1662   998   -33 999.99
2024 284 16 23   -9.26   30.86  -17.28  -728.3   -30.4    39.1  27.97  807085.  2911 -1805  1106   -40  12.61
2024 284 16 24  -10.76   28.88  -17.63  -728.3   -30.4    39.1  27.97  807085.  3055 -2034  1021   -42  12.87
2024 284 16 25  -11.18   25.41  -20.51  -728.7   -28.5    52.7  31.39 1107517.  3216 -2257   959   -47  15.00
2024 284 16 26  -12.01   25.35  -20.02  -728.7   -28.5    53.0  31.46 1114077.  3042 -2199   843   -54  14.64
2024 284 16 27  -12.95   17.27  -25.87  -735.9    14.4    58.3  28.87 1115719.  2791 -2134   657   -54  19.10
2024 284 16 28  -13.05   13.60  -26.08  -735.9    14.4    58.3  28.87 1115719.  2919 -2238   681   -55  19.25
2024 284 16 29   -8.15    3.61  -20.45  -740.8    35.4    69.3  30.68 1238392.  2937 -2049   888   -55  15.24
2024 284 16 30  -10.75   -1.53  -19.88  -743.2    45.4    74.5  31.54 1296694.  2883 -1982   901   -58  14.88
2024 284 16 31  -12.40   -1.99  -19.47  -743.2    45.4    74.5  31.54 1296694.  2808 -1721  1087   -57  14.57
2024 284 16 32  -11.52   13.10  -20.45  -737.3    62.0    74.6  29.42 1173972.  2757 -1485  1272   -62  15.21
2024 284 16 33  -10.74   14.46  -24.25  -737.3    62.0    74.6  29.42 1173972.  2468 -1337  1131   -63  18.03
2024 284 16 34  -10.06   11.64  -26.49 99999.9 99999.9 99999.9 999.99 9999999.  2409 -1231  1178   -67 999.99
2024 284 16 35   -9.84   14.03  -25.48  -724.5    22.9    60.6  33.02  919775.  2459 -1072  1387   -70  18.53
2024 284 16 36  -10.00   10.29  -26.51  -731.2     8.3    69.6  33.39  944075.  2239  -905  1334   -75  19.48
2024 284 16 37   -9.57   16.65  -24.36  -736.2    -2.5    76.2  33.67  962023.  1818  -698  1120   -77  18.03
2024 284 16 38  -15.48    4.37  -25.13 99999.9 99999.9 99999.9 999.99 9999999.  1572  -681   891   -79 999.99
2024 284 16 39   -7.58   -8.67  -28.08 99999.9 99999.9 99999.9 999.99 9999999.  1423  -624   799   -79 999.99
2024 284 16 40   -3.55  -25.44  -21.93  -754.1    67.5    64.6  35.27 1263255.  1580  -544  1036   -81  16.66
2024 284 16 41   10.00  -22.85   -4.89  -777.9    69.5    26.7  30.26  950753.  1272  -319   953   -84   3.83
2024 284 16 42   14.36  -26.17    5.43  -779.3    77.2    21.0  30.53  941171.  1032  -368   664   -83  -4.26
2024 284 16 43   18.93  -25.95   14.76  -760.6    82.4    44.8  34.82 1192354.  1201  -450   751   -85 -11.31
2024 284 16 44   18.83  -25.28    6.84  -776.6    81.8    -0.2  30.21  962023.  1480  -670   810   -84  -5.34
2024 284 16 45   17.19  -22.77    8.11  -776.6    81.8    -0.2  30.21  962023.  1553  -872   681   -87  -6.33
2024 284 16 46   18.27  -20.92    4.27  -781.1    94.9   -11.2  29.76  763291.  1553  -919   634   -90  -3.36
2024 284 16 47   17.55  -19.73   -0.17  -784.3    74.8    -6.7  30.52  763662.  1754 -1278   476   -91   0.13
2024 284 16 48   22.56  -14.33   -0.98  -786.1    63.4    -4.1  30.93  763872.  1816 -1512   304   -92   0.77
2024 284 16 49   21.25  -16.03    0.89 99999.9 99999.9 99999.9 999.99 9999999.  1866 -1571   295   -95 999.99
2024 284 16 50   15.72  -27.97   -1.15 99999.9 99999.9 99999.9 999.99 9999999.  1820 -1574   246   -92 999.99
2024 284 16 51   13.44  -28.92   -3.38  -775.9    64.4     5.0  36.23  718800.  1853 -1586   267   -92   2.63
2024 284 16 52   10.42  -28.69  -10.63  -775.9    64.4     5.0  36.23  718800.  1848 -1586   262   -94   8.28
2024 284 16 53   10.46  -29.67   -5.98  -775.9    64.4     5.0  36.23  718800.  1759 -1575   184   -93   4.66
2024 284 16 54   10.80  -30.27   -1.40 99999.9 99999.9 99999.9 999.99 9999999.  1645 -1585    60   -91 999.99
2024 284 16 55   10.80  -30.26   -1.42 99999.9 99999.9 99999.9 999.99 9999999.  1812 -1781    31   -89 999.99
2024 284 16 56    9.50  -31.74   -1.13 99999.9 99999.9 99999.9 999.99 9999999.  2142 -2112    30   -88 999.99
2024 284 16 57    0.66  -34.88   -5.12  -713.1    60.5    46.6  34.74  704366.  2240 -2181    59   -84   3.67
2024 284 16 58    2.77  -33.24    0.86  -751.9    70.6    -1.4  34.19  777321.  2057 -1975    82   -83  -0.65
2024 284 16 59    5.20  -35.42    0.48  -757.4    78.5    -4.8  34.19  755206.  2115 -2025    90   -82  -0.37
2024 284 17  0  -15.17  -18.03    8.38  -733.1    86.0    26.2  34.85  633043.  2249 -2127   122   -81  -6.19
2024 284 17  1  -14.84  -23.13   -2.03  -730.4    79.9    15.1  36.00  719461.  2327 -2193   134   -80   1.49
2024 284 17  2  -14.66  -25.18   -1.37  -723.8    78.3    19.0  34.84  698555.  2297 -2095   202   -80   1.00
2024 284 17  3   -9.96  -29.81   -3.38  -730.9    77.4    25.7  33.93  661628.  2143 -1872   271   -80   2.49
2024 284 17  4  -15.43  -27.73   -2.89  -748.0    77.0    33.0  33.62  699217.  2085 -1719   366   -78   2.18
2024 284 17  5  -16.43  -25.44   -4.50  -734.4    72.6    20.5  34.03  732535.  1974 -1622   352   -78   3.32
2024 284 17  6  -19.44  -22.76   -2.69  -720.1    71.2    33.6  34.32  668603.  1798 -1468   330   -77   1.95
2024 284 17  7  -22.87  -19.24   -2.25  -711.4    74.9    24.0  33.33  658906.  1814 -1508   306   -77   1.61
2024 284 17  8  -21.51  -21.69   -2.78  -717.5    81.5    25.5  34.68  681222.  1973 -1701   272   -83   2.01
2024 284 17  9  -26.51  -16.73    1.81  -705.9    83.9    11.8  33.71  791868.  1964 -1582   382   -81  -1.29
2024 284 17 10   -0.95  -26.78   -5.41  -700.9    57.9    19.2  36.10  879449.  2024 -1615   409   -76   3.81
2024 284 17 11    8.49  -17.57   -0.49  -747.8    60.0    41.7  31.50 1103158.  2062 -1628   434   -77   0.37
2024 284 17 12   10.03  -15.80    1.85  -726.6    79.2    31.7  33.11  809429.  1944 -1501   443   -77  -1.35
2024 284 17 13    4.15  -21.62   -3.12  -719.4    77.9    26.3  37.27  998745.  1690 -1250   440   -77   2.26
2024 284 17 14   -5.07  -19.61   -2.75  -727.6    81.0    38.5  40.07 1292122.  1573 -1167   406   -77   2.02
2024 284 17 15  -13.53  -16.80    3.34  -715.5    97.2    30.5  30.13  679778.  1645 -1206   439   -77  -2.41
2024 284 17 16  -14.22  -20.00    4.34  -716.8    26.6    -5.2  32.58 1192866.  1942 -1475   467   -78  -3.11
2024 284 17 17  -18.44  -13.98    7.59  -716.9    23.1    -7.0  32.71 1218204.  2203 -1701   502   -79  -5.44
2024 284 17 18  -30.91   -7.68    2.63  -695.0    96.5     3.1  33.88 1135879.  2262 -1764   498   -80  -1.85
2024 284 17 19  -17.74   -9.48   -0.75  -690.4    96.3    10.3  34.13  992464.  2257 -1745   512   -77   0.52
2024 284 17 20  -29.42   -8.97   -0.10  -692.7    60.6     9.4  33.67  805126.  2080 -1550   530   -76   0.07
2024 284 17 21  -25.58   -9.94   -8.96  -697.6    58.8    21.6  33.86  775301.  2048 -1548   500   -75   6.28
2024 284 17 22  -24.46   -8.27   -8.84  -701.9    67.0    40.2  35.71  697408.  1877 -1438   439   -75   6.24
2024 284 17 23   23.22  -11.59   19.05  -716.6   111.3    18.8  37.94 1285985.  1797 -1344   453   -75 -13.86
2024 284 17 24   -3.71   -9.17    4.62  -702.5    47.7    17.9  34.01  911332.  1809 -1326   483   -73  -3.26
2024 284 17 25  -30.41   -5.11   -8.40  -699.1    29.6    20.0  33.26  764342.  1581 -1073   508   -73   5.88
2024 284 17 26  -30.22   -4.97   -9.07 99999.9 99999.9 99999.9 999.99 9999999.  1594 -1029   565   -71 999.99
2024 284 17 27  -30.05   -4.71   -9.92 99999.9 99999.9 99999.9 999.99 9999999.  1529  -981   548   -70 999.99
2024 284 17 28  -29.86   -4.69  -10.49 99999.9 99999.9 99999.9 999.99 9999999.  1623 -1055   568   -69 999.99
2024 284 17 29  -29.68   -4.68  -11.06 99999.9 99999.9 99999.9 999.99 9999999.  1618 -1057   561   -67 999.99
2024 284 17 30  -29.45   -4.24  -11.40 99999.9 99999.9 99999.9 999.99 9999999.  1644 -1103   541   -68 999.99
2024 284 17 31  -29.16   -3.53  -11.82 99999.9 99999.9 99999.9 999.99 9999999.  1644 -1113   531   -71 999.99
2024 284 17 32  -29.01   -3.98  -12.24 99999.9 99999.9 99999.9 999.99 9999999.  1627 -1039   588   -72 999.99
2024 284 17 33  -28.90   -5.13  -13.59 99999.9 99999.9 99999.9 999.99 9999999.  1529  -921   608   -72 999.99
2024 284 17 34  -28.42   -7.83  -13.18 99999.9 99999.9 99999.9 999.99 9999999.  1601 -1007   594   -73 999.99
2024 284 17 35  -28.66   -6.95  -13.23 99999.9 99999.9 99999.9 999.99 9999999.  1690 -1080   610   -75 999.99
2024 284 17 36  -28.20   -8.13  -12.86 99999.9 99999.9 99999.9 999.99 9999999.  1782 -1209   573   -75 999.99
2024 284 17 37  -27.86   -8.01  -13.41 99999.9 99999.9 99999.9 999.99 9999999.  1657 -1080   577   -76 999.99
2024 284 17 38  -27.31   -7.81  -14.32  -696.9    57.5    20.8  33.51  721441.  1697 -1092   605   -80  10.02
2024 284 17 39  -26.82   -8.05  -15.31  -696.9    57.5    20.8  33.51  721441.  1749 -1159   590   -82  10.71
2024 284 17 40  -27.75   -7.17  -14.06  -696.9    57.5    20.8  33.51  721441.  1788 -1257   531   -84   9.84
2024 284 17 41  -27.79   -6.94  -14.39 99999.9 99999.9 99999.9 999.99 9999999.  1740 -1167   573   -85 999.99
2024 284 17 42  -26.96   -6.28  -15.66 99999.9 99999.9 99999.9 999.99 9999999.  1847 -1285   562   -84 999.99
2024 284 17 43  -26.97   -5.60  -15.49 99999.9 99999.9 99999.9 999.99 9999999.  1845 -1276   569   -87 999.99
2024 284 17 44  -27.20   -5.78  -14.96 99999.9 99999.9 99999.9 999.99 9999999.  1762 -1177   585   -90 999.99
2024 284 17 45  -26.97   -6.11  -15.35 99999.9 99999.9 99999.9 999.99 9999999.  1751 -1222   529   -92 999.99
2024 284 17 46  -27.54   -5.99  -14.48  -698.8    66.6    15.9  34.23  891647.  1621 -1184   437   -93  10.17
2024 284 17 47  -27.27   -6.57  -15.11  -698.8    66.6    15.9  34.23  891647.  1473 -1120   353   -94  10.61
2024 284 17 48  -27.32   -6.57  -15.43  -698.8    66.6    15.9  34.23  891647.  1489 -1220   269   -96  10.83
2024 284 17 49  -28.08   -5.35  -14.97 99999.9 99999.9 99999.9 999.99 9999999.  1646 -1411   235   -98 999.99
2024 284 17 50  -27.15   -8.00  -14.73 99999.9 99999.9 99999.9 999.99 9999999.  1636 -1432   204   -98 999.99
2024 284 17 51  -27.06   -9.17  -14.16 99999.9 99999.9 99999.9 999.99 9999999.  1608 -1370   238   -98 999.99
2024 284 17 52  -27.14   -9.36  -14.17  -708.1    57.8    19.6  32.08  670829.  1796 -1540   256   -99  10.07
2024 284 17 53  -27.23   -9.26  -14.39  -708.1    57.8    19.6  32.08  670829.  2138 -1879   259  -102  10.23
2024 284 17 54  -27.02   -8.86  -15.15  -708.1    57.8    19.6  32.08  670829.  2075 -1830   245  -102  10.77
2024 284 17 55  -27.04   -6.69  -15.40 99999.9 99999.9 99999.9 999.99 9999999.  2005 -1703   302  -106 999.99
2024 284 17 56  -24.62  -10.80  -17.06 99999.9 99999.9 99999.9 999.99 9999999.  2141 -1826   315  -108 999.99
2024 284 17 57  -24.56  -12.11  -17.21 99999.9 99999.9 99999.9 999.99 9999999.  2240 -1970   270  -109 999.99
2024 284 17 58  -24.84  -12.33  -16.67 99999.9 99999.9 99999.9 999.99 9999999.  2012 -1816   196  -110 999.99
2024 284 17 59  -24.74  -12.56  -16.62 99999.9 99999.9 99999.9 999.99 9999999.  1686 -1502   184  -111 999.99
2024 284 18  0  -23.88  -13.25  -17.37  -708.8    49.4    11.0  30.42  663206.  1524 -1333   191  -113  12.34
2024 284 18  1  -24.67  -10.96  -17.26  -708.8    49.4    11.0  30.42  663206.  1255 -1078   177  -115  12.26
2024 284 18  2  -23.72  -10.15  -18.32 99999.9 99999.9 99999.9 999.99 9999999.  1098 -1003    95  -117 999.99
2024 284 18  3  -25.96   -4.35  -17.96 99999.9 99999.9 99999.9 999.99 9999999.  1032  -963    69  -118 999.99
2024 284 18  4  -26.16   -7.63  -17.02  -701.4    59.0    16.4  30.69  600652.   884  -800    84  -122  11.98
2024 284 18  5  -26.22   -8.24  -16.43  -703.2    53.5    15.0  30.10  596108.   759  -657   102  -124  11.59
2024 284 18  6  -26.27   -5.23  -16.18  -705.4    46.2    10.9  30.97  616222.   592  -481   111  -124  11.44
2024 284 18  7  -25.00   -7.44  -18.19  -704.2    47.4     7.5  33.81  662354.   478  -370   108  -126  12.84
2024 284 18  8  -28.06   -0.13  -15.43  -699.8    32.7     6.8  29.61  672786.   470  -357   113  -127  10.81
2024 284 18  9  -24.12    3.11  -14.90  -681.0    63.6    58.4  29.91 1136553.   486  -363   123  -126  10.25
2024 284 18 10  -25.01    4.81  -13.41  -680.2    47.1    47.5  30.69 1009226.   483  -355   128  -128   9.18
2024 284 18 11  -23.99    0.76  -15.03 99999.9 99999.9 99999.9 999.99 9999999.   421  -349    72  -132 999.99
2024 284 18 12  -22.28    9.75  -15.34 99999.9 99999.9 99999.9 999.99 9999999.   448  -368    80  -135 999.99
2024 284 18 13  -24.61    3.38  -14.69 99999.9 99999.9 99999.9 999.99 9999999.   529  -401   128  -138 999.99
2024 284 18 14  -21.70   11.38  -15.77  -686.7    33.6    21.9  33.37 1006780.   570  -412   158  -140  10.85
2024 284 18 15  -23.47    6.33  -15.30  -686.8    33.3    21.9  33.36 1011026.   523  -398   125  -142  10.53
2024 284 18 16  -22.65   12.34  -16.19  -694.7    -1.3    21.0  31.90 1479549.   481  -368   113  -143  11.25
2024 284 18 17  -19.11   13.40  -15.39  -695.6    -5.4    20.9  31.72 1535278.   501  -356   145  -146  10.71
2024 284 18 18  -20.14   11.76  -14.79 99999.9 99999.9 99999.9 999.99 9999999.   512  -336   176  -147 999.99
2024 284 18 19  -21.66   11.40  -13.70  -726.4    39.5   -24.6  27.30 1293154.   489  -326   163  -147   9.97
2024 284 18 20  -20.15   11.78  -12.66  -726.4    39.5   -24.6  27.30 1293154.   457  -306   151  -148   9.21
2024 284 18 21  -13.12   14.34   -3.68  -726.4    39.5   -24.6  27.30 1293154.   409  -283   126  -150   2.68
2024 284 18 22  -12.20   12.23  -15.53  -700.9    67.2   -16.6  30.12 1244324.   449  -263   186  -152  10.99
2024 284 18 23   -5.93   16.74  -15.99  -701.0    61.9    -8.6  29.87 1287788.   491  -214   277  -152  11.31
2024 284 18 24   -8.46   12.31  -19.71  -726.0     3.0    -4.9  31.04 1464787.   536  -193   343  -151  14.31
2024 284 18 25  -14.08    7.20  -18.24  -712.3    24.7    -7.9  30.58 1387329.   639  -181   458  -151  13.00
2024 284 18 26  -15.21    7.33  -19.09  -712.2    24.1    -9.2  30.02 1329772.   726  -157   569  -151  13.61
2024 284 18 27  -17.64    6.76  -17.74  -712.2    23.7   -10.3  29.57 1283816.   821  -165   656  -153  12.64
2024 284 18 28  -16.19    6.18  -17.24 99999.9 99999.9 99999.9 999.99 9999999.  1145  -181   964  -156 999.99
2024 284 18 29  -16.76    6.20  -17.48  -700.8    31.9   -11.7  29.44 1298466.  1389  -183  1206  -159  12.26
2024 284 18 30  -17.59    5.07  -19.56  -698.4    27.4   -12.3  30.25 1391083.  1527  -176  1351  -161  13.67
2024 284 18 31  -16.66    5.72  -16.64  -695.0    40.4    -4.5  34.51 1877374.  1565  -169  1396  -160  11.59
2024 284 18 32  -18.76    4.52  -18.40  -696.2    58.8     2.8  36.61 2115624.  1430  -126  1304  -161  12.86
2024 284 18 33  -19.71    3.51  -19.31 99999.9 99999.9 99999.9 999.99 9999999.  1317   -86  1231  -158 999.99
2024 284 18 34  -18.95    5.73  -18.69 99999.9 99999.9 99999.9 999.99 9999999.  1339   -54  1285  -157 999.99
2024 284 18 35  -20.52   -0.62  -19.40  -689.9    40.1   -19.0  29.88 1498873.  1457   -70  1387  -159  13.41
2024 284 18 36  -21.66   -2.00  -18.57  -689.9    40.1   -19.0  29.88 1498873.  1526   -82  1444  -161  12.84
2024 284 18 37   -5.48  -11.38  -12.50  -751.3    78.6     6.0  29.65  938552.  1376   -92  1284  -163   9.45
2024 284 18 38    6.06  -14.85   -5.19  -759.2    81.6     5.0  29.56  879583.  1250  -120  1130  -163   3.96
2024 284 18 39   -1.49   -7.12   -6.00  -774.1    79.4   -14.2  29.09  824051.  1261  -150  1111  -160   4.67
2024 284 18 40   -9.11   -5.98  -12.52  -708.8    31.6   -27.9  29.35 1580968.  1342  -228  1114  -161   8.89
2024 284 18 41   -7.17   -1.82   -7.79  -719.0    44.9    -6.7  27.02 1243500.  1292  -299   993  -162   5.61
2024 284 18 42  -11.72    6.79   -8.41  -723.4    50.4     1.6  26.11 1107518.  1232  -338   894  -161   6.10
2024 284 18 43   -4.07    3.88   -3.52  -699.0    31.0    -7.6  36.50 2131493.  1141  -328   813  -162   2.46
2024 284 18 44    0.34   -2.95   -3.83  -699.0    31.0    -7.6  36.50 2131493.  1109  -277   832  -161   2.68
2024 284 18 45  -10.49   -6.48  -13.54  -762.1    75.8   -13.0  30.26 1180723.  1007  -264   743  -160  10.37
2024 284 18 46   -1.70    4.87   -3.64  -762.1    75.8   -13.0  30.26 1180723.  1010  -355   655  -158   2.79
2024 284 18 47   -8.29   -6.65  -13.15  -709.1    58.1    -8.9  28.79 1581931.   968  -389   579  -156   9.36
2024 284 18 48   -3.13   -2.26   -4.33  -720.8    49.3    -6.2  29.28 1382551.   877  -373   504  -157   3.13
2024 284 18 49    2.35   -5.34   -2.85  -755.1     7.9    -1.4  23.18 1274618.   865  -426   439  -157   2.15
2024 284 18 50   -3.68   -2.30   -6.71  -764.5    -5.2    -0.2  20.97 1275524.   848  -471   377  -156   5.13
2024 284 18 51    1.94  -18.78   -7.57 99999.9 99999.9 99999.9 999.99 9999999.   881  -524   357  -155 999.99
2024 284 18 52   -4.91   -9.49  -13.04  -727.0    68.1    26.4  28.87 1001418.   860  -532   328  -157   9.53
2024 284 18 53    0.59   -6.03  -10.99  -718.1    75.7    24.5  27.92  910460.   809  -514   295  -153   7.94
2024 284 18 54   -1.08  -14.92  -16.65  -722.3    78.2    24.9  30.44 1133015.   889  -645   244  -153  12.10
2024 284 18 55    6.22  -10.34   -8.87  -726.5    77.6    25.6  31.88 1261507.   980  -827   153  -152   6.48
2024 284 18 56    4.72   -9.34   -9.18  -745.9    77.4   -12.0  31.05 1355391.   979  -820   159  -155   6.88
2024 284 18 57    4.07  -18.32  -13.05  -746.4    77.4   -12.9  31.03 1357622.  1137  -974   163  -162   9.79
2024 284 18 58   14.34   24.40    8.96 99999.9 99999.9 99999.9 999.99 9999999.  1393 -1156   237  -170 999.99
2024 284 18 59   14.34   24.40    8.97 99999.9 99999.9 99999.9 999.99 9999999.  1509 -1237   272  -180 999.99
2024 284 19  0   -5.77  -14.95  -15.67  -810.6    60.3   -19.3  29.06 1491264.  1402 -1148   254  -182  12.74
2024 284 19  1    0.28   16.13   -0.25  -810.6    60.3   -19.3  29.06 1491264.  1545 -1262   283  -187   0.20
2024 284 19  2   -1.76   33.28    5.30  -808.4    58.3   -19.5  28.81 1487007.  1666 -1368   298  -192  -4.30
2024 284 19  3    0.19   33.07    7.91  -719.4   -22.2   -26.9  18.58 1316253.  1760 -1486   274  -195  -5.70
2024 284 19  4   -0.34   36.67    6.35  -720.9   -23.6   -22.9  18.79 1290377.  1668 -1459   209  -200  -4.58
2024 284 19  5   -8.05   35.36   -0.10  -721.3   -27.7   -17.1  19.65 1365454.  1356 -1217   139  -204   0.07
2024 284 19  6   -8.75   32.70    0.54  -721.1   -30.3   -14.1  20.21 1429233.  1154 -1077    77  -207  -0.39
2024 284 19  7   -9.33   34.13    0.79 99999.9 99999.9 99999.9 999.99 9999999.  1058  -936   122  -209 999.99
2024 284 19  8  -11.46   33.04    0.31 99999.9 99999.9 99999.9 999.99 9999999.   990  -846   144  -210 999.99
2024 284 19  9  -13.32   31.82   -2.94  -670.8   -28.6   -26.9  22.97 2090808.   922  -767   155  -212   1.98
2024 284 19 10  -16.40   29.47   -6.27  -675.3   -36.0   -23.1  21.98 1966814.  1108  -705   403  -217   4.24
2024 284 19 11  -17.73   29.55   -7.57  -679.7   -27.2   -10.5  20.35 1740101.  1423  -631   792  -220   5.16
2024 284 19 12  -19.04   27.64   -9.48  -676.9     2.2    -8.9  20.21 1797376.  1548  -608   940  -219   6.42
2024 284 19 13  -18.72   25.46  -10.09  -674.7   -51.4    -6.7  22.79 1440414.  1629  -606  1023  -218   6.83
2024 284 19 14  -20.11   25.40  -11.00  -682.0   -34.0    -6.6  21.76 1347906.  1703  -584  1119  -217   7.51
2024 284 19 15  -17.02   22.96   -9.76  -686.1   -30.2     0.2  21.19 1263767.  1823  -590  1233  -214   6.70
2024 284 19 16  -17.61   19.29  -14.42  -694.9   -48.3     4.8  22.70 1385797.  1824  -585  1239  -213  10.04
2024 284 19 17  -15.04   23.29  -11.40  -695.9   -49.0     4.4  22.82 1399632.  1858  -509  1349  -212   7.95
2024 284 19 18  -15.68   22.30   -9.03 99999.9 99999.9 99999.9 999.99 9999999.  1968  -592  1376  -210 999.99
2024 284 19 19  -12.67   26.40   -6.69  -712.2   -46.1   -43.4  23.65 1317228.  2032  -679  1353  -207   4.78
2024 284 19 20  -14.49   25.39   -8.43  -716.2   -54.5   -42.5  22.47 1219212.  1963  -663  1300  -207   6.07
2024 284 19 21  -19.19   20.09  -13.86  -704.1   -15.1    -5.6  19.39 1167494.  1907  -662  1245  -206   9.77
2024 284 19 22  -16.12   22.20  -14.22  -698.4     2.3     8.8  18.44 1168920.  1847  -625  1222  -205   9.93
2024 284 19 23  -15.82   20.40  -16.42  -698.4     2.3     8.8  18.44 1168920.  1794  -546  1248  -203  11.47
2024 284 19 24  -17.75   22.14  -12.10  -697.2   -37.3   -11.5  20.39 1143828.  1776  -554  1222  -202   8.45
2024 284 19 25  -17.82   23.35  -11.61  -697.2   -37.3   -11.5  20.39 1143828.  1752  -579  1173  -200   8.11
2024 284 19 26  -18.37   20.57  -13.59  -695.5   -37.6    -7.0  20.19 1087606.  1867  -749  1118  -199   9.47
2024 284 19 27  -22.33   16.11  -17.02  -683.0   -39.9    25.7  18.72  677215.  1984  -917  1067  -198  11.65
2024 284 19 28  -22.17   15.61  -17.72  -678.1   -16.6    18.2  19.23  742274.  2070  -986  1084  -195  12.04
2024 284 19 29  -21.55   14.63  -19.15  -667.3    35.4     1.4  20.38  887245.  1993  -938  1055  -194  12.80
2024 284 19 30  -20.25   11.92  -20.07  -673.3    -8.5    23.0  20.12  828405.  1753  -782   971  -197  13.53
2024 284 19 31  -19.56   10.51  -19.06  -673.9   -12.9    25.6  20.11  834698.  1845  -869   976  -195  12.86
2024 284 19 32  -20.09   11.22  -19.72  -674.2   -13.5    34.6  20.47 1112435.  2021 -1007  1014  -193  13.31
2024 284 19 33  -19.52   10.53  -19.76  -674.2   -13.5    34.6  20.47 1112435.  1995  -975  1020  -193  13.34
2024 284 19 34  -19.85   17.70  -14.84 99999.9 99999.9 99999.9 999.99 9999999.  1845  -844  1001  -194 999.99
2024 284 19 35  -19.98   24.95  -10.89  -654.7   -12.0    14.0  21.11 1667138.  1661  -732   929  -193   7.13
2024 284 19 36  -19.09   25.54  -10.77  -679.2   -10.7    10.7  18.23 1468181.  1469  -623   846  -193   7.32
2024 284 19 37  -19.44   23.25  -12.25  -683.1   -33.4     9.1  18.58 1689795.  1457  -597   860  -195   8.38
2024 284 19 38  -19.79   21.16  -14.38  -681.6   -41.5     9.0  19.03 1789832.  1336  -460   876  -195   9.82
2024 284 19 39  -20.18   20.28  -14.37 99999.9 99999.9 99999.9 999.99 9999999.  1308  -423   885  -193 999.99
2024 284 19 40 9999.99 9999.99 9999.99 99999.9 99999.9 99999.9 999.99 9999999.  1346  -415   931  -192 999.99
2024 284 19 41  -18.23   20.15  -15.68 99999.9 99999.9 99999.9 999.99 9999999.  1306  -421   885  -191 999.99
2024 284 19 42  -20.95   18.08  -14.90 99999.9 99999.9 99999.9 999.99 9999999.  1234  -422   812  -188 999.99
2024 284 19 43  -23.47   12.50  -17.62  -673.4    47.4     5.7  20.95 1078246.  1241  -435   806  -188  11.90
2024 284 19 44  -25.38    8.21  -20.96  -673.4    47.4     5.7  20.95 1078246.  1179  -443   736  -189  14.15
2024 284 19 45  -24.13   12.46  -19.07  -673.4    47.4     5.7  20.95 1078246.  1142  -447   695  -191  12.87
2024 284 19 46  -24.88   16.94  -16.66  -677.6    52.0    -9.8  22.22 1392866.  1093  -439   654  -193  11.33
2024 284 19 47  -21.61   17.12  -13.06  -652.3    84.9    -5.1  22.78 1782717.  1046  -414   632  -194   8.60
2024 284 19 48  -21.73   15.74  -12.77  -678.0    42.5    22.1  23.13 1511535.  1081  -405   676  -197   8.69
2024 284 19 49  -21.23   14.94  -13.89  -684.1    32.9    26.5  23.16 1438547.  1133  -420   713  -198   9.52
2024 284 19 50  -21.35   14.90  -12.97 99999.9 99999.9 99999.9 999.99 9999999.  1195  -441   754  -198 999.99
2024 284 19 51  -22.12   14.05   -9.48  -690.7    39.2    29.8  23.42 1341358.  1140  -428   712  -198   6.56
2024 284 19 52  -22.63   13.47   -9.57  -690.7    39.2    29.8  23.42 1341358.  1062  -424   638  -198   6.63
2024 284 19 53  -24.12   12.07  -10.85  -687.8    33.2    36.6  24.87 1506091.  1028  -415   613  -196   7.48
2024 284 19 54  -24.59   11.55  -12.09  -686.2    29.9    40.3  25.67 1595612.   949  -379   570  -196   8.32
2024 284 19 55  -24.51   10.03  -13.37  -686.2    29.9    40.3  25.67 1595612.   859  -321   538  -198   9.20
2024 284 19 56  -26.76    9.15  -14.17 99999.9 99999.9 99999.9 999.99 9999999.   798  -281   517  -197 999.99
2024 284 19 57 9999.99 9999.99 9999.99 99999.9 99999.9 99999.9 999.99 9999999.   753  -273   480  -198 999.99
2024 284 19 58  -27.42    9.78  -15.83 99999.9 99999.9 99999.9 999.99 9999999.   760  -294   466  -199 999.99
2024 284 19 59  -25.96    8.34  -15.53 99999.9 99999.9 99999.9 999.99 9999999.   738  -346   392  -200 999.99
2024 284 20  0  -23.84    6.74  -16.67  -693.0    33.0    21.6  23.84 1564327.   730  -383   347  -202  11.57
2024 284 20  1  -22.36    8.27  -14.98  -693.0    33.0    21.6  23.84 1564327.   687  -358   329  -203  10.40
2024 284 20  2  -21.90    9.59  -14.13 99999.9 99999.9 99999.9 999.99 9999999.   695  -308   387  -205 999.99
2024 284 20  3  -23.70    4.82  -17.36  -671.1    43.9    14.6  23.31 1446020.   732  -315   417  -206  11.68
2024 284 20  4  -23.58    1.05  -17.46  -678.0    46.5    10.1  22.89 1358902.   671  -295   376  -204  11.87
2024 284 20  5  -21.61   -6.35  -18.68  -678.7    46.4    14.1  21.81 1147442.   647  -241   406  -202  12.71
2024 284 20  6  -24.96    3.66  -21.13  -675.9    39.0    18.4  21.46 1035120.   677  -211   466  -203  14.32
2024 284 20  7  -22.91   -8.50  -21.00  -664.1     1.9    11.4  22.88  871466.   684  -212   472  -204  13.95
2024 284 20  8  -13.88  -27.32  -15.46  -659.0    51.1    37.4  27.60  546486.   693  -251   442  -205  10.24
2024 284 20  9  -15.29  -22.77  -16.07  -657.7    49.8    28.3  29.46 1274259.   682  -279   403  -203  10.62
2024 284 20 10  -18.15  -15.65  -20.56  -653.5    54.7    42.5  30.01  999857.   636  -274   362  -199  13.52
2024 284 20 11  -19.61    3.23  -20.69 99999.9 99999.9 99999.9 999.99 9999999.   557  -257   300  -193 999.99
2024 284 20 12  -17.79   11.86  -21.55  -650.7    63.0    33.0  27.58 1219824.   517  -239   278  -189  14.11
2024 284 20 13  -15.87   17.69  -18.29  -643.7    46.5    54.2  27.19 1104005.   422  -227   195  -188  11.85
2024 284 20 14  -14.77   22.37  -14.87  -634.2    28.6    64.2  28.18 1077792.   426  -273   153  -186   9.49
2024 284 20 15  -16.86    9.33  -22.13 99999.9 99999.9 99999.9 999.99 9999999.   411  -287   124  -192 999.99
2024 284 20 16  -17.07   11.19  -21.26  -646.0    12.8    52.6  31.43  918568.   346  -264    82  -199  13.79
2024 284 20 17  -17.23   13.10  -20.49  -641.8    10.8    63.6  31.31  963638.   559  -404   155  -202  13.22
2024 284 20 18  -21.42    2.34  -23.81  -654.1   -20.0    59.8  32.11 1124003.   754  -574   180  -204  15.65
2024 284 20 19  -22.50    4.30  -23.20  -655.6   -22.1    58.1  32.19 1130557.  1030  -823   207  -204  15.28
2024 284 20 20  -21.53    4.80  -24.35  -644.6    37.5    55.4  30.47  881394.  1484 -1228   256  -205  15.78
2024 284 20 21  -23.62    4.06  -22.30  -642.8    38.5    61.0  28.66  773795.  1687 -1424   263  -207  14.43
2024 284 20 22  -23.93    2.58  -21.80  -645.6    33.7    66.5  27.91  676783.  1576 -1371   205  -207  14.17
2024 284 20 23  -23.20    1.49  -22.06  -647.7    30.8    67.7  28.08  658149.  1359 -1155   204  -207  14.38
2024 284 20 24  -23.10  -10.31  -20.04  -650.4    37.5    54.4  27.16  522140.   992  -743   249  -207  13.10
2024 284 20 25  -22.90   -4.59  -22.35  -651.5    39.7    55.4  27.28  586636.   688  -432   256  -209  14.64
2024 284 20 26  -22.33   -6.31  -22.45  -657.6    51.6    59.8  27.82  914109.   478  -268   210  -209  14.87
2024 284 20 27  -21.32   -0.57  -22.12  -677.7    99.0     1.1  24.02  665083.   777  -277   500  -207  15.17
2024 284 20 28  -21.10    2.82  -19.35  -661.3    59.9    43.2  27.08  645354.   924  -303   621  -206  12.89
2024 284 20 29  -22.55    4.70  -17.78  -664.8    15.2    25.4  31.97 1039061.   906  -318   588  -205  11.83
2024 284 20 30  -22.11    2.18  -18.62  -665.5    14.1    25.2  31.96 1039330.   855  -329   526  -204  12.40
2024 284 20 31  -22.11    4.30  -18.69  -677.9    -3.4    22.7  31.58 1030330.   616  -294   322  -207  12.68
2024 284 20 32  -24.23   -0.27  -14.82  -677.4    -4.8    32.8  31.40 1081263.   587  -353   234  -205  10.05
2024 284 20 33  -24.57    5.30  -14.16  -677.2    -5.3    36.0  31.33 1097717.   580  -443   137  -205   9.60
2024 284 20 34  -11.80   15.34  -18.91  -670.9   -33.6    29.9  30.86  960498.   752  -600   152  -203  12.72
2024 284 20 35   -6.94   18.79  -22.05  -670.9   -33.6    29.9  30.86  960498.   797  -682   115  -204  14.83
2024 284 20 36   -6.44   18.29  -20.20  -676.0   -21.8    27.1  30.06  894599.   879  -769   110  -205  13.67
2024 284 20 37   -4.54   22.41  -21.51  -680.2   -11.9    24.8  29.39  839549.   926  -768   158  -207  14.64
2024 284 20 38   -8.52   17.31  -19.05  -680.9    -6.7    24.9  27.43  854538.   945  -754   191  -209  12.98
2024 284 20 39   -3.60   24.49  -17.20  -680.9    -6.4    24.9  27.33  855301.   960  -743   217  -207  11.72
2024 284 20 40   -2.05   25.78  -14.50  -672.5    -5.7    26.2  30.01  849556.   987  -755   232  -208   9.76
2024 284 20 41    2.86   29.09   -8.91  -672.5    -5.7    26.2  30.01  849556.   952  -722   230  -207   6.00
2024 284 20 42   -7.34    3.92  -14.45  -668.1   -23.3    14.6  31.87 1091208.   868  -639   229  -205   9.66
2024 284 20 43  -17.83  -12.98  -17.40  -665.3     7.1    27.1  33.26  930526.   750  -536   214  -205  11.60
2024 284 20 44  -17.50  -13.53  -18.04  -661.4    34.4    40.6  34.48  778671.   633  -435   198  -204  11.97
2024 284 20 45  -15.85   -9.31  -21.61  -659.3    30.7    43.1  34.27  784879.   620  -368   252  -203  14.30
2024 284 20 46  -15.33   -8.93  -22.81  -659.3    30.7    43.1  34.27  784879.   669  -320   349  -202  15.09
2024 284 20 47  -15.51  -10.82  -18.45  -676.2    16.5    47.0  33.49  717482.   719  -298   421  -202  12.51
2024 284 20 48  -12.12   -6.77  -21.61  -669.2    23.0    45.1  34.69  751586.   863  -303   560  -200  14.50
2024 284 20 49  -13.07  -12.79  -16.92  -648.2    46.5    48.1  38.06  815244.   961  -365   596  -199  11.03
2024 284 20 50  -13.63  -20.37   -9.38  -646.9    53.9    60.5  37.95  765703.  1136  -390   746  -197   6.11
2024 284 20 51  -13.21  -20.63   -8.02  -666.9    38.9    40.0  35.71  650598.  1096  -431   665  -197   5.37
2024 284 20 52  -10.12  -19.51   -4.94  -666.9    38.9    40.0  35.71  650598.   912  -496   416  -195   3.31
2024 284 20 53  -11.11  -20.35   -2.97  -668.7    50.5    30.2  39.08  726736.   677  -555   122  -192   1.99
2024 284 20 54  -10.98  -12.08   -9.24  -668.7    50.5    30.2  39.08  726736.   664  -535   129  -191   6.20
2024 284 20 55  -11.43    4.95  -19.82  -662.9    38.4    43.6  41.02  818306.   728  -576   152  -191  13.19
2024 284 20 56   -8.03   12.08  -17.40  -667.0    33.8    43.0  41.13  817501.   835  -686   149  -190  11.65
2024 284 20 57  -11.47    6.20  -20.25  -677.3    22.2    41.6  41.40  815492.   892  -729   163  -190  13.75
2024 284 20 58  -10.07    5.85  -20.79 99999.9 99999.9 99999.9 999.99 9999999.   921  -792   129  -192 999.99
2024 284 20 59  -11.23    4.96  -20.55 99999.9 99999.9 99999.9 999.99 9999999.   923  -768   155  -192 999.99
2024 284 21  0  -10.71    4.46  -22.67  -671.4    25.3    22.8  40.81  764342.   954  -750   204  -191  15.24
2024 284 21  1   -9.80    2.56  -23.42  -671.3    25.5    23.2  40.81  764091.   911  -802   109  -192  15.74
2024 284 21  2  -13.25    3.18  -20.49  -668.8    30.9    34.6  40.79  756204.  1055 -1009    46  -193  13.74
2024 284 21  3  -13.11    5.48  -18.62  -668.8    30.9    34.6  40.79  756204.  1228 -1216    12  -197  12.48
2024 284 21  4  -11.52    4.16  -19.65 99999.9 99999.9 99999.9 999.99 9999999.  1401 -1465   -64  -198 999.99
2024 284 21  5  -11.32    1.20  -21.84 99999.9 99999.9 99999.9 999.99 9999999.  1599 -1721  -122  -197 999.99
2024 284 21  6  -10.98   12.54  -11.83 99999.9 99999.9 99999.9 999.99 9999999.  1422 -1498   -76  -201 999.99
2024 284 21  7  -11.42    9.92  -14.87  -664.4    29.1    12.1  39.88  921035.  1257 -1331   -74  -200   9.91
2024 284 21  8   -9.35   12.52   -8.53  -664.4    25.5    12.5  39.85  925398.  1192 -1263   -71  -202   5.68
2024 284 21  9   -5.68   17.89   -4.52  -666.2   -21.1    11.6  34.04  701757.  1334 -1309    25  -203   3.01
2024 284 21 10   -5.89   16.85   -4.03  -666.2   -21.1    11.6  34.04  701757.  1320 -1257    63  -204   2.69
2024 284 21 11   -5.99   17.25   -3.04  -655.9    -8.4    25.1  35.28  786258.  1337 -1187   150  -207   2.00
2024 284 21 12   -9.65   11.88   -7.25  -655.5    -8.4    26.3  35.51  804581.  1454 -1101   353  -205   4.76
2024 284 21 13   -8.23   11.59   -6.96  -650.9    -8.8    39.1  38.09 1003401.  1544 -1003   541  -203   4.54
2024 284 21 14   -7.88   14.33   -5.91  -668.5    -9.7    19.0  36.35  706263.  1661 -1046   615  -204   3.95
2024 284 21 15   -7.61   15.40   -5.48  -668.5   -28.8    33.3  36.61  803217.  1582 -1006   576  -206   3.67
2024 284 21 16   -5.85   18.54   -4.94  -668.3   -31.8    35.7  36.67  821121.  1544 -1018   526  -202   3.31
2024 284 21 17   -6.52   18.11   -4.70  -669.5    -7.3     8.1  33.80  686206.  1359  -869   490  -198   3.15
2024 284 21 18   -8.87   16.10   -5.17  -669.5    -7.3     8.1  33.80  686206.  1280  -837   443  -200   3.46
2024 284 21 19   -5.66   13.03   -6.22  -669.5    -7.3     8.1  33.80  686206.  1479 -1070   409  -203   4.16
2024 284 21 20   -4.65   10.36   -9.30 99999.9 99999.9 99999.9 999.99 9999999.  1797 -1323   474  -205 999.99
2024 284 21 21   -9.10   15.96   -2.47 99999.9 99999.9 99999.9 999.99 9999999.  1874 -1358   516  -206 999.99
2024 284 21 22   -9.53   13.18   -6.88  -649.4    -5.8    30.0  32.13  801505.  2009 -1467   542  -209   4.47
2024 284 21 23   -9.83   15.09   -5.52  -649.4    -5.8    30.0  32.13  801505.  1797 -1225   572  -211   3.59
2024 284 21 24  -10.45   14.29   -6.38  -647.4   -10.3    25.9  32.80  728063.  1513  -967   546  -212   4.13
2024 284 21 25   -7.99   15.63   -8.01  -663.4   -68.9    15.6  29.34  605712.  1696 -1109   587  -212   5.35
2024 284 21 26  -10.03   15.74   -6.75  -670.7   -95.6    10.9  27.79  552081.  1690 -1066   624  -211   4.57
2024 284 21 27   -8.43   14.92   -8.29  -653.1   -35.9    28.8  34.34  920463.  1633 -1038   595  -213   5.43
2024 284 21 28   -9.33   15.49  -10.36  -653.8   -23.8    35.9  35.12  906706.  1525  -934   591  -215   6.79
2024 284 21 29  -11.11   14.68  -10.20  -655.3   -29.5    39.1  31.48  724086.  1443  -883   560  -221   6.70
2024 284 21 30  -13.55   11.56  -10.79  -655.3   -29.5    39.1  31.48  724086.  1425  -879   546  -221   7.09
2024 284 21 31   -8.45   17.28   -9.28  -633.6     1.8    41.1  30.74  749496.  1253  -746   507  -221   5.89
2024 284 21 32   -2.73   22.56   -6.18  -633.1     1.7    50.9  31.87  836773.  1136  -676   460  -222   3.93
2024 284 21 33   -5.33   21.48   -8.23  -633.0     1.4    57.7  31.75  832430.  1098  -696   402  -223   5.23
2024 284 21 34   -5.34   21.84   -5.79  -633.3     1.1    56.3  30.54  745420.  1165  -719   446  -223   3.68
2024 284 21 35   -4.22   20.85   -4.49  -633.3     1.1    56.3  30.54  745420.  1133  -721   412  -226   2.85
2024 284 21 36   -6.22   20.76   -8.67  -628.6     7.9    56.6  32.03  797332.  1093  -703   390  -228   5.47
2024 284 21 37  -10.45   14.16  -11.44  -628.6     7.9    56.6  32.03  797332.  1058  -685   373  -228   7.22
2024 284 21 38   -8.83   11.32  -10.34  -612.9    -2.7    81.0  34.45  921267.  1135  -746   389  -230   6.39
2024 284 21 39   -5.89   15.19   -7.72  -612.9    -2.7    81.0  34.45  921267.  1057  -727   330  -230   4.77
2024 284 21 40   -4.17   11.05   -7.95 99999.9 99999.9 99999.9 999.99 9999999.  1151  -820   331  -229 999.99
2024 284 21 41   -4.00   10.13   -4.05  -618.4    -6.3    80.4  35.82  959599.  1242  -941   301  -229   2.53
2024 284 21 42   -2.75    7.76   -4.66  -623.1   -11.2    72.7  36.63 1005607.  1298 -1040   258  -231   2.92
2024 284 21 43   -2.14    6.01   -0.38  -629.9   -18.7    61.3  37.62 1112268.  1349 -1090   259  -232   0.24
2024 284 21 44   -2.30   14.33   -0.77  -634.5     4.1    61.2  37.27 1050728.  1178  -936   242  -235   0.49
2024 284 21 45   -4.89    9.80   -8.16  -639.8     4.2    83.4  36.58  982326.  1106  -904   202  -237   5.27
2024 284 21 46   -2.25   10.29   -1.74  -640.7    -0.7    93.6  41.63 1219221.  1030  -858   172  -235   1.13
2024 284 21 47   -0.41   17.82   -3.00 99999.9 99999.9 99999.9 999.99 9999999.   965  -794   171  -232 999.99
2024 284 21 48   -1.03   23.30   -6.18  -690.3   -43.5    10.5  32.63  949855.   994  -827   167  -231   4.28
2024 284 21 49    1.70   23.42   -4.58  -690.3   -43.5    10.5  32.63  949855.   964  -811   153  -232   3.17
2024 284 21 50    1.11   23.44   -4.39  -697.7   -37.6     6.9  31.46  905056.   968  -814   154  -231   3.07
2024 284 21 51    0.96   22.43   -6.55  -700.0   -35.4     0.8  33.18  965158.   870  -786    84  -230   4.59
2024 284 21 52    0.49   25.41   -7.72  -700.0   -35.1    -2.5  34.55 1013034.   839  -773    66  -229   5.41
2024 284 21 53    0.03   25.36  -10.00  -692.0   -41.6    18.9  35.27  903437.   920  -878    42  -229   6.93
2024 284 21 54    1.23   19.01  -15.94  -693.2   -40.0    22.8  35.13  920817.   953  -924    29  -228  11.08
2024 284 21 55    1.73   23.29  -13.76  -700.4   -30.1    46.9  34.27 1029281.   987  -954    33  -227   9.67
2024 284 21 56    1.58   23.53  -11.30  -693.1   -44.1   -11.7  34.99  967340.  1061 -1026    35  -230   7.85
2024 284 21 57    0.05   28.55    2.34  -693.6   -43.2   -17.2  34.33  953288.  1099 -1071    28  -229  -1.63
2024 284 21 58   -1.07   28.22   -3.45  -703.2   -25.9   -18.8  28.59  897532.  1182 -1101    81  -228   2.43
2024 284 21 59   -0.95   28.42   -7.03  -703.8   -28.5    -6.9  26.66  876711.  1172 -1084    88  -230   4.95
2024 284 22  0    1.22   28.71   -9.26  -703.8   -28.6    -6.2  26.55  875561.  1125 -1062    63  -238   6.52
2024 284 22  1    3.21   31.29  -12.45  -697.0   -31.3   -10.5  23.15  927250.  1234 -1126   108  -247   8.69
2024 284 22  2    4.33   33.75  -14.74  -697.6   -27.0    -2.1  21.54  835001.  1256 -1084   172  -246  10.29
2024 284 22  3    2.18   28.06  -19.77  -699.0   -16.6    18.0  17.68  613500.  1324 -1060   264  -243  13.83
2024 284 22  4    0.71   17.02  -28.87  -699.3    -5.0    14.1  18.49  940643.  1390 -1036   354  -246  20.19
2024 284 22  5    0.62   16.16  -29.51  -699.6    -4.7    14.8  18.54  944494.  1413 -1038   375  -252  20.65
2024 284 22  6    1.64   16.77  -30.42  -703.7    -9.8    25.8  18.62  765703.  1444 -1071   373  -254  21.42
2024 284 22  7    2.30   24.82  -23.16  -711.0   -26.4    10.9  18.34  773193.  1440 -1076   364  -249  16.48
2024 284 22  8    2.23   32.27    0.97  -713.1   -29.3   -15.9  18.81  781418.  1395 -1060   335  -248  -0.70
2024 284 22  9    1.15   32.39   -2.62  -721.7   -37.5  -173.4  21.86  828184.  1435 -1097   338  -249   1.95
2024 284 22 10    0.71   34.21   -6.94  -709.9   -25.7  -147.4  21.81  791019.  1454 -1068   386  -248   5.04
2024 284 22 11   -0.79   34.19   -9.81  -704.0   -19.8  -134.5  21.78  772524.  1424 -1026   398  -245   7.03
2024 284 22 12    0.81   29.96  -19.72  -700.5   -49.5   -79.1  19.82  908169.  1415  -996   419  -236  13.94
2024 284 22 13    0.56   29.65  -21.47  -700.4   -50.4   -77.5  19.76  912199.  1422 -1028   394  -234  15.17
2024 284 22 14    2.16   30.18  -20.99  -702.6   -48.9   -91.7  19.02  879934.  1269  -941   328  -238  14.91
2024 284 22 15    2.01   27.74  -20.98  -708.5   -47.1   -69.6  18.67  840778.  1080  -803   277  -242  14.97
2024 284 22 16    3.25   25.69  -17.64  -714.0   -40.5   -45.0  19.23  815056.   995  -767   228  -243  12.64
2024 284 22 17    2.57   30.43    2.57  -715.7    -5.6   -11.5  25.35  879852.  1011  -820   191  -242  -1.84
2024 284 22 18    2.60   30.43    3.30  -704.7     4.0   -80.2  26.05  871878.  1010  -855   155  -240  -2.35
2024 284 22 19    3.29   30.82    8.73  -700.0     8.8  -110.4  26.21  864044.   948  -819   129  -239  -6.19
2024 284 22 20    3.70   30.54   16.08  -708.4    28.9   -95.9  21.07  712214.   959  -797   162  -238 -11.51
2024 284 22 21    2.75   28.96   19.10  -711.1    34.1   -75.3  18.70  876137.  1073  -886   187  -243 -13.68
2024 284 22 22    2.29   28.06   20.41  -711.8    35.3   -68.3  18.02  940780.  1224  -924   300  -245 -14.61
2024 284 22 23    2.86   28.98   13.85  -711.0    42.5   -70.9  19.66  916793.  1297  -936   361  -245  -9.91
2024 284 22 24    3.34   29.70    7.45  -711.0    42.5   -70.9  19.66  916793.  1326  -899   427  -247  -5.33
2024 284 22 25    2.34   30.40    3.46  -712.8    11.0   -59.1  20.00  855301.  1221  -792   429  -253  -2.48
2024 284 22 26    2.67   32.69  -10.74  -711.1     9.2   -60.8  19.55  884053.  1109  -699   410  -250   7.67
2024 284 22 27    1.92   32.54  -17.87  -700.5    -2.1   -72.0  16.66 1065473.  1070  -648   422  -245  12.58
2024 284 22 28    4.05   35.40  -13.02  -724.3     4.7   -92.2  17.25  711048.  1103  -641   462  -246   9.51
2024 284 22 29    2.15   32.73  -26.21  -725.0     3.8   -92.2  16.60  695689.  1119  -650   469  -254  19.16
2024 284 22 30    3.33   30.81  -29.32  -717.5    -5.1   -82.7  12.37  775873.  1122  -635   487  -255  21.17
2024 284 22 31   -2.92   -0.20  -41.53  -717.7    32.7   -40.4  11.44  506124.  1100  -675   425  -254  29.89
2024 284 22 32   -3.79   -2.26  -43.37  -707.8    48.9    16.9  21.05  303595.   983  -663   320  -264  30.83
2024 284 22 33   -2.27   -5.87  -42.21  -702.7    54.9    43.9  26.18  215772.   935  -631   304  -270  29.81
2024 284 22 34   -3.17   -6.60  -41.80  -695.2    44.6    26.0  31.19  219692.  1026  -621   405  -241  29.14
2024 284 22 35   -5.82   -7.48  -40.54  -695.2    44.6    26.0  31.19  219692.  1497  -713   784  -214  28.26
2024 284 22 36   -5.78   -8.60  -41.35  -688.5    42.4    45.9  27.57  235724.  1438  -713   725  -216  28.59
2024 284 22 37   -6.17   -6.36  -46.51  -688.5    42.4    45.9  27.56  235647.  1417  -812   605  -224  32.16
2024 284 22 38   -5.56   -7.53  -47.04  -691.3    21.3    66.3  11.81   81576.  1434  -847   587  -222  32.68
2024 284 22 39   -6.13   -7.69  -45.70  -691.3    21.3    66.3  11.81   81617.  1397  -833   564  -216  31.75
2024 284 22 40   -3.89  -10.37  -46.51  -675.0    13.8    36.7   5.26  190610.  1187  -765   422  -218  31.45
2024 284 22 41   -3.30  -11.04  -46.33  -675.0    13.8    36.7   5.26  190610.   843  -605   238  -216  31.32
2024 284 22 42   -3.20  -10.39  -46.51  -683.6     9.2    40.7   4.22  155637.   896  -524   372  -217  31.85
2024 284 22 43   -3.42  -11.40  -46.12  -685.4     6.7    41.4   4.20  151919.  1028  -559   469  -216  31.67
2024 284 22 44   -3.85  -10.70  -45.72  -694.9    -6.7    44.8   4.08  132283.  1034  -530   504  -219  31.84
2024 284 22 45   -4.47  -10.21  -45.48  -692.7     8.0    45.7   3.84  147200.   940  -464   476  -223  31.57
2024 284 22 46   -5.64   -9.31  -45.11  -692.0    12.4    46.0   3.78  151674.   916  -578   338  -227  31.29
2024 284 22 47  -11.69   -5.93  -43.06  -698.6    13.2    57.9   4.43  211504.   893  -597   296  -229  30.19
2024 284 22 48  -10.60   -7.54  -43.19  -702.2    13.7    64.5   4.79  244720.   880  -605   275  -229  30.46
2024 284 22 49   -8.88   -9.36  -43.14  -702.2    13.7    64.5   4.79  244720.   843  -620   223  -234  30.43
2024 284 22 50   -8.12   -9.73  -43.71  -692.0     0.8    72.8   4.86  272152.   785  -657   128  -238  30.41
2024 284 22 51   -8.25  -10.30  -43.93  -692.0     0.8    72.8   4.86  272152.   761  -640   121  -243  30.57
2024 284 22 52   -7.51  -10.44  -43.46 99999.9 99999.9 99999.9 999.99 9999999.   687  -548   139  -247 999.99
2024 284 22 53   -6.19   -9.78  -43.78  -676.2    -8.4    44.1   4.69  282143.   704  -490   214  -249  29.67
2024 284 22 54   -6.17  -10.61  -43.60  -676.2    -8.4    44.1   4.69  282143.   575  -495    80  -257  29.55
2024 284 22 55   -7.67  -12.03  -42.63 99999.9 99999.9 99999.9 999.99 9999999.   563  -518    45  -266 999.99
2024 284 22 56   -2.65  -10.10  -45.04  -662.6    25.3    15.9   3.33  145142.   547  -502    45  -269  29.88
2024 284 22 57   -3.24  -10.33  -45.72  -662.6    25.3    15.9   3.33  145142.   528  -455    73  -271  30.33
2024 284 22 58   -2.15   -9.17  -45.85  -667.8     1.1    32.6   3.32  186494.   461  -415    46  -274  30.66
2024 284 22 59   -1.86   -9.75  -45.67  -667.9     0.6    32.9   3.32  187296.   451  -398    53  -280  30.54
2024 284 23  0   -0.65  -10.57  -45.67 99999.9 99999.9 99999.9 999.99 9999999.   488  -414    74  -283 999.99
2024 284 23  1    0.90   -9.16  -45.76 99999.9 99999.9 99999.9 999.99 9999999.   478  -419    59  -287 999.99
2024 284 23  2    0.49   -7.99  -45.89  -631.5    -1.0    39.3   3.67  239439.   498  -450    48  -282  29.04
2024 284 23  3    1.47   -9.81  -44.65  -631.5    -1.0    39.3   3.67  239439.   559  -445   114  -280  28.25
2024 284 23  4   -0.79   -9.93  -44.60 99999.9 99999.9 99999.9 999.99 9999999.   509  -454    55  -282 999.99
2024 284 23  5   -5.38   -7.93  -44.78 99999.9 99999.9 99999.9 999.99 9999999.   447  -412    35  -288 999.99
2024 284 23  6    0.63   -7.57  -45.02 99999.9 99999.9 99999.9 999.99 9999999.   418  -406    12  -291 999.99
2024 284 23  7    0.67  -10.20  -45.06 99999.9 99999.9 99999.9 999.99 9999999.   534  -462    72  -292 999.99
2024 284 23  8    4.35  -11.71  -44.61 99999.9 99999.9 99999.9 999.99 9999999.   585  -539    46  -304 999.99
2024 284 23  9    3.67  -11.41  -44.60  -640.7   -11.3    30.4   4.14  194158.   497  -526   -29  -297  28.61
2024 284 23 10    2.62  -10.30  -44.60  -640.7   -11.3    30.4   4.14  194158.   522  -492    30  -299  28.61
2024 284 23 11    1.30   -9.96  -44.75 99999.9 99999.9 99999.9 999.99 9999999.   430  -461   -31  -301 999.99
2024 284 23 12    0.77   -9.86  -44.64 99999.9 99999.9 99999.9 999.99 9999999.   345  -400   -55  -337 999.99
2024 284 23 13    2.27   -9.44  -44.50 99999.9 99999.9 99999.9 999.99 9999999.   492  -330   162  -378 999.99
2024 284 23 14    2.65   -8.96  -44.23  -645.1   -20.6    40.4   3.76  139857.   681  -312   369  -390  28.60
2024 284 23 15    1.42   -7.59  -42.88  -655.9   -31.8    81.8   7.52  123763.   735  -303   432  -370  28.40
2024 284 23 16    1.67   -7.56  -43.12  -653.2   -39.0    93.1   7.88  114406.   570  -366   204  -328  28.51
2024 284 23 17    1.09   -7.25  -43.13  -650.6   -30.3    65.1   7.35  182994.   496  -399    97  -306  28.24
2024 284 23 18    1.25   -7.15  -42.15  -682.3   -16.8    73.8   9.41  110133.   402  -387    15  -300  28.94
2024 284 23 19    2.79   -7.21  -41.98  -688.1   -35.7    77.5  11.24  104811.   506  -413    93  -288  29.10
2024 284 23 20    2.17   -6.25  -42.37  -689.1   -32.7    85.1  11.17  104856.   517  -419    98  -288  29.45
2024 284 23 21    3.22   -9.56  -40.96  -690.8   -32.6    89.1  11.12  105578.   510  -418    92  -288  28.57
2024 284 23 22    4.74  -14.00  -39.95  -696.3   -42.7    91.9  10.89  110775.   477  -425    52  -287  28.11
2024 284 23 23    3.73  -13.54  -40.48  -699.3   -48.6    97.7  10.12  112176.   494  -437    57  -282  28.65
2024 284 23 24    4.79  -11.87  -40.90  -683.9   -52.5   101.0   8.84   74282.   528  -461    67  -278  28.36
2024 284 23 25    4.62   -8.49  -41.52  -684.4   -51.2   100.5   8.92   77049.   479  -441    38  -278  28.80
2024 284 23 26    3.89   -7.11  -41.94  -691.9   -32.3    93.2  10.12  117680.   610  -512    98  -272  29.32
2024 284 23 27    3.51   -8.30  -42.23  -690.6   -27.7    89.2   9.34  106172.   849  -718   131  -271  29.43
2024 284 23 28    3.22  -10.21  -41.85  -690.5   -27.2    88.8   9.26  104951.   812  -715    97  -268  29.16
2024 284 23 29    2.25  -11.31  -41.19  -687.2   -31.2    79.3   9.70  115008.   732  -610   122  -256  28.52
2024 284 23 30    3.28  -11.04  -41.32  -688.1   -30.0    78.0   9.52  110864.   765  -578   187  -252  28.64
2024 284 23 31    5.30  -11.21  -41.11  -690.8   -26.4    73.5   8.98   97696.  1016  -819   197  -251  28.58
2024 284 23 32    4.68  -12.01  -40.95  -699.0   -29.1    45.6   8.56   64198.   788  -577   211  -249  28.71
2024 284 23 33    4.25  -11.88  -40.93  -699.0   -29.1    45.5   8.56   64061.   954  -732   222  -248  28.70
2024 284 23 34    4.13  -12.88  -40.54  -685.0   -34.2    76.3   9.21  108508.  1015  -811   204  -253  27.98
2024 284 23 35    4.06  -13.19  -40.41  -685.0   -34.2    76.3   9.21  108515.   832  -638   194  -256  27.89
2024 284 23 36    4.65  -15.71  -39.58  -686.5   -36.5    72.7   8.61  114113.   745  -557   188  -254  27.36
2024 284 23 37    5.73  -16.15  -38.88  -690.5   -24.8    82.1   8.29  108241.   745  -559   186  -248  27.06
2024 284 23 38    5.88  -15.85  -39.20  -692.2   -19.5    81.1   7.20  111152.   746  -583   163  -240  27.33
2024 284 23 39    5.58  -15.59  -39.48  -693.9   -16.8    77.7   6.68  118836.   731  -592   139  -244  27.57
2024 284 23 40    5.60  -14.11  -40.00  -694.1   -16.1    77.7   6.69  120475.   716  -574   142  -246  27.94
2024 284 23 41    7.11  -14.23  -39.82  -688.5   -17.4    78.8   6.45  140265.   696  -560   136  -252  27.60
2024 284 23 42    6.70  -12.32  -40.72  -688.5   -17.4    78.8   6.45  140265.   677  -533   144  -257  28.23
2024 284 23 43    6.69  -11.63  -41.03  -681.8   -34.6    69.8   5.19  154068.   629  -505   124  -263  28.16
2024 284 23 44    6.28  -11.18  -41.29  -690.3   -33.3    48.9   4.69  124875.   588  -483   105  -269  28.62
2024 284 23 45    5.24   -7.79  -42.31  -695.2   -29.9    40.2   4.35  115168.   536  -454    82  -271  29.50
2024 284 23 46    5.99   -7.55  -42.42  -689.6   -18.5    70.4   4.38  168090.   530  -435    95  -274  29.41
2024 284 23 47    6.61   -7.49  -42.21  -689.6   -18.5    70.4   4.38  168090.   494  -432    62  -278  29.27
2024 284 23 48    6.47   -5.94  -42.63 99999.9 99999.9 99999.9 999.99 9999999.   490  -433    57  -283 999.99
2024 284 23 49    6.59   -5.56  -42.60 99999.9 99999.9 99999.9 999.99 9999999.   434  -419    15  -290 999.99
2024 284 23 50    6.37   -6.96  -42.47  -684.0    -9.7    34.6   2.79  127795.   416  -387    29  -292  29.09
2024 284 23 51    6.41   -6.58  -42.52  -684.0    -9.7    34.6   2.79  127795.   420  -369    51  -290  29.12
2024 284 23 52    6.77   -6.83  -42.35  -685.4   -25.6    35.8   2.66  147758.   470  -372    98  -289  29.09
2024 284 23 53    7.10   -6.12  -42.38  -686.6   -33.6    35.4   2.66  161655.   482  -379   103  -292  29.17
2024 284 23 54    6.93   -6.28  -42.36  -692.9   -34.5    38.6   2.40  159736.   468  -376    92  -292  29.43
2024 284 23 55    7.17   -5.75  -42.21  -702.3   -29.2    46.3   1.85  137540.   455  -371    84  -294  29.73
2024 284 23 56    7.43   -7.25  -42.01  -700.5   -56.9    37.1   1.94  129245.   412  -357    55  -296  29.57
2024 284 23 57    7.68   -7.12  -41.90  -699.8   -55.5    39.5   1.96  136340.   446  -357    89  -296  29.46
2024 284 23 58    7.89   -6.38  -41.93  -703.0   -51.2    46.8   1.90  156640.   470  -354   116  -297  29.62
2024 284 23 59    8.05   -6.89  -41.73  -715.0   -52.6    43.5   1.65  145680.   500  -353   147  -297  29.97
2024 285  0  0    8.17   -6.58  -41.51  -716.7   -28.9    47.8   1.98  177334.   507  -365   142  -298  29.84
2024 285  0  1    7.97   -6.47  -41.55  -716.3   -39.7    45.6   1.86  168118.   510  -353   157  -298  29.88
2024 285  0  2    7.97   -6.59  -41.47  -717.8   -44.8    44.9   1.80  150027.   507  -344   163  -299  29.90
2024 285  0  3    7.74   -6.01  -41.37  -713.2   -42.5    46.2   2.01  173176.   496  -338   158  -299  29.62
2024 285  0  4    8.00   -5.84  -41.20  -711.5   -34.4    47.0   2.12  179757.   499  -344   155  -299  29.42
2024 285  0  5    8.60   -5.57  -40.97  -710.8   -26.1    47.9   2.20  183146.   511  -350   161  -298  29.21
2024 285  0  6    8.76   -5.37  -40.89 99999.9 99999.9 99999.9 999.99 9999999.   502  -342   160  -298 999.99
2024 285  0  7    8.88   -5.40  -40.80  -704.3   -45.0    60.0   2.75  190135.   520  -344   176  -298  28.90
2024 285  0  8    9.29   -4.99  -40.65  -704.3   -45.0    60.0   2.75  190135.   545  -345   200  -298  28.79
2024 285  0  9   10.27   -4.79  -40.35  -704.3   -45.0    60.0   2.75  190135.   581  -335   246  -297  28.58
2024 285  0 10   10.00   -4.96  -40.34 99999.9 99999.9 99999.9 999.99 9999999.   595  -329   266  -297 999.99
2024 285  0 11   10.32   -5.03  -40.28  -698.0   -36.0    66.2   2.81  200794.   598  -325   273  -297  28.28
2024 285  0 12    9.90   -5.19  -40.31  -698.0   -36.0    66.2   2.81  200794.   607  -321   286  -297  28.30
2024 285  0 13    9.82   -5.33  -40.32 99999.9 99999.9 99999.9 999.99 9999999.   597  -325   272  -297 999.99
2024 285  0 14    9.75   -5.30  -40.38  -715.9   -33.0    35.9   2.23  130872.   577  -325   252  -295  28.97
2024 285  0 15    9.44   -5.18  -40.39  -715.9   -33.0    35.9   2.23  130872.   562  -320   242  -295  28.98
2024 285  0 16    9.55   -4.93  -40.38  -715.9   -33.0    35.9   2.23  130872.   621  -379   242  -295  28.97
2024 285  0 17    9.60   -5.03  -40.34 99999.9 99999.9 99999.9 999.99 9999999.   710  -468   242  -295 999.99
2024 285  0 18    9.52   -4.97  -40.30 99999.9 99999.9 99999.9 999.99 9999999.   784  -563   221  -296 999.99
2024 285  0 19    9.36   -4.95  -40.31  -709.8   -33.9    66.8   2.79  174268.   926  -728   198  -297  28.77
2024 285  0 20    9.11   -4.88  -40.37  -709.8   -33.9    66.8   2.79  174268.   867  -716   151  -298  28.82
2024 285  0 21    9.53   -4.78  -40.23 99999.9 99999.9 99999.9 999.99 9999999.   698  -591   107  -298 999.99
2024 285  0 22    9.70   -4.65  -40.19  -705.6   -37.1    71.0   2.77  157731.   584  -491    93  -299  28.54
2024 285  0 23    9.91   -5.10  -40.05  -705.6   -37.1    71.0   2.77  157731.   644  -534   110  -300  28.44
2024 285  0 24   10.30   -5.65  -39.81  -705.6   -37.1    71.0   2.77  157731.   699  -617    82  -300  28.27
2024 285  0 25   10.35   -4.29  -39.92  -706.3   -28.2    76.0   3.08  196151.   667  -671    -4  -301  28.38
2024 285  0 26   10.29   -3.75  -40.00  -706.3   -28.2    76.0   3.08  196151.   680  -708   -28  -300  28.44
2024 285  0 27    9.78   -3.73  -40.10  -702.9   -32.2    68.5   2.79  227786.   698  -727   -29  -299  28.35
2024 285  0 28    9.49   -2.89  -40.26  -702.9   -32.2    68.5   2.79  227786.   690  -719   -29  -298  28.46
2024 285  0 29    9.99   -1.82  -40.14 99999.9 99999.9 99999.9 999.99 9999999.   730  -713    17  -298 999.99
2024 285  0 30    9.83   -2.65  -39.91 99999.9 99999.9 99999.9 999.99 9999999.   752  -711    41  -299 999.99
2024 285  0 31   10.80   -5.56  -39.15 99999.9 99999.9 99999.9 999.99 9999999.   784  -726    58  -299 999.99
2024 285  0 32   11.37   -8.14  -38.39 99999.9 99999.9 99999.9 999.99 9999999.   754  -671    83  -299 999.99
2024 285  0 33   11.24   -8.03  -38.00  -699.5   -16.7    63.2   5.53  181485.   880  -741   139  -297  26.70
2024 285  0 34   10.56   -7.42  -37.91  -700.3   -20.1    65.5   5.76  192379.   931  -731   200  -297  26.68
2024 285  0 35    8.75   -4.09  -38.05  -703.6   -33.7    74.7   6.65  235195.   922  -711   211  -293  26.95
2024 285  0 36    9.59   -5.04  -37.87  -681.4   -52.4    38.0   6.99  243277.  1152  -951   201  -295  25.93
2024 285  0 37   11.41   -8.86  -33.62  -688.3   -55.1    42.8  12.78  203105.  1375 -1128   247  -298  23.26
2024 285  0 38   10.14   -7.50  -34.15  -697.2   -57.5    50.0  19.66  155944.  1397 -1188   209  -299  23.95
2024 285  0 39    8.09   -3.43  -35.48  -697.6   -53.9    41.3  16.82  183879.  1317 -1232    85  -302  24.87
2024 285  0 40    8.34   -3.34  -35.68  -697.6   -53.9    41.3  16.82  183879.  1326 -1414   -88  -301  25.01
2024 285  0 41    5.98    2.28  -37.20  -713.2     7.0    31.8  10.42  203522.  1472 -1578  -106  -292  26.56
2024 285  0 42    7.78   -1.90  -37.91  -713.2     7.0    31.8  10.42  203522.  1325 -1529  -204  -301  27.07
2024 285  0 43    7.76   -0.87  -38.14  -706.7    -7.2    37.1  10.20  259826.  1403 -1589  -186  -308  26.99
2024 285  0 44    6.82   -0.14  -38.01  -706.4    -7.9    37.4  10.19  262501.  1260 -1507  -247  -312  26.89
2024 285  0 45    7.21   -0.05  -37.67  -701.9   -16.9    26.0   8.93  205617.  1191 -1414  -223  -312  26.46
2024 285  0 46    6.60   -1.26  -37.41  -697.3   -22.3    29.1   9.30  206258.  1032 -1218  -186  -312  26.12
2024 285  0 47    6.43   -0.92  -37.10  -695.9   -22.2    28.7  11.24  231734.   954 -1157  -203  -314  25.85
2024 285  0 48    5.27   -1.56  -37.30  -693.0   -22.8    24.8  11.47  240103.  1082 -1287  -205  -315  25.88
2024 285  0 49    4.84   -0.81  -37.61  -692.6   -23.0    24.4  11.47  241117.  1079 -1336  -257  -317  26.08
2024 285  0 50    4.94    1.74  -37.49  -696.1    -5.1    31.3   9.26  184747.   955 -1228  -273  -320  26.12
2024 285  0 51    4.61    1.73  -37.42  -696.1    -4.9    31.2   9.30  184440.  1014 -1294  -280  -324  26.07
2024 285  0 52    4.38    0.56  -37.23  -696.0     4.5    28.3  11.09  170265.  1085 -1380  -295  -327  25.93
2024 285  0 53    4.77   -7.97  -36.60  -696.0     4.5    28.3  11.09  170265.  1195 -1482  -287  -327  25.50
2024 285  0 54    5.37   -9.62  -36.30 99999.9 99999.9 99999.9 999.99 9999999.  1226 -1485  -259  -329 999.99
2024 285  0 55    5.26  -11.36  -35.99  -694.5   -15.3    49.9   8.35  194364.  1172 -1407  -235  -328  25.07
2024 285  0 56    5.27  -12.30  -35.80  -694.5   -15.3    49.9   8.35  194364.  1162 -1291  -129  -329  24.93
2024 285  0 57    4.60  -16.73  -34.32  -695.9    -2.9    44.9   8.26  182448.  1095 -1208  -113  -329  23.93
2024 285  0 58    4.32  -19.72  -32.69  -695.9    -2.8    44.9   8.26  182348.  1144 -1247  -103  -332  22.79
2024 285  0 59    3.96  -28.04  -26.16  -694.5    -5.6    37.4   9.07  225342.  1200 -1243   -43  -327  18.19
2024 285  1  0    4.23  -30.14  -23.58  -694.5    -5.6    37.4   9.07  225342.  1216 -1231   -15  -327  16.40
2024 285  1  1    4.99  -27.76  -26.13  -699.5    -4.1    38.0   5.86  198154.  1256 -1238    18  -328  18.30
2024 285  1  2    5.89  -26.48  -27.24  -696.8    -7.7    33.2   5.68  194024.  1185 -1273   -88  -336  19.01
2024 285  1  3    6.12  -26.74  -26.91  -693.8   -11.7    27.8   5.47  189389.  1012 -1149  -137  -339  18.69
2024 285  1  4    4.40  -28.38  -25.58 99999.9 99999.9 99999.9 999.99 9999999.  1001 -1092   -91  -337 999.99
2024 285  1  5    4.75  -28.02  -25.83  -693.2    12.9    27.7   6.10  173231.   975 -1051   -76  -337  17.92
2024 285  1  6    4.83  -27.21  -26.13  -695.7    12.4    32.8   6.27  188976.  1000 -1095   -95  -337  18.20
2024 285  1  7    5.74  -26.18  -26.71  -701.4     4.7    47.0   6.66  207305.   957 -1033   -76  -336  18.78
2024 285  1  8    4.64  -26.78  -25.52  -692.7    13.0    25.8   7.53  170749.   828  -916   -88  -335  17.70
2024 285  1  9    3.66  -26.57  -25.28  -693.1    19.1    32.4   8.11  168610.   859  -896   -37  -334  17.55
2024 285  1 10    3.54  -26.49  -25.66  -695.1    22.4    42.0   8.54  168217.   930  -925     5  -333  17.88
2024 285  1 11    3.03  -26.80  -25.42 99999.9 99999.9 99999.9 999.99 9999999.   928  -928     0  -331 999.99
2024 285  1 12    2.65  -26.84  -25.50  -690.5    18.7    36.7   8.04  164790.   794  -870   -76  -329  17.64
2024 285  1 13    2.86  -26.80  -25.51  -690.5    18.7    36.7   8.04  164790.   623  -744  -121  -328  17.65
2024 285  1 14    2.64  -26.85  -25.44 99999.9 99999.9 99999.9 999.99 9999999.   675  -761   -86  -329 999.99
2024 285  1 15    5.94  -25.92  -25.20  -682.6    15.8    25.7   9.02  115801.   804  -832   -28  -328  17.22
2024 285  1 16    7.48  -25.35  -25.18  -682.6    15.8    25.7   9.02  115801.   840  -839     1  -328  17.20
2024 285  1 17    6.14  -25.64  -25.27  -682.6    15.8    25.7   9.02  115801.   795  -850   -55  -331  17.26
2024 285  1 18    5.76  -25.85  -25.03 99999.9 99999.9 99999.9 999.99 9999999.   701  -820  -119  -332 999.99
2024 285  1 19    5.46  -25.56  -25.39  -681.6    23.3    48.0  11.35  162901.   679  -833  -154  -333  17.36
2024 285  1 20    5.04  -26.12  -24.87  -681.6    23.3    48.0  11.35  162901.   641  -801  -160  -334  17.00
2024 285  1 21    5.15  -25.90  -26.19  -679.1    14.8    31.8   8.85  154535.   616  -778  -162  -335  17.81
2024 285  1 22    6.31  -25.18  -26.37  -679.1    14.8    31.8   8.85  154535.   680  -838  -158  -337  17.93
2024 285  1 23    6.53  -24.76  -26.14  -678.1    31.4    35.5  10.21  147702.   825  -976  -151  -335  17.77
2024 285  1 24    7.30  -24.22  -26.41  -677.7    37.2    36.8  10.69  145320.   896 -1053  -157  -332  17.95
2024 285  1 25    7.05  -23.74  -26.97  -675.3    33.0    40.0  10.28  147941.  1078 -1229  -151  -332  18.27
2024 285  1 26    7.38  -23.16  -27.38  -675.3    33.0    40.0  10.28  147941.  1181 -1344  -163  -334  18.54
2024 285  1 27    7.58  -23.32  -27.56  -674.7    29.9    44.0   9.20  148600.  1208 -1349  -141  -334  18.65
2024 285  1 28    8.01  -23.09  -27.56  -674.7    29.9    44.0   9.20  148600.  1237 -1356  -119  -335  18.65
2024 285  1 29    8.53  -21.53  -28.50  -674.7    29.9    44.0   9.20  148600.  1308 -1410  -102  -333  19.29
2024 285  1 30    7.18  -22.36  -27.55  -671.6    56.8    77.8  10.59  113431.  1179 -1232   -53  -332  18.69
2024 285  1 31    8.07  -15.56  -31.79  -671.6    56.8    77.8  10.59  113431.   855  -916   -61  -332  21.57
2024 285  1 32    9.16  -17.75  -30.32  -683.2    22.1    57.2  13.74  144550.   916  -886    30  -331  20.80
2024 285  1 33    8.87  -17.67  -30.27  -683.2    22.1    57.2  13.74  144550.   857  -822    35  -328  20.76
2024 285  1 34    8.76  -19.69  -28.76  -676.2   -30.5    74.4  13.04  122894.   815  -815     0  -328  19.58
2024 285  1 35    9.03  -21.98  -27.21  -676.5   -18.1    69.4  12.33  120526.   804  -830   -26  -330  18.52
2024 285  1 36    8.20  -22.67  -27.07  -677.8    27.4    51.1   9.76  111812.   636  -704   -68  -335  18.42
2024 285  1 37    7.82  -21.95  -27.66  -671.0    20.8    51.7  11.11   98740.   418  -490   -72  -333  18.62
2024 285  1 38    8.71  -21.72  -27.41  -670.7    20.5    51.7  11.18   98111.   351  -482  -131  -333  18.45
2024 285  1 39    8.74  -21.45  -27.55  -670.3    27.9    48.8   8.82  180170.   315  -471  -156  -335  18.53
2024 285  1 40    8.71  -20.54  -28.20  -670.3    28.8    48.5   8.53  190135.   350  -512  -162  -339  18.97
2024 285  1 41    9.31  -16.20  -31.08  -670.7     8.7    44.5   9.06  151378.   368  -528  -160  -340  20.89
2024 285  1 42    9.82  -17.62  -30.13  -670.7     6.3    44.0   9.12  146846.   321  -470  -149  -341  20.25
2024 285  1 43    9.06  -18.05  -30.06  -663.0     7.8    42.2   7.89  183787.   377  -423   -46  -338  19.97
2024 285  1 44    9.68  -19.11  -28.86  -663.2     3.4    48.1   8.28  188664.   463  -451    12  -338  19.19
2024 285  1 45    9.62  -18.54  -29.25  -663.6     0.9    51.6   8.58  190142.   580  -498    82  -342  19.47
2024 285  1 46    9.91  -18.25  -29.28  -661.4    12.0    44.1   8.93  195325.   647  -516   131  -346  19.41
2024 285  1 47    8.91  -19.11  -29.15  -661.4    12.0    44.1   8.93  195325.   671  -504   167  -345  19.33
2024 285  1 48    8.92  -19.21  -28.41  -661.6    25.4    64.8   8.88  148840.   665  -481   184  -341  18.90
2024 285  1 49    9.71  -19.34  -27.97  -661.5    25.9    64.1   8.91  152152.   580  -413   167  -340  18.60
2024 285  1 50   10.03  -19.14  -27.96  -660.6    33.3    53.5   9.35  200863.   533  -396   137  -339  18.55
2024 285  1 51    9.72  -19.43  -28.00  -665.2    25.9    55.1   9.14  200105.   511  -389   122  -338  18.70
2024 285  1 52    9.75  -19.17  -28.23  -666.1    24.4    55.5   9.10  199889.   478  -356   122  -334  18.88
2024 285  1 53   10.75  -19.21  -27.71  -667.5     8.4    54.8   9.28  187499.   451  -354    97  -334  18.56
2024 285  1 54   10.57  -18.66  -28.14  -667.5     8.4    54.8   9.28  187499.   415  -343    72  -332  18.85
2024 285  1 55    9.87  -18.46  -28.77  -661.4     7.3    58.6   8.49  157114.   394  -347    47  -331  19.10
2024 285  1 56    9.36  -18.68  -28.78  -661.4     7.3    58.6   8.49  157114.   416  -367    49  -330  19.11
2024 285  1 57   10.13  -18.36  -28.69  -661.1     1.2    57.8   8.47  176026.   466  -370    96  -329  19.04
2024 285  1 58    9.60  -18.50  -28.80  -661.1     1.2    57.8   8.47  176026.   479  -370   109  -329  19.11
2024 285  1 59    9.25  -19.04  -28.53  -646.4     6.4    64.4   8.04  175961.   495  -372   123  -328  18.53
2024 285  2  0   10.18  -18.93  -27.82  -646.4     6.4    64.4   8.04  175961.   532  -391   141  -327  18.07
2024 285  2  1   12.44  -18.03  -27.20  -646.4     6.4    64.4   8.04  175961.   561  -399   162  -325  17.67
2024 285  2  2   11.79  -21.04  -24.99  -658.4    13.2    54.4   8.70  201422.   558  -394   164  -320  16.51
2024 285  2  3    9.56  -19.60  -27.32  -658.4    13.2    54.4   8.70  201422.   545  -389   156  -318  18.05
2024 285  2  4    8.59  -18.96  -28.28  -658.4    12.7    54.2   8.65  202037.   528  -377   151  -315  18.68
2024 285  2  5    8.64  -18.19  -28.91  -659.0     4.9    51.1   7.89  210886.   505  -360   145  -314  19.11
2024 285  2  6    8.36  -17.94  -28.67  -661.0    -6.3    60.8   7.68  224054.   448  -344   104  -311  19.03
2024 285  2  7    8.89  -18.89  -27.83  -661.8   -10.9    64.8   7.60  229422.   429  -336    93  -310  18.51
2024 285  2  8    8.67  -18.67  -28.07  -657.3   -16.0    66.9   7.60  252633.   405  -323    82  -311  18.55
2024 285  2  9    8.50  -18.48  -28.10  -657.3   -16.0    66.9   7.60  252633.   408  -331    77  -314  18.57
2024 285  2 10    8.95  -19.00  -27.32  -649.3   -27.6    88.0   7.42  239287.   422  -341    81  -313  17.92
2024 285  2 11    8.52  -19.79  -26.76  -649.3   -27.6    88.0   7.42  239287.   430  -344    86  -315  17.55
2024 285  2 12   10.46  -22.11  -24.34  -649.6   -38.6    97.9   6.78  211269.   432  -350    82  -317  16.02
2024 285  2 13   10.43  -19.83  -26.17  -649.5   -39.0    97.6   6.71  211788.   411  -341    70  -316  17.22
2024 285  2 14   10.28  -20.05  -25.89  -647.8   -21.2    70.3   6.72  286207.   394  -327    67  -308  16.88
2024 285  2 15   10.32  -21.64  -24.59  -656.5    -6.7    84.0   6.94  251316.   417  -339    78  -296  16.28
2024 285  2 16    8.98  -18.75  -28.04  -658.6    -3.2    87.3   6.99  242953.   410  -345    65  -285  18.63
2024 285  2 17   10.19  -20.49  -26.39  -654.8    -8.6    86.1   6.26  268432.   394  -332    62  -276  17.43
2024 285  2 18   10.40  -18.04  -27.91  -654.8    -8.6    86.1   6.26  268432.   355  -321    34  -276  18.43
2024 285  2 19   10.29  -17.27  -28.34  -638.9    12.3    92.4   7.27  348070.   344  -325    19  -279  18.30
2024 285  2 20    9.93  -15.35  -29.44  -638.9    12.3    92.4   7.27  348070.   333  -313    20  -287  19.01
2024 285  2 21   10.28  -13.18  -29.89  -649.7    70.1    80.0   6.55  283443.   318  -316     2  -296  19.68
2024 285  2 22    9.10  -15.34  -30.05  -659.3    34.9    72.5   5.23  262265.   314  -312     2  -302  19.99
2024 285  2 23   10.14  -15.44  -29.58  -678.3   -15.0    71.7   4.47  265665.   362  -315    47  -307  20.19
2024 285  2 24    9.60  -15.74  -30.23  -669.6   -17.3    58.4   3.67  245593.   353  -314    39  -306  20.33
2024 285  2 25    8.78  -17.35  -29.55  -661.5   -15.5    47.8   2.81  207118.   435  -378    57  -305  19.61
2024 285  2 26    8.91  -17.89  -29.14  -656.5   -12.4    61.0   3.02  234885.   560  -489    71  -299  19.21
2024 285  2 27    8.89  -17.77  -28.92  -660.6   -13.2    64.6   3.02  271789.   584  -500    84  -293  19.20
2024 285  2 28    7.71  -18.26  -28.62  -664.6   -14.2    67.5   3.01  304724.   646  -554    92  -287  19.12
2024 285  2 29    6.42  -18.51  -28.79  -686.0   -34.1    64.2   3.64  341766.   619  -538    81  -283  19.86
2024 285  2 30    6.69  -18.58  -28.46  -686.7   -38.3    58.6   3.76  363892.   682  -609    73  -281  19.65
2024 285  2 31    5.94  -19.63  -27.80  -684.7   -24.5    59.8   4.03  370906.   627  -563    64  -279  19.12
2024 285  2 32    5.53  -19.62  -27.73  -683.8   -18.3    60.9   4.12  371488.   699  -661    38  -279  19.04
2024 285  2 33    5.56  -19.37  -27.81  -693.2   -46.2    45.8   4.08  340948.   665  -630    35  -277  19.36
2024 285  2 34    6.48  -19.03  -27.77  -693.2   -46.2    45.8   4.08  340948.   665  -629    36  -275  19.33
2024 285  2 35    7.84  -18.68  -27.64  -693.2   -46.2    45.8   4.08  340948.   621  -584    37  -273  19.24
2024 285  2 36    7.57  -18.43  -27.87  -690.7   -44.7    45.5   4.28  366009.   592  -562    30  -270  19.33
2024 285  2 37    7.27  -17.97  -28.29  -690.7   -44.7    45.5   4.28  366009.   576  -572     4  -270  19.62
2024 285  2 38    7.20  -18.05  -28.10  -686.0   -54.9    52.8   4.34  427498.   610  -617    -7  -269  19.40
2024 285  2 39    6.87  -17.62  -28.67  -685.9   -54.5    51.6   4.28  420569.   515  -569   -54  -270  19.79
2024 285  2 40    7.79  -17.90  -28.48  -685.3   -51.5    42.0   3.84  365350.   479  -569   -90  -272  19.61
2024 285  2 41    8.73  -16.99  -28.98  -678.1   -41.5    36.7   3.69  259840.   617  -699   -82  -274  19.72
2024 285  2 42    9.68  -14.87  -29.78  -678.7   -40.9    36.5   3.64  249882.   678  -757   -79  -277  20.28
2024 285  2 43   10.21  -14.33  -29.97  -689.3   -44.4    39.7   3.44  257887.   778  -806   -28  -279  20.74
2024 285  2 44   10.22  -14.36  -30.05  -687.1   -25.8    27.0   2.52  421056.   869  -828    41  -281  20.68
2024 285  2 45   10.00  -14.47  -30.00  -678.0   -17.0    29.4   2.52  406101.  1072  -992    80  -284  20.37
2024 285  2 46   10.02  -14.84  -29.74  -679.4   -26.6    32.5   2.56  343129.  1229 -1097   132  -285  20.25
2024 285  2 47   10.14  -14.56  -29.72  -675.6   -15.3    29.9   2.64  373382.  1269 -1161   108  -285  20.11
2024 285  2 48   10.07  -14.65  -29.68  -673.4   -24.0    31.8   2.74  367949.  1201 -1123    78  -286  20.03
2024 285  2 49    9.34  -14.65  -29.96  -679.3   -25.2    36.7   3.22  229456.  1070 -1063     7  -286  20.40
2024 285  2 50   11.14  -13.95  -29.69  -681.4   -24.2    38.8   3.36  191971.  1132 -1144   -12  -285  20.28
2024 285  2 51   12.89  -13.35  -29.28  -669.4    -3.4    47.7   3.19  192100.  1176 -1192   -16  -284  19.65
2024 285  2 52   12.81  -12.92  -29.49  -668.8    -2.3    48.2   3.18  192107.  1127 -1157   -30  -282  19.77
2024 285  2 53   12.43  -12.93  -29.50  -656.1     5.8    51.7   3.76  233238.  1053 -1094   -41  -281  19.41
2024 285  2 54   10.84  -13.53  -29.57  -658.8     5.5    50.4   3.77  238118.   953 -1001   -48  -280  19.54
2024 285  2 55   10.71  -13.73  -29.48  -661.7     9.4    52.2   3.75  240106.  1004 -1044   -40  -278  19.57
2024 285  2 56   10.61  -14.06  -29.42  -658.5    14.2    56.4   3.66  223138.  1003 -1011    -8  -276  19.45
2024 285  2 57   11.46  -13.26  -29.49  -659.9    12.9    54.0   3.62  218890.  1080 -1062    18  -275  19.53
2024 285  2 58   11.14  -13.32  -29.58 99999.9 99999.9 99999.9 999.99 9999999.  1189 -1156    33  -275 999.99
2024 285  2 59   11.01  -14.23  -29.17 99999.9 99999.9 99999.9 999.99 9999999.  1235 -1196    39  -275 999.99
2024 285  3  0   11.87  -12.62  -29.55 99999.9 99999.9 99999.9 999.99 9999999.  1189 -1194    -5  -276 999.99
2024 285  3  1   11.96  -12.21  -29.61 99999.9 99999.9 99999.9 999.99 9999999.  1164 -1200   -36  -276 999.99
2024 285  3  2   11.30  -13.31  -29.41 99999.9 99999.9 99999.9 999.99 9999999.  1159 -1201   -42  -277 999.99
2024 285  3  3   11.68  -13.20  -29.30 99999.9 99999.9 99999.9 999.99 9999999.  1202 -1263   -61  -277 999.99
2024 285  3  4   11.87  -13.03  -29.24 99999.9 99999.9 99999.9 999.99 9999999.  1145 -1216   -71  -277 999.99
2024 285  3  5   11.63  -13.11  -29.27  -659.7    20.3    75.3   3.23  247189.  1033 -1091   -58  -277  19.44
2024 285  3  6   11.89  -13.23  -28.90  -659.7    20.3    75.3   3.23  247189.   964 -1019   -55  -278  19.20
2024 285  3  7   11.60  -13.02  -28.72  -637.2    60.3    77.4   3.42  284275.   941 -1000   -59  -278  18.52
2024 285  3  8   10.73  -13.65  -29.00  -660.1    23.1    75.4   3.29  288837.   925  -997   -72  -280  19.29
2024 285  3  9   12.25  -12.48  -28.98  -650.0    24.1    73.7   3.22  233930.   939  -990   -51  -280  18.97
2024 285  3 10   11.72  -13.18  -28.89  -638.3    25.0    67.1   3.19  179042.   922  -988   -66  -280  18.56
2024 285  3 11   11.28  -14.15  -28.56  -640.0    19.7    72.1   3.31  185617.   883  -980   -97  -279  18.40
2024 285  3 12   11.56  -14.04  -28.53  -640.0    19.7    72.1   3.31  185617.   951 -1052  -101  -277  18.38
2024 285  3 13   11.53  -13.79  -28.79  -652.6    13.4    25.6   3.04  117235.   824  -954  -130  -278  18.81
2024 285  3 14   12.16  -13.54  -28.67  -652.6    13.4    25.6   3.04  117235.   811  -959  -148  -278  18.73
2024 285  3 15   12.49  -13.41  -28.60 99999.9 99999.9 99999.9 999.99 9999999.   860 -1012  -152  -278 999.99
2024 285  3 16   12.95  -13.60  -28.32 99999.9 99999.9 99999.9 999.99 9999999.   864 -1017  -153  -278 999.99
2024 285  3 17   12.80  -13.98  -28.16 99999.9 99999.9 99999.9 999.99 9999999.   813  -973  -160  -276 999.99
2024 285  3 18   12.48  -13.55  -28.52  -634.9    16.2    62.5   3.89  205633.   728  -889  -161  -276  18.20
2024 285  3 19   12.35  -13.48  -28.75  -634.9    16.2    62.5   3.89  205633.   669  -830  -161  -277  18.35
2024 285  3 20   12.60  -13.04  -28.77 99999.9 99999.9 99999.9 999.99 9999999.   651  -802  -151  -278 999.99
2024 285  3 21   11.06  -13.45  -29.19  -647.1     7.7    23.6   3.27  200515.   673  -812  -139  -280  18.90
2024 285  3 22   10.97  -13.28  -29.29  -647.1     7.7    23.6   3.27  200515.   676  -799  -123  -281  18.97
2024 285  3 23   11.49  -13.35  -29.07  -647.1     7.7    23.6   3.27  200515.   707  -804   -97  -282  18.83
2024 285  3 24   12.52  -13.18  -28.76  -644.4    28.6    30.4   3.38  195600.   710  -798   -88  -284  18.57
2024 285  3 25   12.75  -13.23  -28.65  -644.4    28.6    30.4   3.38  195600.   804  -851   -47  -285  18.50
2024 285  3 26   12.53  -13.14  -28.72 99999.9 99999.9 99999.9 999.99 9999999.   830  -849   -19  -286 999.99
2024 285  3 27   12.38  -13.19  -28.80 99999.9 99999.9 99999.9 999.99 9999999.   838  -829     9  -287 999.99
2024 285  3 28   12.41  -13.38  -28.74 99999.9 99999.9 99999.9 999.99 9999999.   876  -844    32  -287 999.99
2024 285  3 29   12.50  -13.20  -28.84  -638.8    17.6    32.0   3.56  215844.   890  -854    36  -286  18.45
2024 285  3 30   12.40  -13.30  -28.84  -638.8    17.6    32.0   3.56  215844.   946  -923    23  -286  18.45
2024 285  3 31   11.18  -13.51  -29.09  -638.8    17.6    32.0   3.56  215844.  1020 -1000    20  -286  18.61
2024 285  3 32   10.42  -13.64  -29.43  -638.0    28.3    40.8   3.53  179964.  1108 -1084    24  -285  18.83
2024 285  3 33   10.47  -13.90  -29.27  -638.0    28.3    40.8   3.53  179964.  1139 -1116    23  -284  18.73
2024 285  3 34   10.91  -13.77  -29.17 99999.9 99999.9 99999.9 999.99 9999999.  1143 -1118    25  -283 999.99
2024 285  3 35   11.39  -13.68  -29.08  -642.7    25.3    42.8   4.07  309551.  1122 -1087    35  -282  18.74
2024 285  3 36   11.43  -13.33  -29.31  -642.7    25.3    42.8   4.07  309551.  1063 -1037    26  -281  18.89
2024 285  3 37   11.50  -13.55  -29.23  -642.7    25.3    42.8   4.07  309551.   999  -976    23  -281  18.84
2024 285  3 38   11.77  -13.29  -29.25  -644.9    29.4    44.0   3.78  296196.   908  -886    22  -281  18.93
2024 285  3 39   11.72  -13.43  -29.17  -644.9    29.4    44.0   3.78  296196.   916  -905    11  -280  18.88
2024 285  3 40   11.66  -13.71  -28.97  -644.9    29.4    44.0   3.78  296196.   930  -918    12  -279  18.75
2024 285  3 41   11.60  -13.37  -28.97 99999.9 99999.9 99999.9 999.99 9999999.   955  -938    17  -280 999.99
2024 285  3 42   11.43  -13.55  -29.08 99999.9 99999.9 99999.9 999.99 9999999.   913  -888    25  -280 999.99
2024 285  3 43   11.37  -13.19  -29.36  -622.4    64.8    18.4   3.29  343952.   858  -828    30  -280  18.38
2024 285  3 44   12.21  -12.02  -29.42  -622.4    64.8    18.4   3.29  343952.   870  -837    33  -280  18.42
2024 285  3 45   11.23  -12.74  -29.38 99999.9 99999.9 99999.9 999.99 9999999.   927  -882    45  -280 999.99
2024 285  3 46   13.55  -12.82  -28.36  -630.2    31.4    55.4   4.04  327192.   989  -919    70  -280  17.96
2024 285  3 47   14.92  -13.09  -27.69  -630.2    31.4    55.4   4.04  327192.   941  -853    88  -281  17.54
2024 285  3 48   13.92  -13.23  -28.06  -630.2    31.4    55.4   4.04  327192.   915  -818    97  -281  17.77
2024 285  3 49   14.07  -14.01  -27.63  -634.4    30.4    50.3   3.49  218745.   957  -861    96  -282  17.60
2024 285  3 50   13.73  -13.84  -27.81  -634.4    30.4    50.3   3.49  218745.  1047  -947   100  -281  17.72
2024 285  3 51   12.97  -14.23  -27.95  -634.4    30.4    50.3   3.49  218745.  1075  -977    98  -282  17.81
2024 285  3 52   13.36  -13.53  -27.88 99999.9 99999.9 99999.9 999.99 9999999.  1011  -920    91  -282 999.99
2024 285  3 53   13.60  -13.90  -27.68  -616.7    23.5    29.7   3.19  216495.   971  -878    93  -282  17.10
2024 285  3 54   12.91  -13.75  -28.11  -616.7    23.5    29.7   3.19  216495.   999  -907    92  -283  17.37
2024 285  3 55   12.81  -14.15  -27.85  -614.5    -2.4    40.6   3.53  302580.   968  -872    96  -283  17.15
2024 285  3 56   13.67  -14.01  -27.52  -614.5    -2.4    40.6   3.53  302580.  1008  -909    99  -282  16.95
2024 285  3 57   12.54  -14.03  -27.99  -614.5    -2.4    40.6   3.53  302580.  1061  -971    90  -283  17.24
2024 285  3 58   11.75  -13.66  -28.58 99999.9 99999.9 99999.9 999.99 9999999.  1047  -967    80  -282 999.99
2024 285  3 59   11.55  -13.53  -28.75  -634.4    20.8    42.1   3.56  235799.  1019  -940    79  -283  18.29
2024 285  4  0   12.17  -13.10  -28.69  -634.4    20.8    42.1   3.56  235799.  1031  -955    76  -282  18.25
2024 285  4  1   11.95  -13.09  -28.75 99999.9 99999.9 99999.9 999.99 9999999.  1026  -969    57  -282 999.99
2024 285  4  2   12.10  -12.91  -28.86  -616.3    26.5    39.8   3.24  186020.   976  -916    60  -282  17.84
2024 285  4  3   11.80  -12.92  -28.99  -618.9    31.0    42.0   3.24  181671.   936  -872    64  -282  18.01
2024 285  4  4   12.02  -12.35  -29.14  -620.2    33.3    48.6   3.04  160938.   781  -713    68  -281  18.16
2024 285  4  5   12.06  -12.12  -29.22  -610.3    16.6    55.8   2.52  126077.   535  -484    51  -281  17.91
2024 285  4  6   12.03  -11.84  -29.33 99999.9 99999.9 99999.9 999.99 9999999.   534  -494    40  -281 999.99
2024 285  4  7 9999.99 9999.99 9999.99 99999.9 99999.9 99999.9 999.99 9999999.   552  -509    43  -281 999.99
2024 285  4  8   12.47  -12.16  -29.01 99999.9 99999.9 99999.9 999.99 9999999.   553  -505    48  -281 999.99
2024 285  4  9   12.20  -12.20  -29.10  -610.6    -0.5    23.6   3.63  247421.   570  -532    38  -281  17.78
2024 285  4 10   12.69  -12.24  -28.93  -610.6    -0.5    23.6   3.63  247421.   792  -746    46  -282  17.68
2024 285  4 11   11.67  -11.64  -29.65  -610.6    -0.5    23.6   3.63  247421.   859  -815    44  -282  18.12
2024 285  4 12   11.24  -11.22  -30.05 99999.9 99999.9 99999.9 999.99 9999999.   831  -787    44  -282 999.99
2024 285  4 13   11.14  -11.26  -30.03 99999.9 99999.9 99999.9 999.99 9999999.   880  -833    47  -282 999.99
2024 285  4 14   10.20  -10.73  -30.50  -618.7    34.8    64.4   3.83  201422.   908  -859    49  -282  19.00
2024 285  4 15   10.46  -10.67  -30.28  -618.7    34.8    64.4   3.83  201422.   871  -833    38  -282  18.86
2024 285  4 16    9.94  -10.91  -30.40  -620.1    27.2    73.2   3.87  197670.   756  -704    52  -282  19.00
2024 285  4 17   10.36  -10.75  -30.32  -620.1    27.2    73.2   3.87  197670.   652  -583    69  -281  18.95
2024 285  4 18   10.40  -10.55  -30.39  -617.3    26.6    79.4   4.20  206198.   542  -454    88  -280  18.93
2024 285  4 19   14.09  -11.75  -28.38  -617.3    26.6    79.4   4.20  206198.   541  -457    84  -280  17.68
2024 285  4 20   14.17  -11.67  -28.46  -613.1    23.2    84.3   4.06  222545.   571  -478    93  -277  17.63
2024 285  4 21   13.59  -11.24  -28.99  -613.2    23.0    84.3   4.06  222105.   589  -481   108  -277  17.96
2024 285  4 22   12.97  -10.44  -29.77  -616.0    17.0    84.3   3.99  207509.   544  -444   100  -275  18.52
2024 285  4 23   12.77   -9.73  -30.18  -616.0     2.9    89.5   3.97  200059.   499  -401    98  -273  18.78
2024 285  4 24   12.25   -9.75  -30.36  -616.0     0.9    90.3   3.97  198986.   476  -391    85  -274  18.90
2024 285  4 25   12.84  -10.09  -29.98 99999.9 99999.9 99999.9 999.99 9999999.   515  -415   100  -272 999.99
2024 285  4 26   13.13  -11.12  -29.39 99999.9 99999.9 99999.9 999.99 9999999.   503  -414    89  -271 999.99
2024 285  4 27   12.65  -10.71  -29.72 99999.9 99999.9 99999.9 999.99 9999999.   458  -372    86  -271 999.99
2024 285  4 28   12.86   -9.96  -30.01  -611.9    11.1    87.1   4.38  206197.   415  -328    87  -270  18.55
2024 285  4 29   13.23  -10.13  -29.86  -615.7    13.2    91.9   3.52  134503.   372  -291    81  -269  18.59
2024 285  4 30   12.64   -9.94  -30.13  -617.1    13.9    93.7   3.20  108303.   321  -236    85  -269  18.81
2024 285  4 31   13.55  -10.98  -29.44 99999.9 99999.9 99999.9 999.99 9999999.   330  -216   114  -266 999.99
2024 285  4 32   13.74  -11.09  -29.32 99999.9 99999.9 99999.9 999.99 9999999.   328  -198   130  -265 999.99
2024 285  4 33   12.95  -10.93  -29.78 99999.9 99999.9 99999.9 999.99 9999999.   313  -193   120  -264 999.99
2024 285  4 34   12.91  -10.57  -29.80  -612.7    19.8    79.3   3.70  202893.   309  -198   111  -263  18.42
2024 285  4 35   15.15   -9.65  -28.37  -616.1    17.3    76.0   3.54  213278.   311  -206   105  -262  17.62
2024 285  4 36   14.64  -10.95  -28.21  -617.4     9.3    76.1   3.58  232727.   307  -207   100  -261  17.56
2024 285  4 37   14.41  -10.31  -28.61  -619.6     9.7    82.1   3.48  205683.   324  -220   104  -259  17.88
2024 285  4 38   14.33   -9.83  -28.93  -617.5    10.9    78.3   3.31  243683.   485  -368   117  -258  18.01
2024 285  4 39   13.77   -9.99  -29.19  -618.1    16.1    81.2   3.32  227828.   647  -525   122  -258  18.21
2024 285  4 40   13.82  -10.09  -29.12  -625.9    19.3    79.2   3.27  246880.   970  -848   122  -257  18.38
2024 285  4 41   14.27  -10.29  -28.77  -625.2    19.0    79.1   3.30  245595.  1142 -1018   124  -257  18.14
2024 285  4 42   13.87   -9.92  -29.19  -609.7    13.0    77.4   3.86  211215.  1342 -1219   123  -257  17.94
2024 285  4 43   14.27   -9.74  -29.02  -625.0    16.5    75.8   3.55  205482.  1393 -1265   128  -259  18.28
2024 285  4 44   14.61   -9.65  -28.75  -615.5    13.3    69.4   3.90  253915.  1458 -1344   114  -259  17.81
2024 285  4 45   13.36  -10.34  -29.45  -614.4    13.9    75.5   3.70  242038.  1362 -1258   104  -257  18.24
2024 285  4 46   14.04   -9.77  -29.13  -614.2    14.8    82.5   3.46  225785.  1229 -1116   113  -257  18.06
2024 285  4 47   14.04   -9.64  -29.16  -623.4    17.8    82.0   3.33  220568.  1246 -1125   121  -255  18.34
2024 285  4 48   14.81   -9.27  -28.78  -616.0    13.0    76.9   3.66  220343.  1334 -1234   100  -255  17.87
2024 285  4 49   15.79   -8.62  -28.35  -613.8    11.6    75.3   3.76  220275.  1276 -1187    89  -253  17.53
2024 285  4 50   16.11   -7.41  -28.65 99999.9 99999.9 99999.9 999.99 9999999.  1276 -1178    98  -253 999.99
2024 285  4 51   16.06   -7.64  -28.54  -621.1    16.9    71.4   3.63  248040.  1311 -1215    96  -254  17.85
2024 285  4 52   15.75   -7.89  -28.53  -621.1    16.9    71.4   3.63  248040.  1342 -1243    99  -254  17.84
2024 285  4 53   15.93   -8.11  -28.22 99999.9 99999.9 99999.9 999.99 9999999.  1288 -1207    81  -255 999.99
2024 285  4 54   15.55   -9.47  -27.77  -614.3    13.3    68.3   4.73  237236.  1200 -1126    74  -256  17.17
2024 285  4 55   15.87   -9.01  -27.93  -614.3    13.3    68.3   4.73  237236.  1125 -1063    62  -257  17.27
2024 285  4 56   16.74  -10.13  -27.23  -632.8    21.1    85.5   4.41  239006.  1003  -958    45  -256  17.40
2024 285  4 57   16.56  -10.22  -27.25  -633.2    21.2    86.0   4.38  235925.   814  -755    59  -256  17.42
2024 285  4 58   17.25  -10.99  -26.50  -628.8    18.6    81.6   4.13  210104.   671  -616    55  -257  16.81
2024 285  4 59   17.14  -11.76  -26.16  -635.3    19.5    81.6   3.19  170078.   574  -533    41  -257  16.77
2024 285  5  0   17.36   -8.68  -27.45  -627.3    12.5    79.0   3.44  242574.   587  -544    43  -257  17.36
2024 285  5  1   17.32   -9.37  -27.40  -623.9     8.0    74.9   3.57  243608.   543  -515    28  -257  17.22
2024 285  5  2   17.55   -9.28  -27.18  -616.8    -2.0    64.2   3.83  222765.   498  -461    37  -257  16.85
2024 285  5  3   17.55   -8.83  -27.26  -617.6    -1.6    65.1   3.83  223444.   507  -465    42  -257  16.93
2024 285  5  4   17.15   -9.71  -27.17  -621.2     0.1    69.2   3.85  226525.   534  -480    54  -258  16.98
2024 285  5  5   17.08   -9.50  -27.40  -622.5    -8.7    67.4   3.81  204402.   537  -492    45  -258  17.16
2024 285  5  6   17.19   -9.52  -27.33  -623.4   -14.4    66.2   3.77  190135.   573  -526    47  -258  17.14
2024 285  5  7   17.11  -10.33  -27.02  -626.4   -20.7    69.8   3.58  225789.   570  -516    54  -258  17.04
2024 285  5  8   17.50  -10.29  -26.76  -625.8   -18.3    70.9   3.49  223798.   520  -455    65  -259  16.86
2024 285  5  9   18.31   -9.89  -26.54  -628.4   -19.2    69.3   3.25  232427.   493  -436    57  -259  16.79
2024 285  5 10   18.36  -10.58  -26.21  -631.3   -11.5    62.5   3.34  311084.   602  -532    70  -259  16.63
2024 285  5 11   17.45   -9.64  -27.30  -634.3   -17.1    60.5   2.93  326143.   678  -609    69  -259  17.40
2024 285  5 12   17.88  -10.19  -26.78  -636.1   -20.9    59.5   2.70  332553.   691  -612    79  -259  17.12
2024 285  5 13   17.75  -10.36  -26.84  -638.0   -30.4    57.5   2.64  381222.   542  -489    53  -258  17.21
2024 285  5 14   17.17   -9.76  -27.44  -638.0   -30.4    57.5   2.64  381222.   464  -411    53  -258  17.60
2024 285  5 15   17.12  -10.14  -27.37  -626.7   -39.6    62.0   2.46  338681.   378  -336    42  -257  17.27
2024 285  5 16   17.19   -8.94  -27.39  -632.4   -35.2    59.2   2.57  329602.   337  -296    41  -257  17.43
2024 285  5 17   18.04   -5.38  -27.58  -642.8   -27.1    54.0   2.78  313067.   440  -406    34  -256  17.81
2024 285  5 18   17.64   -6.36  -27.57  -638.5   -13.7    54.6   3.25  308945.   490  -463    27  -256  17.67
2024 285  5 19   18.26   -7.54  -26.77  -635.8    -6.1    49.8   3.26  318854.   393  -366    27  -256  17.07
2024 285  5 20   17.98   -9.02  -26.60  -633.6    -0.2    46.1   3.26  326658.   381  -365    16  -255  16.90
2024 285  5 21   18.33   -9.92  -26.13  -635.0    -3.4    47.7   2.89  357401.   379  -369    10  -254  16.64
2024 285  5 22   18.52   -9.90  -25.97  -634.9    -2.8    47.5   2.88  353957.   405  -388    17  -253  16.53
2024 285  5 23   17.57  -10.52  -26.29  -634.2     5.4    44.6   2.79  304294.   421  -407    14  -253  16.72
2024 285  5 24   17.20  -10.91  -26.39  -633.6     4.3    44.8   2.84  307296.   463  -451    12  -252  16.76
2024 285  5 25   17.50  -10.77  -26.20  -630.1    -1.6    46.0   3.09  323642.   459  -451     8  -252  16.55
2024 285  5 26   17.65  -11.12  -25.95  -632.6    -3.2    47.5   3.08  314988.   409  -404     5  -251  16.46
2024 285  5 27   17.91  -11.37  -25.37  -635.4    -5.0    49.2   3.07  305238.   409  -403     6  -251  16.17
2024 285  5 28   16.89  -11.25  -26.06  -623.5     9.6    35.5   4.87  196965.   572  -566     6  -252  16.28
2024 285  5 29   17.35  -11.97  -25.57  -629.2     0.3    33.6   4.50  207130.   760  -760     0  -251  16.11
2024 285  5 30   16.92  -12.45  -25.57  -633.2    -5.6    32.9   4.11  239013.   932  -938    -6  -251  16.21
2024 285  5 31   17.12  -14.03  -24.88  -637.0    -9.4    33.5   3.20  382279.   987  -981     6  -251  15.87
2024 285  5 32   17.31  -14.58  -24.51  -639.0    -9.2    35.3   3.00  374687.   906  -898     8  -251  15.69
2024 285  5 33   16.99  -15.03  -24.34  -642.9    -8.7    38.8   2.61  360103.   845  -830    15  -251  15.68
2024 285  5 34   17.41  -15.20  -23.82  -642.9    -8.7    38.8   2.61  360103.   947  -923    24  -252  15.34
2024 285  5 35   17.27  -15.83  -23.48  -638.5   -15.6    50.3   2.75  311458.   945  -921    24  -253  15.04
2024 285  5 36   16.65  -16.34  -23.62  -638.5   -15.6    50.3   2.75  311458.   823  -822     1  -254  15.13
2024 285  5 37   16.57  -16.92  -23.35  -638.1   -31.9    46.1   2.53  372911.   868  -865     3  -255  14.96
2024 285  5 38   16.45  -16.44  -23.73  -638.1   -31.9    46.1   2.53  372911.   935  -930     5  -256  15.20
2024 285  5 39   16.33  -15.48  -24.41  -638.3   -35.2    40.8   2.52  332241.   840  -833     7  -256  15.63
2024 285  5 40   16.27  -15.92  -24.13  -638.3   -36.3    39.1   2.52  319408.   832  -822    10  -257  15.46
2024 285  5 41   16.17  -15.21  -24.65  -640.2   -41.1    37.2   2.54  330940.   778  -769     9  -258  15.84
2024 285  5 42   16.42  -13.78  -25.16  -640.2   -41.1    37.2   2.54  330940.   795  -785    10  -260  16.17
2024 285  5 43   16.43  -14.23  -24.87  -656.7   -51.7    41.1   2.31  349868.   829  -819    10  -262  16.42
2024 285  5 44   15.99  -14.83  -24.47  -656.4   -47.7    41.5   2.34  339518.   711  -702     9  -264  16.14
2024 285  5 45   15.92  -13.61  -25.14  -659.3   -51.7    44.4   2.29  358625.   686  -682     4  -265  16.66
2024 285  5 46   15.89  -14.07  -24.89  -661.0   -56.1    45.0   2.23  360058.   701  -701     0  -266  16.55
2024 285  5 47   15.83  -14.24  -24.84  -666.0   -53.5    45.2   2.13  339146.   812  -823   -11  -266  16.64
2024 285  5 48   15.55  -14.24  -24.95  -661.9   -57.2    46.8   2.22  402768.   726  -727    -1  -267  16.62
2024 285  5 49   16.75  -12.45  -25.06  -661.5   -57.2    44.9   2.26  429077.   605  -602     3  -268  16.68
2024 285  5 50   16.41  -14.55  -23.99 99999.9 99999.9 99999.9 999.99 9999999.   532  -538    -6  -269 999.99
2024 285  5 51   16.84  -14.07  -23.77 99999.9 99999.9 99999.9 999.99 9999999.   512  -525   -13  -270 999.99
2024 285  5 52 9999.99 9999.99 9999.99 99999.9 99999.9 99999.9 999.99 9999999.   461  -478   -17  -270 999.99
2024 285  5 53   17.46  -12.37  -24.45  -649.5   -27.5    52.0   2.39  385363.   514  -531   -17  -270  15.95
2024 285  5 54   19.93   -7.38  -24.13  -649.5   -27.5    52.0   2.39  385363.   547  -564   -17  -270  15.74
2024 285  5 55   22.35   -4.90  -22.45  -649.5   -27.5    52.0   2.39  385363.   657  -663    -6  -270  14.64
2024 285  5 56   24.14   -5.24  -18.93  -672.0   -33.1    76.6   4.04  295688.   820  -817     3  -270  12.82
2024 285  5 57   19.89  -11.90  -20.44  -681.8   -42.8    61.3   3.86  401827.   866  -865     1  -270  14.03
2024 285  5 58   15.06   -9.69  -24.44  -698.2   -59.1    35.7   3.58  578910.   894  -886     8  -270  17.15
2024 285  5 59    9.39  -18.02  -21.40 99999.9 99999.9 99999.9 999.99 9999999.   953  -960    -7  -269 999.99
2024 285  6  0    6.22  -20.65  -20.00  -694.6   -63.9    51.9   6.26  521129.  1010 -1012    -2  -267  13.99
2024 285  6  1    6.04  -20.60  -19.73  -694.6   -63.9    51.9   6.26  521129.   942  -917    25  -264  13.80
2024 285  6  2    5.65  -20.90  -19.61  -701.0   -77.0    72.9   6.48  317389.   856  -833    23  -263  13.90
2024 285  6  3    2.74  -23.25  -17.67  -703.1   -78.5    68.2   6.35  320757.   884  -870    14  -262  12.56
2024 285  6  4    6.17  -20.25  -16.11  -705.2   -80.3    53.3   6.28  377211.   901  -921   -20  -262  11.47
2024 285  6  5    9.58  -19.11  -14.14  -704.2   -85.8    31.8   6.42  493424.   950  -988   -38  -260  10.05
2024 285  6  6    7.29  -19.12  -14.57  -705.8   -92.6    18.6   6.34  540394.   950 -1001   -51  -257  10.38
2024 285  6  7    6.37  -20.07  -16.28 99999.9 99999.9 99999.9 999.99 9999999.  1009 -1087   -78  -255 999.99
2024 285  6  8    7.62  -18.17  -15.33 99999.9 99999.9 99999.9 999.99 9999999.  1022 -1129  -107  -253 999.99
2024 285  6  9    6.17  -18.63  -15.04 99999.9 99999.9 99999.9 999.99 9999999.  1067 -1186  -119  -255 999.99
2024 285  6 10    4.56  -19.32  -16.03 99999.9 99999.9 99999.9 999.99 9999999.  1186 -1304  -118  -253 999.99
2024 285  6 11    4.75  -19.20  -15.96  -690.7   -70.1    66.8   7.32  366103.  1249 -1355  -106  -253  11.13
2024 285  6 12    4.19  -19.83  -15.36  -690.7   -70.1    66.8   7.32  366103.  1200 -1295   -95  -257  10.71
2024 285  6 13    4.82  -17.55  -14.31  -690.7   -70.1    66.8   7.32  366103.  1119 -1219  -100  -261   9.98
2024 285  6 14    6.84  -16.38  -14.43  -678.8   -57.8    59.5   8.01  681061.  1124 -1226  -102  -264   9.87
2024 285  6 15    7.22  -15.92  -15.16  -678.8   -57.8    59.5   8.01  681061.   984 -1090  -106  -267  10.37
2024 285  6 16    6.76  -16.26  -14.85  -676.6   -60.0    62.9   8.06  646839.   918 -1022  -104  -269  10.13
2024 285  6 17    5.18  -17.04  -14.49  -676.6   -60.0    62.9   8.06  646839.   912 -1015  -103  -272   9.89
2024 285  6 18    5.41  -16.44  -14.12  -682.3   -86.9    55.4   8.09  644597.   962 -1057   -95  -275   9.74
2024 285  6 19    3.25  -18.70  -14.25  -693.1   -80.6    64.1   8.37  625758.   998 -1071   -73  -277   9.99
2024 285  6 20    1.03  -22.50  -11.60  -711.1   -69.3    79.8   8.23  550241.   990 -1075   -85  -278   8.34
2024 285  6 21    1.08  -24.34   -9.81  -722.5   -74.9    87.0   6.58  431585.   979 -1072   -93  -279   7.18
2024 285  6 22    3.65  -21.35  -16.67  -730.2   -73.8    79.8   6.31  521338.  1046 -1139   -93  -280  12.31
2024 285  6 23    9.70  -10.34  -21.86  -723.7   -72.8    51.3   5.43  422728.  1101 -1189   -88  -281  15.94
2024 285  6 24   10.49  -18.99  -17.14  -717.7   -68.3    42.0   5.01  308081.  1130 -1206   -76  -280  12.38
2024 285  6 25   10.66  -20.45  -16.93  -702.6   -64.1    52.6   4.96  281153.  1214 -1284   -70  -283  11.98
2024 285  6 26   12.06  -18.17  -18.16  -702.6   -64.1    52.6   4.96  281153.  1048 -1144   -96  -285  12.85
2024 285  6 27   15.03  -13.30  -21.70  -739.9   -84.2    76.9   5.52  354368.   959 -1035   -76  -286  16.25
2024 285  6 28   16.20  -14.26  -19.06  -740.0   -84.2    77.0   5.52  354524.   987 -1045   -58  -287  14.27
2024 285  6 29   16.91  -14.32  -19.53 99999.9 99999.9 99999.9 999.99 9999999.   908  -994   -86  -287 999.99
2024 285  6 30   18.27  -12.53  -19.75 99999.9 99999.9 99999.9 999.99 9999999.   854  -932   -78  -284 999.99
2024 285  6 31   19.61   -9.65  -20.07  -680.5   -53.5    43.2   5.01  152949.   890  -961   -71  -282  13.73
2024 285  6 32   19.72   -8.72  -20.36  -680.5   -53.5    43.2   5.01  152949.   968 -1037   -69  -283  13.92
2024 285  6 33   19.10   -9.36  -20.37  -680.5   -53.5    43.2   5.01  152949.   966 -1054   -88  -286  13.93
2024 285  6 34   21.24   -5.44  -19.88  -681.5   -59.0    16.0   3.53  246932.  1000 -1097   -97  -287  13.60
2024 285  6 35   21.90   -4.09  -19.82  -680.2   -76.5    21.5   4.01  247491.  1060 -1140   -80  -286  13.58
2024 285  6 36   22.09   -3.59  -20.27  -679.3   -88.9    25.4   4.35  247885.   892  -979   -87  -286  13.90
2024 285  6 37   19.62   -8.42  -19.79  -686.6   -74.7    33.5   3.05  181684.   866  -949   -83  -283  13.68
2024 285  6 38   16.44  -13.52  -18.86  -686.6   -74.7    33.5   3.05  181684.   840  -902   -62  -279  13.04
2024 285  6 39   16.53  -13.56  -18.81  -721.7   -81.0    14.4   4.81  143458.   866  -923   -57  -277  13.66
2024 285  6 40   15.96  -13.98  -19.19  -713.7   -98.1    20.1   4.65  113500.   797  -873   -76  -276  13.84
2024 285  6 41 9999.99 9999.99 9999.99  -715.2  -123.2    22.2   5.26   98328.   866  -970  -104  -275 999.99
2024 285  6 42   19.38   -9.96  -18.93  -726.3  -144.7    19.6   6.41  106417.   948 -1064  -116  -274  14.02
2024 285  6 43   15.65  -12.87  -20.56 99999.9 99999.9 99999.9 999.99 9999999.   930 -1059  -129  -274 999.99
2024 285  6 44   18.42  -10.61  -17.27 99999.9 99999.9 99999.9 999.99 9999999.   803  -941  -138  -272 999.99
2024 285  6 45   -0.51  -24.71  -16.43  -790.9  -127.7    77.5   3.51  221665.   821  -924  -103  -270  13.22
2024 285  6 46    1.14  -24.31  -17.62  -788.8  -125.7    61.7   2.99  164717.   957 -1055   -98  -270  14.12
2024 285  6 47    4.71  -22.44  -17.57  -786.7  -123.6    45.8   2.48  107384.   986 -1066   -80  -273  14.02
2024 285  6 48    4.25  -22.63  -17.35  -781.0   -96.0    49.4   4.95  196633.   957 -1036   -79  -276  13.68
2024 285  6 49   -4.50  -27.48  -12.87  -781.0   -96.0    49.4   4.95  196633.   978 -1054   -76  -276  10.15
2024 285  6 50   -3.92  -27.68  -13.13  -781.0   -96.0    49.4   4.95  196633.   976 -1039   -63  -275  10.35
2024 285  6 51   -3.07  -27.77  -13.28  -808.6  -115.1    98.0   2.39  214041.  1038 -1072   -34  -276  10.92
2024 285  6 52   -1.75  -27.28  -14.28  -808.6  -115.1    98.0   2.39  214041.  1030 -1052   -22  -277  11.75
2024 285  6 53   -0.57  -27.03  -14.37  -802.2  -115.9    92.5   2.52  282694.  1046 -1072   -26  -277  11.72
2024 285  6 54    1.37  -26.14  -15.51  -791.2  -112.3    76.0   2.54  333419.  1005 -1055   -50  -277  12.45
2024 285  6 55    1.99  -26.33  -15.18  -789.8  -108.5    69.4   2.40  295823.   941 -1000   -59  -277  12.15
2024 285  6 56    4.71  -25.26  -15.91  -797.9  -103.3    71.6   1.70  190882.   908  -967   -59  -278  12.85
2024 285  6 57    5.46  -25.04  -15.93  -797.9  -103.3    71.6   1.70  190882.   939  -992   -53  -277  12.87
2024 285  6 58    5.78  -25.02  -15.72 99999.9 99999.9 99999.9 999.99 9999999.   916  -944   -28  -277 999.99
2024 285  6 59    6.33  -25.00  -15.68  -757.6  -121.5    60.1   2.15  406108.   977  -996   -19  -277  12.07
2024 285  7  0    5.30  -25.63  -14.91  -757.6  -121.5    60.1   2.15  406108.   967  -980   -13  -278  11.47
2024 285  7  1    5.86  -25.11  -15.54 99999.9 99999.9 99999.9 999.99 9999999.  1016 -1020    -4  -281 999.99
2024 285  7  2    4.96  -24.40  -16.77  -763.2  -111.3    81.4   2.68  299422.   963  -964    -1  -281  13.01
2024 285  7  3    6.76  -23.73  -17.04  -763.2  -111.3    81.4   2.68  299422.   982  -986    -4  -281  13.21
2024 285  7  4    9.49  -22.35  -18.18  -763.2  -111.3    81.4   2.68  299422.  1014 -1030   -16  -278  14.10
2024 285  7  5    9.20  -22.61  -17.98  -726.4  -138.2     3.5   2.36  220834.  1064 -1098   -34  -278  13.30
2024 285  7  6    9.29  -21.91  -18.71  -728.6  -124.2     9.0   2.47  174000.  1124 -1175   -51  -279  13.84
2024 285  7  7    8.56  -22.07  -18.76  -736.3   -99.1    34.2   2.83  121534.  1155 -1214   -59  -279  13.95
2024 285  7  8    8.38  -21.68  -18.64  -736.3   -99.1    34.2   2.83  121534.  1226 -1287   -61  -277  13.86
2024 285  7  9    8.84  -20.82  -18.27 99999.9 99999.9 99999.9 999.99 9999999.  1182 -1247   -65  -275 999.99
2024 285  7 10    9.59  -20.49  -18.02  -720.5   -94.5    24.1   4.01  250682.  1006 -1076   -70  -274  13.10
2024 285  7 11    9.29  -20.87  -17.50  -720.5   -94.5    24.1   4.01  250682.   948 -1027   -79  -272  12.72
2024 285  7 12    9.24  -21.29  -17.22  -723.8  -119.0    15.8   3.64  250837.  1013 -1104   -91  -271  12.63
2024 285  7 13   12.12  -19.26  -17.13  -726.4  -105.7    25.5   4.11  307944.   973 -1064   -91  -270  12.59
2024 285  7 14   12.44  -18.12  -18.11  -725.3   -94.6    25.7   5.20  292709.  1115 -1203   -88  -269  13.26
2024 285  7 15   14.00  -16.99  -17.64  -707.7   -91.8    -8.5   6.67  110574.  1002 -1088   -86  -268  12.59
2024 285  7 16   13.30  -16.98  -18.16  -698.1   -77.7   -19.3   6.87  113807.   895  -976   -81  -268  12.76
2024 285  7 17   14.01  -15.25  -19.26  -700.7   -56.8    25.9   9.10   86308.   883  -959   -76  -268  13.55
2024 285  7 18    7.21  -22.11  -16.04  -700.7   -56.8    25.9   9.10   86308.   762  -843   -81  -266  11.28
2024 285  7 19    6.52  -23.14  -15.86  -737.7  -100.1    11.6   5.81  119859.   753  -835   -82  -264  11.81
2024 285  7 20   11.59  -19.39  -17.47  -737.7  -100.1    11.6   5.81  119859.   713  -790   -77  -265  13.01
2024 285  7 21    9.69  -20.58  -17.30 99999.9 99999.9 99999.9 999.99 9999999.   608  -700   -92  -267 999.99
2024 285  7 22    9.11  -22.05  -16.18  -724.5  -125.4    14.9   4.50   97527.   530  -610   -80  -268  11.90
2024 285  7 23   10.70  -20.73  -16.86  -724.5  -125.4    14.9   4.50   97527.   542  -599   -57  -268  12.40
2024 285  7 24   11.33  -19.21  -18.24  -710.6  -108.2    -6.1   5.54  190817.   566  -632   -66  -267  13.11
2024 285  7 25   11.71  -18.60  -18.61  -709.2  -106.5    -8.2   5.65  200098.   563  -615   -52  -266  13.35
2024 285  7 26   13.72  -17.61  -18.31 99999.9 99999.9 99999.9 999.99 9999999.   582  -613   -31  -264 999.99
2024 285  7 27   13.14  -18.37  -17.98  -709.5   -49.9    18.5   5.55  153253.   587  -602   -15  -262  12.79
2024 285  7 28   12.22  -21.56  -15.09  -709.5   -49.9    18.5   5.55  153253.   590  -581     9  -259  10.74
2024 285  7 29   13.81  -19.82  -16.70  -709.5   -49.9    18.5   5.55  153253.   574  -568     6  -257  11.88
2024 285  7 30   14.54  -19.21  -16.75  -705.8  -107.4    20.0   4.60  100464.   512  -539   -27  -254  11.96
2024 285  7 31   15.43  -18.70  -16.65  -705.8  -107.4    20.0   4.60  100464.   518  -564   -46  -251  11.89
2024 285  7 32   16.06  -12.64  -20.54  -725.4   -73.8    27.2   6.16   95376.   576  -622   -46  -250  15.01
2024 285  7 33   16.78  -11.67  -20.44  -726.1   -70.3    28.4   6.18   93656.   607  -658   -51  -252  14.95
2024 285  7 34   17.86  -10.39  -20.32  -724.0   -56.6    46.4   6.15   79989.   533  -610   -77  -253  14.79
2024 285  7 35   17.81   -9.28  -20.79  -720.8   -31.8    49.5   5.71   69469.   436  -478   -42  -252  15.04
2024 285  7 36   19.35   -8.31  -20.12  -716.2   -54.0    25.7   6.22   86425.   459  -469   -10  -250  14.46
2024 285  7 37   21.31   -6.02  -19.85  -715.5   -56.1    23.0   6.23   89164.   448  -521   -73  -249  14.25
2024 285  7 38   21.51   -5.29  -19.96  -719.5   -32.5    34.4   5.31   89490.   474  -580  -106  -249  14.39
2024 285  7 39   20.44   -4.77  -21.19  -719.5   -32.5    34.4   5.31   89490.   516  -609   -93  -250  15.28
2024 285  7 40   21.43   -5.08  -20.01  -719.5   -32.5    34.4   5.31   89490.   446  -567  -121  -250  14.43
2024 285  7 41   21.43   -5.09  -20.01 99999.9 99999.9 99999.9 999.99 9999999.   424  -553  -129  -250 999.99
2024 285  7 42   21.24   -4.68  -20.40 99999.9 99999.9 99999.9 999.99 9999999.   541  -639   -98  -249 999.99
2024 285  7 43   23.30   -5.11  -17.82 99999.9 99999.9 99999.9 999.99 9999999.   591  -654   -63  -247 999.99
2024 285  7 44   23.98   -4.90  -16.52 99999.9 99999.9 99999.9 999.99 9999999.   543  -590   -47  -244 999.99
2024 285  7 45   23.69   -5.25  -16.59 99999.9 99999.9 99999.9 999.99 9999999.   555  -605   -50  -241 999.99
2024 285  7 46   22.87   -4.67  -17.82 99999.9 99999.9 99999.9 999.99 9999999.   488  -546   -58  -239 999.99
2024 285  7 47   22.93   -4.58  -17.64 99999.9 99999.9 99999.9 999.99 9999999.   462  -508   -46  -236 999.99
2024 285  7 48   23.00   -4.54  -17.66  -696.2   -51.7    54.5   5.80  122077.   550  -561   -11  -236  12.37
2024 285  7 49   22.79   -5.32  -17.83  -696.2   -51.7    54.5   5.80  122077.   668  -667     1  -236  12.49
2024 285  7 50   22.42   -5.17  -18.25 99999.9 99999.9 99999.9 999.99 9999999.   907  -904     3  -235 999.99
2024 285  7 51   21.83   -4.66  -19.19 99999.9 99999.9 99999.9 999.99 9999999.  1019  -999    20  -234 999.99
2024 285  7 52   23.31   -6.24  -16.58 99999.9 99999.9 99999.9 999.99 9999999.   983  -975     8  -233 999.99
2024 285  7 53   21.87   -6.04  -17.34  -700.7    -0.4    59.5   7.76  110206.   908  -933   -25  -233  12.19
2024 285  7 54   20.47   -1.47  -19.76  -700.3    -5.0    59.7   7.75  108808.   911  -934   -23  -232  13.89
2024 285  7 55   17.31   -2.54  -22.46  -695.1   -70.8    62.4   7.65   88654.   954  -956    -2  -231  15.76
2024 285  7 56   17.24   -0.33  -22.64  -692.5   -69.4    62.3   7.29   84490.   905  -876    29  -231  15.82
2024 285  7 57   17.63   -0.28  -22.04  -689.4   -67.8    62.1   6.83   79413.   958  -901    57  -229  15.33
2024 285  7 58   17.75    0.30  -21.83  -689.4   -67.8    62.1   6.83   79413.  1137 -1086    51  -227  15.18
2024 285  7 59   17.70    0.55  -21.81 99999.9 99999.9 99999.9 999.99 9999999.  1279 -1206    73  -226 999.99
2024 285  8  0   17.48    0.71  -21.85 99999.9 99999.9 99999.9 999.99 9999999.  1421 -1373    48  -225 999.99
2024 285  8  1   17.75    0.94  -21.33  -682.1   -63.9    77.2   7.45   90517.  1648 -1622    26  -225  14.71
2024 285  8  2   18.87    1.37  -20.17  -682.1   -63.9    77.2   7.45   90517.  1743 -1722    21  -227  13.91
2024 285  8  3   18.80    1.45  -20.23  -682.1   -63.9    77.2   7.45   90517.  1796 -1779    17  -228  13.95
2024 285  8  4   17.19    1.90  -21.81  -688.8   -66.9    71.2   6.62   63785.  1972 -1926    46  -229  15.17
2024 285  8  5   17.46    0.96  -21.43  -688.8   -66.9    71.2   6.62   63785.  2083 -2022    61  -230  14.91
2024 285  8  6   17.66    0.47  -21.33  -702.9   -45.7    63.3   6.75   83408.  2134 -2065    69  -231  15.08
2024 285  8  7   17.69    0.40  -21.33  -694.0   -62.0    77.0   6.42   77402.  2075 -2001    74  -233  14.96
2024 285  8  8   16.59    0.95  -21.71  -695.7   -59.4    62.6   6.08   74080.  2015 -1949    66  -237  15.24
2024 285  8  9   16.70    1.21  -21.41  -708.9   -48.8    34.2   5.40   68382.  2010 -1958    52  -240  15.23
2024 285  8 10   16.87    1.23  -21.12 99999.9 99999.9 99999.9 999.99 9999999.  2156 -2095    61  -242 999.99
2024 285  8 11   16.39    1.35  -21.48 99999.9 99999.9 99999.9 999.99 9999999.  2386 -2326    60  -243 999.99
2024 285  8 12   16.64    1.32  -21.45  -708.6   -50.9    41.9   6.68   54959.  2578 -2517    61  -243  15.26
2024 285  8 13   17.45   -0.16  -21.05  -708.6   -50.9    41.9   6.68   54959.  2646 -2599    47  -244  14.98
2024 285  8 14   16.91   -0.55  -21.32 99999.9 99999.9 99999.9 999.99 9999999.  2715 -2684    31  -244 999.99
2024 285  8 15   16.62   -0.65  -21.02 99999.9 99999.9 99999.9 999.99 9999999.  2854 -2833    21  -246 999.99
2024 285  8 16   16.29   -0.95  -21.12  -700.8   -61.4    27.7   5.26   58931.  2853 -2850     3  -247  14.87
2024 285  8 17   16.11   -0.90  -21.34  -700.8   -61.4    27.7   5.26   58926.  2763 -2755     8  -248  15.02
2024 285  8 18   15.83   -1.43  -21.62  -703.5   -46.2    27.3   5.46   50916.  2554 -2527    27  -248  15.25
2024 285  8 19   15.38   -2.06  -21.66  -703.5   -46.2    27.3   5.46   50916.  2344 -2324    20  -245  15.28
2024 285  8 20   15.36   -2.56  -21.49  -703.9   -50.8    30.1   4.20   53402.  2092 -2086     6  -244  15.18
2024 285  8 21   15.35   -2.59  -21.49  -702.9   -49.7    32.5   4.57   51405.  2024 -2008    16  -242  15.16
2024 285  8 22   17.05   -1.68  -19.92  -700.8   -48.7    35.7   5.17   50065.  1920 -1929    -9  -241  14.01
2024 285  8 23   18.62   -0.01  -18.35  -698.0   -57.8    22.8   4.38   72415.  1898 -1896     2  -240  12.86
2024 285  8 24   18.69    0.58  -18.10  -698.0   -57.9    22.6   4.38   72680.  1766 -1766     0  -237  12.68
2024 285  8 25   18.40   -0.43  -18.32  -684.6   -56.3    39.8   4.60   55325.  1605 -1602     3  -235  12.61
2024 285  8 26   17.76   -0.24  -18.68  -684.6   -56.3    39.8   4.60   55325.  1321 -1326    -5  -236  12.85
2024 285  8 27   17.11   -1.52  -18.98  -687.1   -57.7    49.0   5.34   76998.  1251 -1241    10  -237  13.12
2024 285  8 28   17.67   -0.57  -18.25  -687.1   -57.7    49.0   5.34   77107.  1173 -1189   -16  -238  12.62
2024 285  8 29   18.38    0.04  -17.53  -681.0   -64.8    46.8   4.34   79940.  1311 -1340   -29  -240  12.02
2024 285  8 30   18.02   -0.75  -17.56  -682.1   -61.6    45.8   5.11   85643.  1360 -1398   -38  -241  12.05
2024 285  8 31   18.08   -1.01  -17.87  -683.4   -58.2    44.7   5.96   91879.  1320 -1365   -45  -242  12.28
2024 285  8 32   17.78   -1.76  -18.01  -677.2   -64.2    37.8   5.48   65222.  1270 -1308   -38  -243  12.27
2024 285  8 33   18.02   -2.08  -17.94  -677.2   -64.2    37.8   5.48   65207.  1194 -1240   -46  -244  12.22
2024 285  8 34   18.15   -2.48  -17.66  -673.9   -68.7    46.8   5.24   79457.  1143 -1192   -49  -245  11.99
2024 285  8 35   17.54   -2.75  -18.00  -677.3   -68.2    47.1   5.17   79666.  1140 -1188   -48  -246  12.28
2024 285  8 36   16.60   -1.10  -19.07  -685.4   -67.2    47.9   4.99   79606.  1166 -1223   -57  -248  13.16
2024 285  8 37   16.23   -1.91  -18.83  -687.7   -68.0    48.0   4.86   73223.  1143 -1193   -50  -250  13.04
2024 285  8 38   16.40   -2.91  -18.93  -688.7   -66.5    44.3   5.25   94057.  1065 -1132   -67  -251  13.13
2024 285  8 39   16.67   -3.85  -19.08  -688.8   -66.4    44.1   5.28   95498.  1125 -1160   -35  -251  13.23
2024 285  8 40   16.75   -4.01  -18.67 99999.9 99999.9 99999.9 999.99 9999999.  1228 -1249   -21  -251 999.99
2024 285  8 41   17.20   -5.77  -17.94  -688.9   -76.2    50.9   3.81   67977.  1222 -1266   -44  -252  12.47
2024 285  8 42   17.06   -5.37  -18.30  -688.9   -76.2    50.9   3.81   67977.  1178 -1254   -76  -251  12.72
2024 285  8 43   16.48   -4.30  -18.83  -689.9   -71.9    51.0   4.09   72177.  1128 -1216   -88  -252  13.10
2024 285  8 44   16.05   -4.21  -19.31  -689.8   -72.1    51.3   4.08   71307.  1073 -1154   -81  -255  13.43
2024 285  8 45   16.47   -4.98  -18.64  -688.8   -74.0    54.6   3.92   61527.  1075 -1141   -66  -257  12.95
2024 285  8 46   15.89   -4.83  -19.04  -690.5   -72.9    54.8   3.76   67156.  1006 -1077   -71  -259  13.26
2024 285  8 47   15.67   -4.99  -19.06  -691.0   -72.5    54.9   3.71   68872.   938 -1015   -77  -260  13.28
2024 285  8 48   15.59   -5.18  -18.97 99999.9 99999.9 99999.9 999.99 9999999.   981 -1069   -88  -260 999.99
2024 285  8 49   15.25   -5.47  -19.09  -708.4   -78.8    67.5   3.92   74197.  1045 -1139   -94  -261  13.67
2024 285  8 50   15.11   -5.53  -19.12  -708.4   -78.8    67.5   3.92   74197.   989 -1082   -93  -263  13.69
2024 285  8 51   15.05   -4.87  -18.90  -697.7   -87.8    63.7   3.64   60580.  1015 -1107   -92  -263  13.35
2024 285  8 52   14.49   -4.70  -18.77  -694.4   -83.8    59.4   3.83   58557.  1063 -1165  -102  -263  13.18
2024 285  8 53   14.43   -4.85  -18.71  -693.3   -66.4    48.6   4.43   58748.  1050 -1152  -102  -262  13.07
2024 285  8 54   13.66   -4.61  -19.02  -702.5   -52.0    40.5   4.35   54207.   987 -1098  -111  -261  13.42
2024 285  8 55   14.26   -3.70  -18.71  -691.6   -75.6    49.9   4.87   59293.   927 -1041  -114  -260  13.05
2024 285  8 56   14.23   -3.21  -19.02  -708.2   -83.5    47.2   4.76   59304.   869  -989  -120  -262  13.60
2024 285  8 57   14.57   -2.48  -18.79  -712.4   -87.1    39.6   4.57   55928.   823  -942  -119  -263  13.51
2024 285  8 58   15.28   -1.20  -18.27  -715.6   -86.2    22.9   4.13   54440.   780  -914  -134  -262  13.18
2024 285  8 59   15.28   -1.25  -18.09 99999.9 99999.9 99999.9 999.99 9999999.   854  -997  -143  -261 999.99
2024 285  9  0   16.34   -0.78  -16.09 99999.9 99999.9 99999.9 999.99 9999999.   933 -1068  -135  -260 999.99
2024 285  9  1   16.23   -0.76  -15.77 99999.9 99999.9 99999.9 999.99 9999999.   983 -1110  -127  -261 999.99
2024 285  9  2   14.26   -2.46  -17.81  -718.2   -89.6    56.3   6.23   88284.  1025 -1142  -117  -262  12.93
2024 285  9  3   11.21   -3.53  -19.28  -718.2   -89.6    56.3   6.23   88284.  1084 -1175   -91  -261  14.00
2024 285  9  4   10.95   -3.48  -19.59  -713.9   -86.6    76.6   6.42   86163.  1095 -1165   -70  -259  14.17
2024 285  9  5   12.18   -3.56  -18.73  -713.7   -86.5    77.4   6.43   86079.  1180 -1139    41  -257  13.54
2024 285  9  6   13.86   -2.81  -17.67  -708.8   -84.8    81.2   7.28   71635.  1257 -1139   118  -257  12.69
2024 285  9  7   13.33   -3.21  -18.04  -708.8   -84.5    81.0   7.23   72991.  1282 -1169   113  -256  12.96
2024 285  9  8   12.81   -3.42  -18.43  -709.0   -83.3    80.1   7.06   77930.  1304 -1174   130  -253  13.24
2024 285  9  9   12.16   -3.70  -18.60  -709.0   -83.3    80.1   7.06   77930.  1235 -1099   136  -253  13.36
2024 285  9 10   12.05   -3.69  -18.63 99999.9 99999.9 99999.9 999.99 9999999.  1218 -1073   145  -252 999.99
2024 285  9 11   11.96   -3.74  -19.08  -702.1   -87.7    84.8   7.19   72680.  1256 -1108   148  -253  13.60
2024 285  9 12   11.45   -3.89  -19.04  -702.1   -87.7    84.8   7.19   72680.  1234 -1069   165  -253  13.57
2024 285  9 13   10.67   -3.54  -19.52  -702.1   -87.7    84.8   7.19   72680.  1254 -1079   175  -253  13.91
2024 285  9 14   10.72   -3.28  -19.87  -693.6   -83.2    92.3   7.44   98062.  1250 -1072   178  -253  14.00
2024 285  9 15   10.52   -3.06  -20.17  -693.6   -83.2    92.3   7.44   98062.  1416 -1239   177  -254  14.21
2024 285  9 16    9.70   -2.84  -20.50  -688.9   -94.5    79.8   7.29   67734.  1518 -1356   162  -256  14.35
2024 285  9 17    8.49   -2.67  -20.58  -688.5   -94.2    79.9   7.27   69397.  1565 -1411   154  -257  14.39
2024 285  9 18    7.79   -2.83  -20.79  -678.0   -86.3    81.8   6.81  108406.  1593 -1444   149  -257  14.31
2024 285  9 19    7.30   -2.98  -20.89  -673.3   -84.8    88.2   6.67  104888.  1483 -1346   137  -258  14.30
2024 285  9 20    7.68   -3.24  -20.67  -670.3   -83.9    92.4   6.57  102595.  1508 -1385   123  -258  14.09
2024 285  9 21    8.09   -2.68  -20.62  -675.2   -79.9    90.9   6.48   83694.  1317 -1214   103  -256  14.14
2024 285  9 22    8.28   -2.93  -20.49  -675.2   -79.9    90.9   6.48   83542.  1095 -1024    71  -255  14.05
2024 285  9 23    7.84   -2.38  -20.64  -672.4   -81.8    93.1   6.84   81354.  1264 -1199    65  -254  14.11
2024 285  9 24    7.05   -2.47  -20.98  -672.4   -81.8    93.1   6.84   81354.  1164 -1108    56  -253  14.34
2024 285  9 25    7.75   -2.37  -20.60 99999.9 99999.9 99999.9 999.99 9999999.  1198 -1153    45  -253 999.99
2024 285  9 26    7.97   -2.00  -20.61  -667.8   -83.2    94.2   7.03   87408.  1282 -1245    37  -252  14.00
2024 285  9 27    8.90   -2.06  -20.24  -667.8   -83.2    94.2   7.03   87408.  1439 -1410    29  -253  13.75
2024 285  9 28    8.87   -1.95  -20.37 99999.9 99999.9 99999.9 999.99 9999999.  1522 -1479    43  -253 999.99
2024 285  9 29    7.85   -1.92  -20.68  -649.1   -97.0   122.9   6.11   53835.  1403 -1341    62  -253  13.81
2024 285  9 30    8.51   -2.38  -20.41  -649.1   -97.0   122.9   6.11   53835.  1396 -1320    76  -253  13.63
2024 285  9 31   10.06   -1.17  -19.66  -658.2   -93.6    98.4   6.23   48420.  1375 -1295    80  -254  13.22
2024 285  9 32    8.61   -2.16  -19.96  -659.7   -93.0    94.2   6.25   47500.  1216 -1130    86  -256  13.43
2024 285  9 33    8.14   -2.87  -19.76  -644.9   -85.5   100.6   8.22   97770.   987  -896    91  -258  13.01
2024 285  9 34    7.78   -3.08  -19.82  -644.8   -85.2   100.6   8.26   95985.   848  -758    90  -260  13.05
2024 285  9 35    4.76   -5.74  -18.34  -643.4   -78.9   101.0   9.10   63747.  1124 -1052    72  -261  12.03
2024 285  9 36    1.93   -7.49  -17.52  -630.0   -60.4   124.6   8.42  109440.  1074 -1017    57  -260  11.31
2024 285  9 37    2.44   -7.08  -17.45  -628.7   -81.4   130.7  10.45   89522.   978  -946    32  -259  11.30
2024 285  9 38   -0.87   -8.39  -17.40  -617.4   -73.4   122.2  11.43  105532.   939  -939     0  -260  11.03
2024 285  9 39    1.64   -8.18  -16.99  -612.6   -61.4   113.5   9.95  119519.   739  -770   -31  -261  10.64
2024 285  9 40   13.76   -3.42  -15.08  -630.8   -64.2   105.5   8.88  108720.   636  -668   -32  -263   9.70
2024 285  9 41   16.68    4.79   -9.35  -680.7   -71.5    80.9   6.54   91502.   658  -674   -16  -265   6.44
2024 285  9 42   18.20    4.37  -10.68  -680.7   -71.5    80.9   6.54   91502.   746  -765   -19  -266   7.36
2024 285  9 43   20.16    0.71   -8.26  -707.2   -86.8    47.9   7.61   60062.   830  -862   -32  -267   5.90
2024 285  9 44   21.38    3.19   -2.94  -709.8   -74.6    28.2   7.89   54013.   767  -799   -32  -269   2.10
2024 285  9 45   21.61    3.08   -1.98  -709.4   -59.1     5.1   8.48   49799.   726  -755   -29  -270   1.41
2024 285  9 46   21.93    4.04   -0.71  -709.0   -51.3     5.4   8.98   57266.   763  -772    -9  -270   0.50
2024 285  9 47   21.56    4.03   -2.15  -709.0   -51.3     5.4   8.98   57281.   818  -816     2  -268   1.53
2024 285  9 48   21.29    5.40   -4.34 99999.9 99999.9 99999.9 999.99 9999999.   864  -851    13  -268 999.99
2024 285  9 49   20.69    6.43   -3.71  -695.5   -77.3     1.6   8.09   55325.   928  -894    34  -268   2.60
2024 285  9 50   20.06    6.59   -4.12  -695.5   -77.3     1.6   8.09   55325.   977  -962    15  -267   2.88
2024 285  9 51   19.58    6.35   -6.37  -691.9   -78.7    11.1   7.98   63129.  1122 -1116     6  -268   4.44
2024 285  9 52   20.27    5.60   -3.04  -691.3   -79.0    12.7   7.96   64466.  1238 -1222    16  -269   2.12
2024 285  9 53   20.40    6.13   -0.37  -693.2   -70.0   -12.1   8.24   50986.  1251 -1217    34  -269   0.26
2024 285  9 54   20.20    7.30    0.54  -693.2   -70.0   -12.1   8.24   50986.  1240 -1194    46  -270  -0.38
2024 285  9 55   20.02    7.20    0.46  -693.0   -75.1   -16.7   7.48   65088.  1148 -1101    47  -269  -0.32
2024 285  9 56   19.83    6.87    1.08  -693.0   -75.1   -16.7   7.48   65088.  1044  -987    57  -269  -0.75
2024 285  9 57   19.02    5.59    3.00  -692.3   -76.6   -20.0   7.29   61296.   817  -763    54  -268  -2.09
2024 285  9 58   19.41    4.75    5.46  -684.7   -56.4   -32.1   7.66   60211.   930  -885    45  -268  -3.76
2024 285  9 59   19.51    5.44    4.98  -676.1   -33.3   -46.0   8.10   58969.  1002  -937    65  -268  -3.38
2024 285 10  0   19.49    6.17    2.86 99999.9 99999.9 99999.9 999.99 9999999.  1024  -938    86  -269 999.99
2024 285 10  1   19.13    6.48    3.43  -679.9   -54.6   -48.3   6.20   64771.  1127 -1007   120  -269  -2.35
2024 285 10  2   18.64    5.74    2.58  -679.9   -54.6   -48.3   6.20   64771.  1058  -921   137  -269  -1.76
2024 285 10  3   18.80    7.01   -5.34  -738.7   -49.8   -64.0   9.61   58216.  1125  -966   159  -268   3.97
2024 285 10  4   18.97    6.70   -5.88  -740.0   -49.7   -64.4   9.69   58066.  1007  -832   175  -268   4.38
2024 285 10  5   18.65    7.32   -4.73  -741.4   -53.8   -57.7  10.11   54414.   996  -819   177  -266   3.53
2024 285 10  6   18.10   10.37   -2.15  -741.4   -53.8   -57.7  10.11   54414.  1153  -984   169  -266   1.60
2024 285 10  7   18.83    7.83   -4.93  -741.4   -53.8   -57.7  10.11   54414.  1137  -989   148  -264   3.68
2024 285 10  8   19.14    8.55   -3.84  -728.2   -69.9   -62.7  11.64   64376.  1088  -944   144  -261   2.82
2024 285 10  9   18.92    7.79   -4.26  -728.2   -69.9   -62.7  11.64   64376.  1028  -868   160  -259   3.13
2024 285 10 10   18.60    6.72   -4.32  -727.8   -71.0   -62.6  11.26   65923.   861  -669   192  -257   3.17
2024 285 10 11   17.64    8.83   -5.69  -726.7   -74.3   -62.3  10.10   70598.   788  -588   200  -257   4.17
2024 285 10 12   17.27    9.37   -6.59  -726.3   -74.3   -60.9  10.39   63484.   800  -589   211  -255   4.83
2024 285 10 13   17.98    9.22   -6.78  -725.9   -74.3   -59.7  10.65   57244.   760  -532   228  -253   4.96
2024 285 10 14   18.35    7.84   -5.37  -730.4   -75.9   -60.4  10.12   58490.   724  -450   274  -251   3.96
2024 285 10 15   19.92    6.29   -2.29  -732.8   -71.5   -57.8   9.96   74915.   779  -411   368  -248   1.69
2024 285 10 16   20.01    6.54   -1.95  -736.6   -64.4   -53.5   9.71  101651.   785  -376   409  -246   1.45
2024 285 10 17   20.46    6.07   -2.18  -727.4   -70.5   -54.7   9.95   73816.   775  -352   423  -241   1.60
2024 285 10 18   20.58    6.11   -2.68  -727.4   -70.5   -54.7   9.95   73816.   737  -336   401  -236   1.96
2024 285 10 19   20.81    6.09   -3.52  -727.2   -76.7   -49.9  10.41   69486.   675  -312   363  -230   2.58
2024 285 10 20   20.73    5.48   -3.58  -727.2   -76.7   -49.9  10.41   69486.   635  -282   353  -226   2.62
2024 285 10 21   20.73    6.50   -4.40  -723.8   -78.4   -50.9  11.41   74517.   637  -298   339  -223   3.21
2024 285 10 22   20.93    5.84   -4.14  -723.5   -78.5   -51.0  11.49   74919.   593  -332   261  -221   3.02
2024 285 10 23   21.27    5.56   -3.71  -732.6   -78.1   -69.0  10.32   73053.   548  -377   171  -219   2.75
2024 285 10 24   21.03    6.16   -3.53  -735.9   -78.0   -75.5   9.90   72386.   787  -620   167  -216   2.63
2024 285 10 25   20.71    7.16   -3.86  -727.9   -82.0   -55.8   9.49   68569.   873  -710   163  -216   2.84
2024 285 10 26   20.57    8.27   -3.78  -726.6   -82.1   -53.0   9.47   68035.   856  -715   141  -217   2.77
2024 285 10 27   20.13    9.04   -3.91  -720.2   -79.0   -41.5   9.67   66004.   765  -646   119  -218   2.84
2024 285 10 28   20.22    8.38   -3.39  -720.2   -79.0   -41.5   9.67   66004.   615  -483   132  -217   2.46
2024 285 10 29   20.22    6.88   -2.99  -720.9   -82.4   -50.7  10.56   69527.   669  -477   192  -215   2.17
2024 285 10 30   20.24    5.83   -3.54  -723.5   -76.6   -45.2  10.38   68464.   743  -499   244  -213   2.58
2024 285 10 31   20.72    6.29   -3.74  -725.1   -73.0   -41.8  10.27   67815.   720  -491   229  -206   2.73
2024 285 10 32   19.89    6.60   -4.12  -723.3   -84.1   -45.2  10.54   65009.   588  -428   160  -205   3.01
2024 285 10 33   19.96    7.03   -4.73  -723.3   -84.1   -45.2  10.54   65009.   630  -498   132  -208   3.45
2024 285 10 34   19.89    7.68   -5.45  -716.5   -87.0   -33.5   9.49   84489.   914  -744   170  -212   3.94
2024 285 10 35   21.38    5.34   -5.18  -716.5   -87.0   -33.5   9.49   84489.   925  -716   209  -212   3.74
2024 285 10 36   21.41    3.35   -4.04  -716.6   -87.1   -33.7   9.50   84212.   921  -713   208  -211   2.92
2024 285 10 37   14.64   -1.40   -0.62  -731.2   -56.3   -33.5   7.67   48882.   954  -726   228  -209   0.46
2024 285 10 38   13.75   -1.15   -0.84  -736.0   -42.8   -30.5   6.73   39733.   880  -614   266  -206   0.62
2024 285 10 39   13.83   -0.91   -0.94  -749.7   -16.3   -27.1   4.20   24858.   831  -534   297  -203   0.71
2024 285 10 40   16.87    2.42   -3.79  -731.6   -57.5   -30.5   7.26   41592.   716  -439   277  -200   2.79
2024 285 10 41   16.94    2.92   -4.36  -720.7   -74.7   -19.9   8.02   48810.   623  -416   207  -198   3.17
2024 285 10 42   12.25   -3.24    0.67  -716.7  -107.0   -19.6   8.02   65452.   473  -293   180  -197  -0.49
2024 285 10 43   12.24   -3.54    0.05  -745.2   -19.6   -24.8   4.87   20751.   511  -328   183  -197  -0.04
2024 285 10 44   12.25   -3.27   -0.23  -744.2   -21.5   -29.5   4.03   21489.   512  -294   218  -196   0.17
2024 285 10 45   11.88   -2.99   -0.01  -744.1   -21.6   -29.8   3.97   21543.   548  -308   240  -199   0.01
2024 285 10 46   11.50   -3.15    0.24  -744.1   -21.6   -29.8   3.97   21543.   541  -294   247  -201  -0.18
2024 285 10 47   11.45   -3.12    0.66  -752.1   -16.8   -29.4   7.16   22210.   572  -326   246  -203  -0.50
2024 285 10 48   11.30   -3.69    1.23  -752.1   -16.8   -29.4   7.16   22210.   548  -341   207  -206  -0.93
2024 285 10 49   11.23   -3.39    0.97  -752.8   -17.9   -27.7   7.22   22026.   532  -359   173  -209  -0.73
2024 285 10 50   11.07   -3.61    1.19  -752.9   -18.1   -27.5   7.23   22002.   539  -405   134  -214  -0.90
2024 285 10 51   11.07   -3.20    0.68  -753.7   -20.7   -32.4   7.46   22864.   534  -387   147  -218  -0.51
2024 285 10 52   11.07   -3.06    0.50  -753.7   -20.6   -32.4   7.45   22878.   515  -360   155  -222  -0.38
2024 285 10 53   11.01   -3.11    0.16  -753.3   -16.4   -29.7   6.68   23718.   516  -329   187  -223  -0.12
2024 285 10 54   11.02   -3.25    0.66  -753.1   -17.4   -29.4   6.80   23637.   602  -335   267  -222  -0.50
2024 285 10 55   10.94   -3.60    0.87  -752.4   -21.7   -28.0   7.36   23289.   594  -345   249  -222  -0.66
2024 285 10 56   10.83   -3.71    0.83  -752.8   -20.1   -29.9   6.65   24713.   551  -343   208  -223  -0.63
2024 285 10 57   10.85   -3.69    0.64  -753.0   -19.3   -30.8   6.30   25400.   528  -343   185  -223  -0.48
2024 285 10 58   10.90   -3.64    0.55  -752.3   -20.4   -31.4   6.24   23470.   543  -350   193  -222  -0.41
2024 285 10 59   11.01   -3.30    0.18  -752.2   -20.3   -31.3   6.24   23382.   575  -372   203  -222  -0.14
2024 285 11  0   10.91   -3.19    0.27  -750.0   -15.1   -27.8   6.26   21664.   575  -377   198  -222  -0.20
2024 285 11  1   10.72   -3.23    0.68  -748.0    -2.5   -20.5   6.39   21437.   531  -342   189  -222  -0.51
2024 285 11  2   10.77   -3.16    0.61  -747.7    -0.7   -19.5   6.41   21406.   487  -309   178  -222  -0.46
2024 285 11  3   10.77   -2.99    0.51 99999.9 99999.9 99999.9 999.99 9999999.   483  -311   172  -221 999.99
2024 285 11  4   10.83   -2.83    0.56 99999.9 99999.9 99999.9 999.99 9999999.   484  -296   188  -220 999.99
2024 285 11  5   10.82   -2.81    0.70  -751.5   -19.6   -28.9   5.55   29309.   395  -250   145  -218  -0.53
2024 285 11  6   10.95   -2.63    0.66  -751.5   -19.3   -28.8   5.54   28911.   388  -207   181  -215  -0.50
2024 285 11  7   10.85   -2.47    0.76  -749.5    -4.2   -22.2   5.58   22516.   371  -195   176  -213  -0.57
2024 285 11  8   10.83   -2.27    1.08  -747.7     3.0   -17.5   5.77   22289.   403  -183   220  -210  -0.81
2024 285 11  9   10.84   -2.21    1.13  -745.6    10.7   -11.6   6.02   22094.   386  -179   207  -210  -0.84
2024 285 11 10   10.83   -2.20    1.25  -747.4     5.7   -16.7   6.32   21920.   385  -203   182  -212  -0.93
2024 285 11 11   10.82   -1.93    1.27  -748.5     2.7   -19.7   6.51   21818.   438  -247   191  -213  -0.95
2024 285 11 12   10.80   -2.31    1.48  -748.2     1.7   -18.5   6.75   22251.   499  -258   241  -211  -1.11
2024 285 11 13   10.87   -2.47    1.37  -748.1     1.2   -17.8   6.87   22489.   467  -185   282  -210  -1.03
2024 285 11 14   10.84   -2.70    1.34  -747.5     1.7   -18.9   6.18   20908.   420  -139   281  -209  -1.00
2024 285 11 15   10.87   -2.37    2.15  -747.5     1.7   -18.8   6.17   20860.   453  -149   304  -210  -1.61
2024 285 11 16   11.27   -1.96    1.08  -747.5     2.1   -15.3   6.40   19385.   410  -136   274  -209  -0.81
2024 285 11 17   11.37   -1.46    0.72  -747.5     2.6   -16.3   6.27   19638.   412  -141   271  -209  -0.54
2024 285 11 18   11.23   -0.89    0.30  -747.6     3.7   -18.8   5.96   20261.   416  -135   281  -209  -0.22
2024 285 11 19   11.11   -1.29    1.19  -747.6     3.7   -18.8   5.96   20261.   401  -129   272  -209  -0.89
2024 285 11 20   11.00   -1.51    1.57 99999.9 99999.9 99999.9 999.99 9999999.   312  -116   196  -210 999.99
2024 285 11 21   10.95   -1.70    0.72  -739.3   -14.8   -29.4   5.48   32479.   332  -125   207  -209  -0.53
2024 285 11 22   10.65    0.44    3.42  -739.9   -14.9   -24.4   5.45   32283.   348  -126   222  -210  -2.53
2024 285 11 23   10.05    1.36    4.40  -744.4   -15.8    14.4   5.21   30764.   342  -122   220  -210  -3.28
2024 285 11 24    9.95    1.04    4.73  -744.4   -15.8    14.4   5.21   30764.   303  -117   186  -209  -3.52
2024 285 11 25    9.83    0.90    4.88  -749.9   -36.3    -1.2   4.81   34241.   252  -129   123  -209  -3.66
2024 285 11 26   10.02    0.76    4.32  -746.1   -24.8     3.3   4.83   36549.   297  -132   165  -208  -3.23
2024 285 11 27    9.63    1.24    5.21  -746.8    -1.3     2.5   4.71   31373.   283  -106   177  -207  -3.89
2024 285 11 28    9.62    1.65    4.78  -750.1     6.2     4.1   4.79   27561.   198   -89   109  -209  -3.59
2024 285 11 29   11.06    1.07    0.89  -752.5     6.3    14.1   5.15   28253.   197   -88   109  -209  -0.67
2024 285 11 30   11.15    0.92    1.51  -752.5     6.3    14.1   5.15   28253.   177   -83    94  -210  -1.14
2024 285 11 31   11.18    0.45    1.28 99999.9 99999.9 99999.9 999.99 9999999.   199   -97   102  -210 999.99
2024 285 11 32   11.06    0.70    1.53  -737.3   -15.7    -9.1   6.20   19057.   233  -102   131  -209  -1.13
2024 285 11 33   10.12    1.08    3.69  -740.0   -15.7     2.7   6.18   20762.   239   -84   155  -209  -2.73
2024 285 11 34   10.19    1.71    3.00  -742.6   -17.6    14.8   6.37   23448.   175   -64   111  -211  -2.23
2024 285 11 35   10.04    1.55    3.31  -743.0   -19.0    16.8   6.52   24418.   245   -96   149  -211  -2.46
2024 285 11 36   10.33    1.61    2.73  -743.0   -19.0    16.8   6.52   24418.   314   -90   224  -211  -2.03
2024 285 11 37   10.50    1.47    3.03  -742.5   -12.7    15.2   5.82   20394.   307  -102   205  -210  -2.25
2024 285 11 38   10.69    1.41    2.16  -742.5   -12.7    15.2   5.82   20394.   245  -107   138  -208  -1.60
2024 285 11 39   10.90    1.52    1.95  -742.5   -12.7    15.2   5.82   20394.   202   -69   133  -208  -1.45
2024 285 11 40   10.94    1.45    1.95  -732.1    -6.3    -9.4   4.06   23694.   171   -44   127  -209  -1.43
2024 285 11 41   10.72    1.82    2.38  -733.0    -6.6    -5.3   4.12   22884.   180   -60   120  -208  -1.74
2024 285 11 42   10.53    2.19    2.03  -736.2    -7.7     8.5   4.34   20137.   228   -98   130  -209  -1.49
2024 285 11 43   10.52    2.22    1.73  -722.1    12.0    -7.4   3.58   18868.   232  -124   108  -207  -1.25
2024 285 11 44   10.48    2.36    1.78  -722.1    12.0    -7.4   3.58   18868.   248  -144   104  -205  -1.29
2024 285 11 45   10.21    2.65    2.40  -722.1    12.0    -7.4   3.58   18868.   273  -148   125  -204  -1.73
2024 285 11 46   10.16    2.79    2.31  -727.4    -5.0   -12.3   3.68   19799.   271  -139   132  -203  -1.68
2024 285 11 47   10.15    2.88    1.97  -727.4    -5.0   -12.3   3.68   19799.   275  -117   158  -201  -1.43
2024 285 11 48   10.34    2.47    1.89  -725.7    -8.7   -13.9   3.57   18592.   254  -127   127  -198  -1.37
2024 285 11 49   10.28    2.57    1.78  -725.9    -8.2   -13.9   3.57   18661.   260  -126   134  -195  -1.29
2024 285 11 50   10.12    2.31    2.17  -723.5     3.1    -8.6   4.35   19380.   222  -117   105  -192  -1.57
2024 285 11 51    9.97    2.56    2.61  -720.7    12.2    -2.3   5.07   19246.   287  -124   163  -190  -1.88
2024 285 11 52    9.84    2.70    2.81  -720.1    13.9     1.5   5.16   17857.   374  -181   193  -190  -2.02
2024 285 11 53    9.74    2.77    3.09  -720.1    13.9     1.5   5.16   17857.   362  -181   181  -191  -2.23
2024 285 11 54    9.84    2.80    2.80  -722.0     3.2     2.1   5.83   24694.   348   -86   262  -191  -2.02
2024 285 11 55    9.83    2.77    2.85  -721.8    13.4     4.7   4.97   19694.   340   -84   256  -191  -2.06
2024 285 11 56    9.82    2.77    2.83  -721.7    18.7     6.1   4.52   17076.   344  -107   237  -191  -2.04
2024 285 11 57    9.74    2.79    2.98  -719.2    12.9    -1.8   4.34   16712.   396   -88   308  -190  -2.14
2024 285 11 58    9.75    2.57    2.98  -719.3    14.4    -1.4   4.45   16942.   453   -78   375  -189  -2.14
2024 285 11 59    9.72    2.42    3.18  -719.6    17.1    -0.8   4.68   17361.   329   -60   269  -187  -2.29
2024 285 12  0    9.65    2.43    3.23  -719.6    17.1    -0.8   4.68   17361.   195   -56   139  -187  -2.32
2024 285 12  1    9.57    2.27    3.26 99999.9 99999.9 99999.9 999.99 9999999.    92   -44    48  -187 999.99
2024 285 12  2    9.71    2.13    3.17  -723.8    -1.1    -2.4   4.27   19040.   152   -62    90  -188  -2.29
2024 285 12  3    9.72    2.41    3.02  -723.8    -0.6    -2.0   4.31   19027.   154   -65    89  -188  -2.19
2024 285 12  4    9.78    2.62    2.84  -723.4    10.9     5.8   5.03   18761.   157   -93    64  -187  -2.05
2024 285 12  5    9.80    2.60    3.07  -720.1    10.3    -2.3   4.52   18986.   281  -127   154  -187  -2.21
2024 285 12  6    9.95    2.72    2.27  -719.7    10.1    -3.4   4.44   19018.   277  -113   164  -188  -1.63
2024 285 12  7    9.91    2.62    2.49 99999.9 99999.9 99999.9 999.99 9999999.   185   -73   112  -189 999.99
2024 285 12  8    9.82    2.53    2.78 99999.9 99999.9 99999.9 999.99 9999999.   212   -97   115  -191 999.99
2024 285 12  9    9.81    2.38    2.98  -719.7    14.0     1.7   4.53   17443.   186  -115    71  -193  -2.15
2024 285 12 10    9.82    2.28    3.16  -719.7    14.0     1.7   4.53   17443.   209  -119    90  -193  -2.27
2024 285 12 11    9.68    2.24    3.61 99999.9 99999.9 99999.9 999.99 9999999.   332  -130   202  -193 999.99
2024 285 12 12    9.52    2.17    4.07  -721.2    13.4     1.3   3.92   20084.   357  -127   230  -193  -2.94
2024 285 12 13    9.59    2.20    3.92  -721.2    13.4     1.3   3.92   20084.   244  -104   140  -192  -2.83
2024 285 12 14    9.53    2.29    3.84 99999.9 99999.9 99999.9 999.99 9999999.   135  -124    11  -193 999.99
2024 285 12 15    9.51    2.27    3.90  -720.5    14.6     3.8   3.36   18911.   166  -160     6  -194  -2.81
2024 285 12 16    9.18    3.43    2.50  -722.0    13.0     5.5   3.28   25409.   267  -240    27  -195  -1.81
2024 285 12 17    9.09    3.58    2.56  -728.0     6.4    12.0   2.86   51165.   370  -327    43  -195  -1.86
2024 285 12 18    9.26    3.42    2.33  -723.3     9.5     2.5   2.27   37846.   445  -395    50  -194  -1.69
2024 285 12 19    9.34    3.08    3.04  -722.6     5.1    10.7   3.10   27316.   405  -296   109  -193  -2.20
2024 285 12 20    9.27    2.76    3.83  -724.0     1.9    16.0   2.95   30165.   404  -250   154  -193  -2.77
2024 285 12 21    9.31    3.19    2.85 99999.9 99999.9 99999.9 999.99 9999999.   379  -239   140  -192 999.99
2024 285 12 22    9.11    3.27    2.02 99999.9 99999.9 99999.9 999.99 9999999.   302  -223    79  -192 999.99
2024 285 12 23    8.97    2.98    2.46  -732.2    -6.1   -13.0   3.12   39402.   287  -247    40  -192  -1.80
2024 285 12 24    8.74    3.16    1.38  -736.2    -5.7    -7.4   3.27   40341.   314  -259    55  -192  -1.02
2024 285 12 25    9.27    2.99    1.73  -737.5     3.1    -4.0   3.31   42010.   299  -263    36  -191  -1.28
2024 285 12 26    7.49    1.18   -3.16  -723.5     6.7    -3.0   2.67   32959.   283  -252    31  -189   2.29
2024 285 12 27    4.87   -1.15   -8.63  -766.8   -16.8    -9.8   3.55   34645.   351  -269    82  -188   6.62
2024 285 12 28    5.21   -0.91   -8.59  -766.8   -16.8    -9.8   3.55   34645.   416  -292   124  -187   6.59
2024 285 12 29    5.09   -0.53   -8.66  -771.9   -24.8    -7.8   3.68   35578.   447  -322   125  -186   6.69
2024 285 12 30    5.49   -0.23   -8.47  -768.9   -19.3    -5.3   3.86   40367.   482  -365   117  -185   6.52
2024 285 12 31    4.25    0.07   -9.25  -767.0   -15.6    -3.6   3.99   43513.   498  -395   103  -183   7.10
2024 285 12 32    4.12   -0.45   -9.38  -775.7   -14.7    -9.6   3.73   40975.   537  -455    82  -179   7.28
2024 285 12 33    4.10   -0.76   -9.38  -773.4   -13.4    -7.6   3.89   39460.   538  -423   115  -179   7.26
2024 285 12 34    5.36   -0.52   -8.59  -771.5   -14.6   -12.9   4.30   43868.   677  -462   215  -181   6.63
2024 285 12 35    6.72   -0.10   -7.47  -763.7   -18.3     1.3   4.40   50113.   733  -485   248  -182   5.71
2024 285 12 36    7.58    1.00   -6.44  -751.9    -7.9     0.7   4.40   44958.   664  -446   218  -182   4.84
2024 285 12 37    8.42    1.31   -5.28  -748.8    -5.3     0.3   4.39   43778.   664  -436   228  -180   3.95
2024 285 12 38    8.36    1.24   -5.59  -743.7   -11.4     8.1   4.13   52045.   695  -438   257  -180   4.16
2024 285 12 39    8.57    0.82   -5.35  -743.7    -5.5     2.2   3.83   51316.   716  -477   239  -180   3.98
2024 285 12 40    8.50    0.12   -5.57  -743.7    -4.0     0.7   3.75   51126.   692  -489   203  -181   4.14
2024 285 12 41    8.44   -0.01   -5.71  -744.3   -14.6     0.2   3.89   54741.   677  -470   207  -181   4.25
2024 285 12 42    8.42    0.33   -5.71  -744.3   -14.6     0.2   3.89   54741.   633  -435   198  -182   4.25
2024 285 12 43    8.62    0.14   -5.35  -741.4   -29.7     8.9   3.62   50321.   586  -412   174  -183   3.97
2024 285 12 44    8.67    0.29   -5.14  -741.6   -23.1     4.9   3.65   55725.   569  -355   214  -184   3.81
2024 285 12 45    8.54    1.04   -5.24  -741.7   -17.3     1.4   3.67   60451.   581  -339   242  -185   3.89
2024 285 12 46    8.69    1.05   -5.00  -742.6   -24.9    -4.1   3.79   56761.   605  -345   260  -186   3.72
2024 285 12 47    8.28    1.07   -5.50  -740.0   -16.8    -6.3   3.81   50960.   553  -321   232  -186   4.07
2024 285 12 48    8.05    0.92   -5.90  -738.5   -11.9    -7.6   3.82   47500.   557  -343   214  -186   4.36
2024 285 12 49    8.10    1.31   -5.71  -744.6    -1.5     0.7   3.83   50670.   607  -394   213  -186   4.25
2024 285 12 50    8.07    1.96   -5.60  -744.6    -1.5     0.7   3.83   50670.   645  -449   196  -187   4.17
2024 285 12 51    8.17    1.86   -5.26  -745.4    -4.5     4.4   3.83   50444.   679  -487   192  -188   3.92
2024 285 12 52    8.59    0.93   -4.95  -745.6    -5.2     5.3   3.83   50390.   686  -487   199  -190   3.69
2024 285 12 53    8.67    1.16   -4.66  -741.6    -8.7     3.9   3.70   57002.   695  -471   224  -190   3.46
2024 285 12 54    8.69   -0.42   -4.80  -742.8    10.3     0.5   3.71   53103.   639  -396   243  -190   3.57
2024 285 12 55    8.73    0.08   -4.78  -743.5    20.1    -1.2   3.72   51091.   526  -308   218  -190   3.56
2024 285 12 56    8.48    0.58   -5.07 99999.9 99999.9 99999.9 999.99 9999999.   500  -273   227  -191 999.99
2024 285 12 57    8.96    1.10   -4.10  -741.5   -18.7   -11.8   3.66   50286.   527  -285   242  -193   3.04
2024 285 12 58    8.61    1.18   -4.74  -741.5   -18.7   -11.8   3.66   50286.   540  -292   248  -193   3.52
2024 285 12 59    8.30    1.17   -5.14  -740.5   -13.6     5.0   4.05   51849.   524  -319   205  -192   3.81
2024 285 13  0    8.75    0.99   -4.43  -739.1   -12.4     3.4   4.03   50509.   478  -295   183  -193   3.28
2024 285 13  1    9.04    1.27   -3.80 99999.9 99999.9 99999.9 999.99 9999999.   424  -261   163  -194 999.99
2024 285 13  2    9.04    1.16   -3.90 99999.9 99999.9 99999.9 999.99 9999999.   439  -267   172  -193 999.99
2024 285 13  3    9.31    1.29   -2.95  -733.4   -25.7    11.4   4.58   47568.   470  -271   199  -194   2.17
2024 285 13  4    9.20    1.64   -3.22  -733.4   -25.7    11.4   4.58   47568.   477  -272   205  -194   2.36
2024 285 13  5    9.16    1.66   -3.44  -735.9   -14.2     6.4   4.45   47599.   474  -282   192  -194   2.53
2024 285 13  6    9.22    2.68   -1.46  -734.3   -16.1    23.7   4.39   55983.   474  -288   186  -194   1.07
2024 285 13  7    8.49    2.07   -4.26  -733.2   -15.0    43.3   4.00   45746.   478  -281   197  -194   3.13
2024 285 13  8    7.53    1.43   -5.88  -744.5   -15.2    -8.8   5.03   57803.   516  -296   220  -194   4.38
2024 285 13  9    8.02    2.53   -4.74  -744.5   -14.2    -8.0   5.02   57769.   434  -238   196  -193   3.53
2024 285 13 10    8.37    4.24   -2.02  -743.9    -2.4     2.3   4.77   57355.   350  -191   159  -192   1.50
2024 285 13 11    9.00    2.60   -2.13  -743.9    -2.4     2.3   4.77   57355.   347  -181   166  -192   1.58
2024 285 13 12    9.35    0.45   -2.86  -729.9   -25.8     5.4   3.72   83452.   381  -186   195  -192   2.09
2024 285 13 13    9.32    0.98   -2.80  -729.9   -25.8     5.4   3.72   83452.   519  -315   204  -192   2.05
2024 285 13 14    9.40    1.34   -2.24  -731.3   -24.4     7.3   3.77   81474.   528  -340   188  -192   1.64
2024 285 13 15    9.15    1.49   -2.98  -732.2   -23.5     8.6   3.81   80160.   454  -299   155  -191   2.18
2024 285 13 16    8.14    1.54   -4.76  -735.0   -13.4     2.3   3.79   69082.   345  -219   126  -192   3.50
2024 285 13 17    6.34    0.19   -7.23  -735.4   -13.2     0.3   4.09   63462.   363  -252   111  -192   5.32
2024 285 13 18    5.81    0.01   -7.66  -736.3   -14.1    -4.9   5.03   47161.   423  -327    96  -193   5.64
2024 285 13 19    5.86   -0.05   -7.62  -736.3   -14.1    -4.9   5.03   47161.   364  -227   137  -194   5.61
2024 285 13 20    5.53    0.15   -7.89  -736.6   -11.3    15.8   4.67   36940.   529  -339   190  -194   5.81
2024 285 13 21    7.35    1.16   -5.89  -736.6   -11.3    15.8   4.67   36940.   732  -517   215  -195   4.34
2024 285 13 22    7.83    1.50   -5.07 99999.9 99999.9 99999.9 999.99 9999999.   672  -484   188  -194 999.99
2024 285 13 23    8.21    1.94   -4.30 99999.9 99999.9 99999.9 999.99 9999999.   750  -640   110  -193 999.99
2024 285 13 24    7.84    1.72   -5.01  -734.2   -11.3    11.0   5.29   68261.  1052  -960    92  -193   3.68
2024 285 13 25    8.12    1.88   -4.50  -734.2   -11.3    11.0   5.29   68261.  1261 -1141   120  -193   3.30
2024 285 13 26    8.22    2.18   -4.25  -734.2   -11.3    11.0   5.29   68261.  1444 -1341   103  -194   3.12
2024 285 13 27    8.09    1.65   -4.64  -721.7    -9.7    36.9   4.54   49314.  1563 -1445   118  -194   3.35
2024 285 13 28    7.94    1.64   -4.89  -721.7    -9.7    36.9   4.54   49314.  1366 -1280    86  -194   3.53
2024 285 13 29    7.63    1.69   -5.33  -733.1   -13.3     7.8   5.57   59044.  1382 -1304    78  -193   3.91
2024 285 13 30    7.61    2.95   -3.96  -733.1   -13.3     7.8   5.57   59044.  1453 -1368    85  -194   2.90
2024 285 13 31    7.57    4.54   -1.86  -724.0    -4.5    24.3   6.29   55948.  1544 -1440   104  -194   1.35
2024 285 13 32    8.09    2.63   -2.79  -723.9    -4.4    24.4   6.29   55879.  1709 -1603   106  -194   2.02
2024 285 13 33    7.94    2.05   -3.73  -719.4    -2.3    26.4   6.44   53762.  1327 -1222   105  -194   2.69
2024 285 13 34    7.97    2.16   -3.66  -718.1    -4.6    24.2   6.24   49735.  1643 -1527   116  -194   2.63
2024 285 13 35    7.79    2.64   -3.59  -715.2    -9.5    19.5   5.79   41067.  1475 -1333   142  -193   2.57
2024 285 13 36    8.05    2.94   -2.51  -720.7    -2.7    25.3   6.36   56647.  1664 -1534   130  -194   1.81
2024 285 13 37    8.13    3.28   -1.79  -720.7    -5.4    31.7   6.77   58829.  1577 -1477   100  -192   1.29
2024 285 13 38    8.18    3.41   -0.70  -720.4    -7.5    36.1   7.06   59529.  1640 -1566    74  -191   0.50
2024 285 13 39    7.91    4.08   -0.41  -721.3    -4.8    37.0   7.92   55105.  1781 -1681   100  -191   0.30
2024 285 13 40    7.43    5.06    0.08  -721.4    -6.3    34.8   7.66   54812.  1991 -1856   135  -192  -0.06
2024 285 13 41    8.47    2.95   -1.64  -721.4    -6.6    34.3   7.60   54741.  1903 -1771   132  -190   1.18
2024 285 13 42    8.40    3.30   -1.28  -715.5     5.3    23.5   7.11   72219.  1967 -1831   136  -190   0.92
2024 285 13 43    8.11    3.89   -1.28  -715.5     5.3    23.5   7.11   72219.  2055 -1914   141  -189   0.92
2024 285 13 44    8.19    3.33   -1.70  -719.8     3.8    25.9   8.36   53115.  2035 -1881   154  -188   1.22
2024 285 13 45    8.19    3.46   -1.43  -719.8     3.8    25.9   8.36   53115.  2092 -1918   174  -187   1.03
2024 285 13 46    8.24    2.91   -2.45  -721.8    -1.7    24.4   9.49   49487.  2187 -2032   155  -185   1.77
2024 285 13 47    8.45    2.82    0.65  -721.8    -1.7    24.4   9.49   49487.  2217 -2052   165  -185  -0.47
2024 285 13 48    8.41    2.88    1.18  -721.4    -0.4    25.5   9.15   51479.  2034 -1840   194  -183  -0.85
2024 285 13 49    8.72    3.17    0.01  -720.8     0.4    26.4   9.05   50933.  1813 -1663   150  -182  -0.01
2024 285 13 50    8.72    3.29    0.62  -718.8     2.9    29.5   8.73   49141.  1876 -1732   144  -181  -0.45
2024 285 13 51    8.67    3.49    0.70  -718.8     2.9    29.5   8.73   49141.  1976 -1873   103  -180  -0.50
2024 285 13 52 9999.99 9999.99 9999.99 99999.9 99999.9 99999.9 999.99 9999999.  1906 -1796   110  -179 999.99
2024 285 13 53    8.73    3.33    1.03 99999.9 99999.9 99999.9 999.99 9999999.  1598 -1456   142  -179 999.99
2024 285 13 54 9999.99 9999.99 9999.99 99999.9 99999.9 99999.9 999.99 9999999.  1497 -1370   127  -178 999.99
2024 285 13 55    8.77    3.19    1.21  -715.4    15.1    12.9   7.01   39495.  1574 -1403   171  -178  -0.87
2024 285 13 56    8.86    3.03    1.11  -715.4    15.1    12.9   7.01   39495.  1464 -1310   154  -178  -0.79
2024 285 13 57    8.81    3.15    1.26  -715.4    14.6    13.5   7.04   39758.  1231 -1112   119  -176  -0.90
2024 285 13 58    8.81    3.20    1.35  -715.4    -1.5    32.9   8.00   48078.  1331 -1205   126  -177  -0.97
2024 285 13 59    8.75    2.98    1.76  -715.4    -1.5    32.9   8.00   48078.  1184 -1067   117  -176  -1.26
2024 285 14  0    8.73    2.64    2.15  -717.2    -2.4    35.8   7.91   52793.  1078  -989    89  -175  -1.54
2024 285 14  1    8.73    3.52    0.86  -717.0    -1.5    35.2   7.81   54255.   831  -732    99  -174  -0.62
2024 285 14  2    8.01    5.16   -1.99  -715.3     5.6    31.0   7.04   65247.   921  -817   104  -174   1.42
2024 285 14  3    7.76    5.71   -2.62  -715.3     5.6    31.0   7.04   65247.   939  -835   104  -175   1.88
2024 285 14  4    8.32    4.87   -2.09  -720.0    -2.0    27.8   5.28   59765.   882  -820    62  -175   1.51
2024 285 14  5    8.22    5.26   -1.72  -720.0    -2.0    27.8   5.28   59765.   911  -806   105  -175   1.24
2024 285 14  6    7.87    5.58   -2.30  -724.9    15.9    36.3   5.57   62379.   881  -773   108  -175   1.67
2024 285 14  7    7.47    6.08   -2.39  -724.9    15.9    36.3   5.57   62379.   907  -760   147  -175   1.74
2024 285 14  8    7.42    5.96   -2.65  -722.8     2.2    32.3   5.42   55508.   932  -765   167  -175   1.92
2024 285 14  9    7.66    5.68   -2.70  -722.8     2.2    32.3   5.42   55508.   872  -743   129  -175   1.95
2024 285 14 10    8.01    5.44   -2.01  -720.5     0.3    32.1   5.54   52329.   878  -770   108  -174   1.45
2024 285 14 11    8.05    5.07   -1.89  -720.5     0.3    32.1   5.54   52329.   972  -843   129  -174   1.36
2024 285 14 12    7.90    5.25   -1.71  -716.8     1.3    29.5   6.62   51762.   968  -845   123  -172   1.23
2024 285 14 13    8.04    5.22   -1.27  -716.2     1.1    30.2   5.97   54860.   904  -796   108  -172   0.91
2024 285 14 14    8.30    4.76   -1.00  -715.9     1.0    31.1   5.49   57008.   925  -761   164  -171   0.72
2024 285 14 15    8.46    4.58   -0.74  -716.5     1.7    33.2   5.79   54850.   883  -738   145  -171   0.53
2024 285 14 16    8.85    3.99   -0.88  -713.6    -1.9    32.1   5.40   55321.   954  -817   137  -171   0.63
2024 285 14 17    8.67    4.44   -0.50  -713.4    -1.7    35.7   5.48   54854.   896  -743   153  -169   0.36
2024 285 14 18    8.76    4.34    0.10  -713.4    -1.3    39.0   5.59   54414.   784  -672   112  -169  -0.07
2024 285 14 19    8.76    4.30   -0.05  -712.6    -3.1    34.1   5.36   59120.   749  -677    72  -168   0.04
2024 285 14 20    8.83    4.02    1.17  -712.6    -3.1    34.1   5.36   59120.   764  -654   110  -168  -0.83
2024 285 14 21    8.67    4.55    0.34 99999.9 99999.9 99999.9 999.99 9999999.   772  -643   129  -167 999.99
2024 285 14 22    8.61    4.76    0.43  -713.4    -1.8    37.5   5.98   46959.   751  -642   109  -167  -0.31
2024 285 14 23    8.42    5.18    0.68  -713.4    -1.8    37.5   5.98   46959.   783  -643   140  -167  -0.49
2024 285 14 24    8.58    4.89    0.57  -714.5     1.2    38.5   4.97   55188.   822  -661   161  -166  -0.41
2024 285 14 25    8.59    4.91    0.56  -714.6     1.5    38.6   4.88   55875.   870  -693   177  -166  -0.40
2024 285 14 26    8.80    4.35   -0.22  -712.1    -0.5    34.4   5.23   60643.   900  -771   129  -167   0.16
2024 285 14 27    8.77    4.63    0.11  -712.1    -0.5    34.4   5.23   60643.   857  -763    94  -167  -0.08
2024 285 14 28    8.57    4.96    0.34  -710.8    -0.1    35.8   5.28   51264.   895  -771   124  -168  -0.24
2024 285 14 29    8.48    5.05    0.62  -710.8    -0.1    35.8   5.28   51021.   951  -831   120  -168  -0.44
2024 285 14 30    8.51    5.13    1.06  -715.0    -2.9    38.6   4.83   60222.  1019  -916   103  -166  -0.76
2024 285 14 31    8.54    5.18    1.03  -715.2    -0.8    41.2   4.71   58717.  1002  -901   101  -166  -0.74
2024 285 14 32    8.69    4.97    1.33  -715.7     3.7    46.8   4.47   55398.   816  -702   114  -166  -0.95
2024 285 14 33    8.56    5.12    1.62  -717.1    -3.9    40.7   5.17   40448.   757  -627   130  -167  -1.16
2024 285 14 34    8.88    4.74    1.14  -717.2    -4.7    40.0   5.25   38787.   738  -630   108  -167  -0.82
2024 285 14 35    9.07    4.44    0.78  -715.2    -5.2    35.8   4.82   43467.   663  -606    57  -167  -0.56
2024 285 14 36    9.23    4.18    0.94  -715.0    -5.3    35.3   4.77   43974.   686  -643    43  -167  -0.67
2024 285 14 37    9.14    3.47    2.37  -711.8   -23.4    29.7   4.94   57589.   676  -639    37  -167  -1.69
2024 285 14 38    8.87    3.35    3.09  -709.0   -15.1    36.1   4.96   63613.   672  -614    58  -166  -2.19
2024 285 14 39    8.90    3.16    3.28  -708.3   -24.9    34.3   4.65   62477.   673  -556   117  -165  -2.33
2024 285 14 40    8.90    3.46    2.80  -709.5   -28.4    31.8   4.65   57710.   608  -489   119  -165  -1.99
2024 285 14 41    8.40    5.41    2.16  -711.5   -15.3    36.1   5.07   48969.   579  -503    76  -164  -1.54
2024 285 14 42    8.10    5.86    2.05  -718.6    -5.7    40.2   4.76   39849.   587  -558    29  -164  -1.48
2024 285 14 43    9.13    4.31    1.91  -718.9    -5.7    40.2   4.73   39525.   589  -566    23  -164  -1.38
2024 285 14 44    8.63    4.26    3.47  -712.8   -32.8    32.7   4.09   40482.   601  -542    59  -163  -2.48
2024 285 14 45    8.35    4.18    4.06  -714.3   -29.8    39.8   4.51   38339.   608  -529    79  -163  -2.91
2024 285 14 46    8.44    4.04    3.84  -714.7   -28.1    44.5   4.69   42043.   613  -550    63  -163  -2.75
2024 285 14 47    8.87    4.59    1.98  -708.9   -26.5    26.2   3.75   59844.   631  -585    46  -163  -1.41
2024 285 14 48    8.91    4.61    2.19  -704.4   -10.4    15.8   3.61   73482.   694  -657    37  -163  -1.54
2024 285 14 49    9.01    4.35    2.30  -701.2   -10.6    26.1   3.17   85762.   650  -630    20  -163  -1.61
2024 285 14 50    9.24    4.25    1.93  -692.9    -2.9    36.0   2.87   70832.   626  -605    21  -163  -1.34
2024 285 14 51    9.29    4.21    1.80  -697.4    -9.0    38.7   2.93   90337.   716  -678    38  -162  -1.26
2024 285 14 52    9.51    3.98    1.34  -693.0   -13.7    43.1   2.91   72066.   679  -645    34  -162  -0.93
2024 285 14 53    9.56    4.04    1.45  -696.8   -14.7    28.3   2.61   63841.   592  -571    21  -162  -1.01
2024 285 14 54    7.44    5.79    3.34  -701.9    -7.6    10.1   2.53   61611.   562  -538    24  -162  -2.35
2024 285 14 55    8.24    4.79    3.33  -703.1    -3.2    31.1   4.92   55728.   586  -550    36  -162  -2.34
2024 285 14 56    8.77    4.44    2.54  -703.1    -3.2    31.1   4.92   55728.   580  -529    51  -161  -1.79
2024 285 14 57    8.70    4.52    2.86  -685.1   -11.8    30.6   4.85   50251.   528  -487    41  -159  -1.96
2024 285 14 58    8.81    4.30    2.95  -685.1   -11.8    30.6   4.85   50251.   483  -468    15  -158  -2.02
2024 285 14 59    8.72    4.55    2.94  -685.2    -8.6    31.3   4.73   74622.   364  -347    17  -158  -2.02
2024 285 15  0    8.66    4.63    3.01  -685.2    -8.6    31.3   4.73   74622.   325  -302    23  -157  -2.06
2024 285 15  1    8.57    4.73    3.17  -682.9    -9.3    33.4   4.69   48960.   321  -297    24  -156  -2.17
2024 285 15  2    8.56    4.78    2.91  -683.3    -9.2    33.2   4.72   49375.   318  -292    26  -155  -1.99
2024 285 15  3    8.49    5.07    2.17  -689.1    -7.7    30.9   5.22   57505.   310  -262    48  -153  -1.50
2024 285 15  4    8.91    4.40    2.06  -688.6    -7.9    30.6   5.23   57808.   304  -248    56  -152  -1.42
2024 285 15  5    9.05    3.93    2.35  -682.3    -9.6    27.7   5.39   61296.   309  -259    50  -152  -1.61
2024 285 15  6    8.55    4.84    2.59  -685.7    -5.5    30.2   5.31   55484.   308  -262    46  -151  -1.78
2024 285 15  7    8.33    4.98    2.68  -688.0    -2.6    32.0   5.25   51479.   343  -270    73  -150  -1.85
2024 285 15  8    8.23    5.13    2.61  -691.7    -3.2    33.9   5.59   58993.   340  -265    75  -149  -1.81
2024 285 15  9    8.54    4.68    2.61  -691.7    -3.2    33.9   5.59   59006.   283  -244    39  -148  -1.81
2024 285 15 10    8.66    4.68    2.50  -686.2    -5.9    27.4   5.23   52365.   253  -247     6  -147  -1.72
2024 285 15 11    9.02    3.93    2.35  -686.2    -5.9    27.4   5.23   52365.   254  -254     0  -147  -1.61
2024 285 15 12    8.80    4.12    2.45  -683.9   -11.3    28.0   5.37   54743.   270  -251    19  -146  -1.68
2024 285 15 13    8.88    3.95    2.32  -683.8   -11.5    28.0   5.37   54814.   296  -259    37  -146  -1.59
2024 285 15 14    9.02    3.78    2.26  -682.6   -11.2    28.1   5.32   57072.   338  -259    79  -145  -1.54
2024 285 15 15    9.15    3.54    2.05  -681.3   -10.9    28.3   5.27   59385.   353  -254    99  -144  -1.40
2024 285 15 16    9.15    3.62    2.12  -681.3   -10.9    28.3   5.27   59385.   268  -232    36  -143  -1.45
2024 285 15 17    9.22    3.72    2.25  -682.1   -11.7    28.1   4.75   83948.   255  -242    13  -144  -1.54
2024 285 15 18    9.39    3.42    1.89  -681.9   -11.7    27.8   4.70   80189.   262  -246    16  -143  -1.29
2024 285 15 19    9.09    3.70    2.16  -680.2   -11.7    25.8   4.32   51514.   266  -249    17  -142  -1.47
2024 285 15 20    8.86    3.82    2.34  -680.2   -12.9    27.0   4.97   58274.   245  -220    25  -141  -1.59
2024 285 15 21    9.09    3.69    2.21  -680.2   -13.8    28.0   5.46   63432.   259  -214    45  -140  -1.50
2024 285 15 22    9.18    3.61    2.18  -677.3   -11.4    37.4   4.37   46216.   261  -196    65  -138  -1.48
2024 285 15 23    9.20    3.83    2.02  -676.4   -10.7    40.2   4.05   41182.   209  -174    35  -137  -1.37
2024 285 15 24    9.27    3.71    1.97  -679.9   -13.0    28.3   4.48   54543.   206  -156    50  -135  -1.34
2024 285 15 25    9.00    3.63    2.32  -680.0   -13.1    27.8   4.50   55069.   173  -144    29  -134  -1.58
2024 285 15 26    8.89    3.44    2.56  -675.8   -13.9    45.7   4.91   46782.   171  -150    21  -133  -1.73
2024 285 15 27    9.03    3.40    2.37  -675.6   -13.9    46.5   4.93   46388.   205  -156    49  -133  -1.61
2024 285 15 28    8.83    3.57    2.63  -675.6   -13.9    46.5   4.93   46388.   234  -172    62  -132  -1.78
2024 285 15 29    8.89    3.49    2.44 99999.9 99999.9 99999.9 999.99 9999999.   245  -174    71  -133 999.99
2024 285 15 30    8.94    3.58    2.29  -679.6   -15.2    29.1   4.96   58855.   238  -196    42  -133  -1.56
2024 285 15 31    8.97    3.67    2.50  -679.6   -15.2    29.1   4.96   58855.   278  -162   116  -132  -1.70
2024 285 15 32    8.97    3.94    1.96  -680.2   -17.8    25.1   4.99   58517.   235  -168    67  -130  -1.33
2024 285 15 33    8.78    4.19    2.19  -680.2   -17.8    25.1   4.99   58516.   184  -184     0  -130  -1.49
2024 285 15 34    9.02    3.90    1.95  -682.4    -8.9    19.9   4.80   70603.   274  -233    41  -131  -1.33
2024 285 15 35    9.07    3.94    1.84  -682.8    -7.5    19.1   4.77   72512.   227  -206    21  -131  -1.26
2024 285 15 36    9.17    3.50    1.97  -681.2   -13.0    20.0   4.99   65977.   259  -189    70  -130  -1.34
2024 285 15 37    9.22    3.32    1.94  -680.3   -16.4    20.5   5.11   61991.   281  -178   103  -129  -1.32
2024 285 15 38    9.06    3.95    1.82  -679.3   -18.7    19.8   5.08   60578.   207  -151    56  -128  -1.24
2024 285 15 39    9.07    3.95    1.64  -676.9   -24.0    18.3   5.02   57281.   231  -207    24  -128  -1.11
2024 285 15 40    9.02    4.09    1.64  -677.7   -15.4    18.7   5.07   58874.   216  -208     8  -129  -1.11
2024 285 15 41    9.30    3.51    1.57  -678.0   -12.7    18.8   5.09   59385.   207  -201     6  -129  -1.07
2024 285 15 42    9.28    3.42    1.74  -676.6   -10.9    19.6   4.78   57691.   262  -195    67  -128  -1.18
2024 285 15 43    9.29    3.41    1.60  -676.6   -10.9    19.6   4.78   57691.   265  -188    77  -127  -1.08
2024 285 15 44    9.05    3.94    1.71  -669.9   -12.1    19.2   4.87   54305.   247  -217    30  -129  -1.15
2024 285 15 45    8.88    4.33    1.67  -669.9   -12.1    19.2   4.87   54305.   279  -238    41  -130  -1.12
2024 285 15 46    9.00    4.05    1.84  -671.2   -13.1     7.1   5.22   62495.   275  -248    27  -130  -1.24
2024 285 15 47    9.08    3.63    1.54  -672.0    -9.7    10.6   5.27   62389.   271  -237    34  -131  -1.04
2024 285 15 48    9.37    3.09    1.01  -674.6     1.8    22.4   5.43   62029.   281  -218    63  -130  -0.68
2024 285 15 49    9.42    3.01    0.91  -676.0    -9.1    24.1   5.23   64534.   235  -195    40  -130  -0.62
2024 285 15 50    9.47    2.69    1.11  -676.0    -9.1    24.1   5.23   64534.   190  -186     4  -130  -0.75
2024 285 15 51    9.47    2.57    1.55  -676.0    -9.1    24.1   5.23   64534.   198  -200    -2  -130  -1.05
2024 285 15 52    9.74    1.99    0.90  -674.1    -9.5    18.7   5.24   78539.   221  -200    21  -130  -0.61
2024 285 15 53    9.59    2.49    0.72  -674.1    -9.5    18.7   5.24   78420.   215  -188    27  -129  -0.49
2024 285 15 54    9.51    2.58    0.98  -674.5    -8.4    22.3   5.24   66677.   211  -189    22  -130  -0.66
2024 285 15 55    9.50    2.50    1.05  -673.6    -4.4    19.5   5.25   66735.   210  -185    25  -130  -0.71
2024 285 15 56    9.52    2.37    1.17  -672.5     0.9    15.8   5.26   67007.   233  -179    54  -129  -0.79
2024 285 15 57    9.41    2.97    1.17  -672.5     0.9    15.8   5.26   67007.   227  -198    29  -129  -0.79
2024 285 15 58    9.49    2.68    1.07  -667.9   -11.1    13.0   5.07   62846.   194  -203    -9  -129  -0.71
2024 285 15 59    9.46    2.76    1.12  -667.9   -11.1    13.0   5.07   62846.   188  -198   -10  -130  -0.75
2024 285 16  0    9.34    3.19    1.15  -667.1   -14.0    11.7   5.30   68018.   231  -215    16  -129  -0.77
2024 285 16  1    9.17    3.64    1.29  -667.1   -14.0    11.7   5.30   68018.   238  -201    37  -129  -0.86
2024 285 16  2    9.38    3.14    1.24  -667.7   -17.9     8.2   5.53   83318.   214  -171    43  -128  -0.83
2024 285 16  3    9.11    3.84    1.46  -667.7   -17.9     8.2   5.53   83318.   179  -144    35  -129  -0.98
2024 285 16  4    9.00    4.01    1.43  -668.6   -19.8    27.9   5.07   61292.   175  -121    54  -128  -0.96
2024 285 16  5    9.21    3.38    1.14  -668.7   -19.9    29.4   5.03   59575.   159  -118    41  -128  -0.76
2024 285 16  6    9.33    3.20    1.01  -668.6    -9.9    10.0   5.56   71552.   171  -142    29  -128  -0.68
2024 285 16  7    9.33    3.23    0.96  -668.6    -9.9    10.0   5.56   71552.   186  -152    34  -128  -0.64
2024 285 16  8    9.48    2.94    0.61  -665.8   -13.1     7.4   5.36   66967.   204  -162    42  -127  -0.41
2024 285 16  9    9.50    2.90    0.42  -665.8   -13.1     7.4   5.36   66967.   200  -132    68  -127  -0.28
2024 285 16 10    9.51    2.88    0.42  -666.1   -14.3    11.5   5.25   69539.   183  -118    65  -126  -0.28
2024 285 16 11    9.52    2.95    0.45  -666.5   -15.9    17.2   5.09   73184.   171  -120    51  -127  -0.30
2024 285 16 12    9.41    3.24    0.44  -667.1   -13.3    13.2   5.33   71409.   187  -141    46  -128  -0.29
2024 285 16 13    9.47    3.23    0.67  -667.4   -11.7    10.8   5.47   70350.   216  -158    58  -127  -0.45
2024 285 16 14    9.42    3.00    0.94  -668.1   -10.4     8.7   5.36   71344.   219  -156    63  -127  -0.63
2024 285 16 15    9.49    2.88    0.56  -668.0   -10.4     8.9   5.36   71121.   187  -139    48  -128  -0.37
2024 285 16 16    9.61    2.72    0.03  -664.2    -9.5    21.8   5.20   55288.   138  -120    18  -126  -0.02
2024 285 16 17    9.67    2.57   -0.12  -664.2    -9.5    21.8   5.20   55288.   177  -117    60  -126   0.08
2024 285 16 18    9.60    2.46   -0.34  -671.5    -6.8     7.0   5.05   63510.   211  -122    89  -127   0.23
2024 285 16 19    9.53    2.06   -0.65  -671.5    -6.8     7.0   5.05   63510.   225  -147    78  -128   0.44
2024 285 16 20    9.56    1.91   -0.46  -666.4    -8.0     5.7   5.51   80160.   187  -154    33  -128   0.31
2024 285 16 21    9.57    1.77   -0.63  -666.4    -8.0     5.7   5.51   80160.   215  -145    70  -127   0.42
2024 285 16 22    9.60    1.47   -1.04  -667.3    -9.9     5.4   5.49   82333.   165  -125    40  -128   0.69
2024 285 16 23    9.67    1.82   -0.56  -667.3    -9.9     5.4   5.49   82333.   152  -119    33  -128   0.37
2024 285 16 24    9.74    2.52    0.53  -670.3   -15.0     9.9   5.36   76736.   207  -130    77  -129  -0.36
2024 285 16 25    9.67    2.78    0.68  -670.3   -15.0     9.9   5.36   76718.   229  -186    43  -129  -0.46
2024 285 16 26    9.58    2.96    0.91  -670.8   -15.4    12.3   5.23   73605.   211  -152    59  -127  -0.61
2024 285 16 27    9.57    3.01    0.83  -670.8   -15.4    12.3   5.23   73605.   198  -120    78  -127  -0.56
2024 285 16 28    9.54    3.00    0.89  -671.7   -18.9    14.8   5.13   72847.   144  -102    42  -128  -0.60
2024 285 16 29    9.59    2.88    0.81  -671.7   -18.9    14.8   5.13   72847.   155  -107    48  -129  -0.54
2024 285 16 30    9.70    2.41    0.18  -672.0   -16.5    14.0   5.33   66276.   165  -116    49  -129  -0.12
2024 285 16 31    9.73    2.07   -0.37  -672.1   -15.9    13.8   5.37   64771.   170  -123    47  -128   0.25
2024 285 16 32    9.69    2.08   -0.78  -669.4   -13.9    18.2   5.48   69118.   168  -126    42  -128   0.52
2024 285 16 33    9.55    2.99    0.40  -669.4   -13.9    18.2   5.48   69118.   178  -137    41  -127  -0.27
2024 285 16 34    9.12    3.73    1.27 99999.9 99999.9 99999.9 999.99 9999999.   200  -166    34  -128 999.99
2024 285 16 35    8.56    4.20    1.93  -671.4   -27.9     5.7   7.79   76374.   191  -144    47  -129  -1.30
2024 285 16 36    8.14    4.63    2.50  -671.5   -27.7     5.7   7.80   75332.   170  -123    47  -128  -1.68
2024 285 16 37    8.12    4.60    2.42  -672.9   -23.2     5.1   8.10   53187.   162   -98    64  -129  -1.63
2024 285 16 38    7.91    4.88    2.54  -672.9   -23.2     5.1   8.10   53187.   148   -98    50  -129  -1.71
2024 285 16 39    8.05    4.75    2.54  -673.0   -24.7     3.8   8.27   51197.   160  -120    40  -128  -1.71
2024 285 16 40    8.03    4.75    2.54  -673.2   -24.6     3.9   8.21   51288.   112   -84    28  -129  -1.71
2024 285 16 41    8.14    4.58    2.42  -675.0   -24.1     4.7   7.62   52187.   119   -79    40  -129  -1.63
2024 285 16 42    8.11    4.64    2.43  -674.9   -24.0     4.7   7.63   52441.   107   -72    35  -128  -1.64
2024 285 16 43    8.11    4.76    2.33  -673.9   -23.1     4.2   7.70   55215.    96   -68    28  -128  -1.57
2024 285 16 44    8.14    4.76    2.23  -673.9   -23.4     4.7   7.64   55068.    99   -73    26  -127  -1.50
2024 285 16 45    8.09    4.85    2.18  -674.0   -24.4     6.6   7.41   54523.   165  -124    41  -128  -1.47
2024 285 16 46    8.11    4.86    2.16  -675.3   -17.1     3.8   7.43   56326.   223  -171    52  -128  -1.46
2024 285 16 47    8.05    4.78    2.18  -676.3   -11.5     1.6   7.45   57691.   234  -189    45  -128  -1.47
2024 285 16 48    8.02    4.89    2.20  -676.3   -11.5     1.6   7.45   57691.   382  -347    35  -126  -1.49
2024 285 16 49    8.02    4.87    2.28  -671.7   -26.1     8.0   7.15   71302.   454  -420    34  -126  -1.53
2024 285 16 50    7.90    4.97    2.30  -671.7   -26.2     8.0   7.13   71230.   423  -368    55  -125  -1.55
2024 285 16 51    8.01    4.87    2.34  -672.7   -28.7     8.0   6.59   68750.   280  -210    70  -125  -1.58
2024 285 16 52    8.18    4.69    2.17  -672.7   -28.7     8.0   6.59   68750.   235  -170    65  -125  -1.46
2024 285 16 53    8.15    4.48    2.03 99999.9 99999.9 99999.9 999.99 9999999.   291  -213    78  -123 999.99
2024 285 16 54    8.16    4.65    2.20 99999.9 99999.9 99999.9 999.99 9999999.   256  -197    59  -123 999.99
2024 285 16 55    8.20    4.66    2.20  -667.2   -26.6     7.1   6.49   55325.   264  -204    60  -123  -1.47
2024 285 16 56    8.29    4.52    2.15  -667.2   -26.6     7.1   6.49   55325.   324  -232    92  -123  -1.44
2024 285 16 57    8.33    4.44    2.15  -665.3   -24.1     8.2   6.52   60222.   357  -272    85  -123  -1.43
2024 285 16 58    8.31    4.51    2.13  -665.3   -24.1     8.2   6.52   60219.   344  -293    51  -122  -1.42
2024 285 16 59    8.32    4.42    2.11  -663.6   -27.5     9.1   6.37   49176.   352  -299    53  -122  -1.40
2024 285 17  0    8.16    4.60    2.26  -663.8   -27.6     9.5   6.40   49968.   330  -247    83  -122  -1.50
2024 285 17  1    7.89    4.89    2.16  -664.6   -27.9    11.7   6.60   54450.   357  -262    95  -121  -1.44
2024 285 17  2    7.59    5.14    2.16  -665.1   -28.2    11.4   6.74   54439.   378  -314    64  -120  -1.44
2024 285 17  3    7.52    5.28    2.25  -668.1   -30.1     9.4   7.52   54377.   426  -353    73  -119  -1.50
2024 285 17  4    7.71    5.05    2.21  -666.0   -27.5    12.9   6.90   51652.   435  -359    76  -119  -1.47
2024 285 17  5    7.68    5.12    2.17  -665.1   -26.3    14.4   6.64   50460.   425  -337    88  -119  -1.44
2024 285 17  6    7.63    5.04    2.14 99999.9 99999.9 99999.9 999.99 9999999.   387  -304    83  -118 999.99
2024 285 17  7    7.74    5.04    2.07  -666.4   -25.6    12.6   6.80   69118.   385  -292    93  -118  -1.38
2024 285 17  8    7.54    5.22    1.98  -666.4   -25.5    12.5   6.78   68521.   372  -284    88  -118  -1.32
2024 285 17  9    7.37    5.66    2.24  -666.6   -24.1    10.1   6.52   59158.   325  -266    59  -118  -1.49
2024 285 17 10    7.15    5.66    2.60  -667.1   -25.3    10.1   6.74   55516.   284  -226    58  -117  -1.74
2024 285 17 11    7.17    5.54    2.53  -668.0   -27.2    10.1   7.09   49383.   237  -199    38  -117  -1.69
2024 285 17 12    7.66    5.15    2.26  -666.4   -27.0    11.3   6.74   50650.   229  -189    40  -117  -1.51
2024 285 17 13    7.86    4.90    2.11  -664.3   -26.8    12.8   6.26   52329.   245  -180    65  -116  -1.40
2024 285 17 14    8.50    4.01    1.95  -664.3   -26.8    12.8   6.26   52329.   244  -151    93  -117  -1.30
2024 285 17 15    8.79    3.38    1.98  -653.2   -27.0    11.0   5.41   53762.   198  -134    64  -117  -1.29
2024 285 17 16    9.06    2.54    1.91  -653.2   -27.0    11.0   5.41   53762.   143   -91    52  -116  -1.25
2024 285 17 17    9.35    1.55    1.82 99999.9 99999.9 99999.9 999.99 9999999.   122   -62    60  -115 999.99
2024 285 17 18    9.23    1.72    2.15  -660.1   -23.6    17.8   5.48   69527.   118   -71    47  -116  -1.42
2024 285 17 19    9.28    1.78    2.01  -660.1   -23.6    17.8   5.48   69527.   120   -64    56  -115  -1.33
2024 285 17 20    9.27    1.93    1.88  -662.1   -26.3    13.7   5.47   66244.   117   -68    49  -115  -1.25
2024 285 17 21    9.40    1.23    1.92  -662.1   -26.3    13.7   5.47   66244.   114   -70    44  -114  -1.27
2024 285 17 22    8.91    3.09    2.08  -658.9   -27.9    14.8   5.70   73705.   118   -60    58  -113  -1.37
2024 285 17 23    9.06    2.66    1.92  -658.4   -28.1    14.9   5.73   74749.    66   -31    35  -113  -1.27
2024 285 17 24    9.47    1.29    1.86  -658.4   -28.1    14.9   5.73   74749.    70   -27    43  -113  -1.23
2024 285 17 25    9.52    0.88    1.94 99999.9 99999.9 99999.9 999.99 9999999.    54   -27    27  -112 999.99
2024 285 17 26    9.54    0.82    1.95  -662.5   -28.8    17.7   5.06   86995.    86   -43    43  -111  -1.29
2024 285 17 27    9.49    2.47    1.53  -657.7   -25.9    23.3   4.24   79658.   106   -59    47  -112  -1.01
2024 285 17 28    9.41    3.11    1.43  -654.6   -24.1    26.9   3.72   75005.   117   -66    51  -112  -0.94
2024 285 17 29    9.73    1.65    1.55  -659.4   -13.9    26.8   3.88  101057.   119   -54    65  -111  -1.02
2024 285 17 30    9.74    1.07    1.72  -659.4   -13.9    26.8   3.88  101057.   103   -31    72  -109  -1.14
2024 285 17 31    9.58    2.16    2.14 99999.9 99999.9 99999.9 999.99 9999999.    90   -30    60  -110 999.99
2024 285 17 32    9.73    1.71    1.93  -659.9   -12.7    20.4   3.95  108047.   107   -40    67  -112  -1.27
2024 285 17 33    9.69    1.76    1.94  -661.4   -17.2    20.1   3.90  102082.   102   -46    56  -112  -1.28
2024 285 17 34    9.87    1.07    1.92  -664.7   -27.0    19.5   3.80   89164.    99   -59    40  -112  -1.28
2024 285 17 35    9.92    1.07    1.72  -670.3   -18.3    22.3   3.61   88209.    91   -50    41  -112  -1.15
2024 285 17 36    9.95    0.74    1.87  -669.8   -20.4    23.0   3.46   94149.    59   -33    26  -111  -1.25
2024 285 17 37    9.96    1.40    1.83  -668.0   -26.6    24.8   3.05  110516.    54   -30    24  -110  -1.22
2024 285 17 38    9.82    2.36    1.92  -658.8   -17.8    32.7   2.64   84450.    78   -47    31  -111  -1.27
2024 285 17 39    9.66    2.99    2.18  -658.4   -17.4    33.0   2.62   83363.   182  -140    42  -111  -1.44
2024 285 17 40    9.83    2.64    1.93 99999.9 99999.9 99999.9 999.99 9999999.   317  -265    52  -111 999.99
2024 285 17 41   10.04    1.93    1.76  -658.2   -19.3    30.5   2.55   95642.   433  -391    42  -111  -1.16
2024 285 17 42   10.04    1.87    1.76  -653.7   -16.4    33.9   2.72   72543.   351  -324    27  -112  -1.15
2024 285 17 43   10.04    2.12    1.64  -651.1   -14.8    35.8   2.82   59271.   294  -256    38  -110  -1.07
2024 285 17 44    9.96    2.60    1.47  -651.4   -11.2    33.9   2.66   58366.   269  -236    33  -110  -0.96
2024 285 17 45    9.90    2.76    1.53  -651.4   -11.2    33.9   2.66   58366.   264  -226    38  -110  -1.00
2024 285 17 46    9.64    3.31    1.95  -653.6    -6.9    36.7   2.61   57510.   241  -183    58  -108  -1.28
2024 285 17 47    9.54    3.24    2.51  -653.6    -6.9    36.7   2.61   57505.   217  -160    57  -109  -1.64
2024 285 17 48    9.54    3.10    2.58 99999.9 99999.9 99999.9 999.99 9999999.   197  -174    23  -109 999.99
2024 285 17 49    9.62    3.09    2.38  -655.9   -15.2    39.1   2.82   65884.   162  -137    25  -107  -1.56
2024 285 17 50    9.73    3.14    2.15  -655.9   -15.2    39.1   2.82   65884.   149  -124    25  -108  -1.41
2024 285 17 51    9.41    3.36    2.61  -655.2   -15.5    46.7   2.50   56608.   202  -151    51  -109  -1.72
2024 285 17 52    9.35    3.36    2.59  -656.0   -19.2    54.2   2.49   55325.   207  -157    50  -110  -1.71
2024 285 17 53    9.35    2.53    2.40  -656.3   -13.2    42.4   2.66   68548.   149  -124    25  -110  -1.58
2024 285 17 54    9.17    2.51    3.32 99999.9 99999.9 99999.9 999.99 9999999.   129  -116    13  -110 999.99
2024 285 17 55    9.02    3.08    3.23  -669.8    -9.5    50.6   2.89  121751.   164  -145    19  -110  -2.17
2024 285 17 56    9.02    3.57    2.87  -669.8    -9.5    50.6   2.89  121751.   142  -113    29  -110  -1.93
2024 285 17 57    8.66    4.51    2.29  -669.6    -2.8    44.9   2.82   86262.   141  -108    33  -112  -1.54
2024 285 17 58    8.40    4.49    2.37  -669.6    -2.8    44.9   2.82   86262.   202  -168    34  -112  -1.59
2024 285 17 59    8.58    4.35    2.76 99999.9 99999.9 99999.9 999.99 9999999.   282  -250    32  -112 999.99
2024 285 18  0    8.60    4.81    1.97  -675.2    12.6    42.2   2.99   82780.   257  -219    38  -112  -1.33
2024 285 18  1    8.74    4.72    1.81  -675.2    12.6    42.2   2.99   82793.   257  -222    35  -112  -1.22
2024 285 18  2    8.62    4.77    2.15  -678.1    10.7    34.8   3.49   98404.   269  -238    31  -113  -1.46
2024 285 18  3    8.48    5.11    2.21  -679.2    16.1    38.0   3.31   87860.   243  -217    26  -113  -1.50
2024 285 18  4    8.39    5.37    2.22  -679.5    17.7    38.9   3.25   84716.   234  -199    35  -113  -1.51
2024 285 18  5 9999.99 9999.99 9999.99 99999.9 99999.9 99999.9 999.99 9999999.   234  -189    45  -113 999.99
2024 285 18  6    8.44    5.21    2.25 99999.9 99999.9 99999.9 999.99 9999999.   334  -291    43  -114 999.99
2024 285 18  7 9999.99 9999.99 9999.99 99999.9 99999.9 99999.9 999.99 9999999.   288  -263    25  -114 999.99
2024 285 18  8    8.64    5.05    2.18 99999.9 99999.9 99999.9 999.99 9999999.   275  -254    21  -114 999.99
2024 285 18  9    8.64    5.17    2.24 99999.9 99999.9 99999.9 999.99 9999999.   323  -296    27  -113 999.99
2024 285 18 10    8.45    5.56    2.24  -669.3    23.1    31.3   3.18   83264.   302  -271    31  -112  -1.50
2024 285 18 11    8.48    5.56    2.18  -669.7    19.9    33.6   3.12   82264.   261  -235    26  -112  -1.46
2024 285 18 12    8.20    5.93    1.93  -670.4    14.8    37.5   3.01   80645.   239  -191    48  -112  -1.30
2024 285 18 13    8.03    6.13    1.88  -675.1    18.0    36.7   3.31  102842.   199  -162    37  -111  -1.27
2024 285 18 14    7.44    6.71    1.43  -679.9    19.2    38.3   3.37   80610.   186  -155    31  -111  -0.97
2024 285 18 15    6.77    7.35    2.29  -679.6     9.2    36.6   3.51   69556.   187  -151    36  -111  -1.56
2024 285 18 16    7.42    6.87    2.14  -677.6     0.3    33.8   3.53   62768.   195  -150    45  -112  -1.45
2024 285 18 17    7.67    6.73    1.89  -671.3     3.9    36.6   3.26   60033.   193  -140    53  -110  -1.27
2024 285 18 18    7.43    6.99    1.48  -671.3     3.9    36.6   3.26   60031.   191  -153    38  -108  -1.00
2024 285 18 19    7.72    5.46    3.01  -669.7     5.0    30.0   3.46   76730.   179  -141    38  -107  -2.02
2024 285 18 20    7.53    6.06    2.47  -678.3     0.6    29.0   4.68   64027.   193  -153    40  -107  -1.68
2024 285 18 21    7.25    6.55    2.29  -671.7    -8.4    30.5   4.50   49174.   201  -161    40  -106  -1.54
2024 285 18 22    6.62    7.13    2.60  -676.3    -8.2    30.5   3.79   54450.   179  -130    49  -107  -1.76
2024 285 18 23    5.68    7.81    2.80  -676.6    -8.5    30.4   3.72   55507.   214  -176    38  -106  -1.90
2024 285 18 24    7.82    5.76    2.03  -674.0    -5.7    32.0   4.26   59868.   199  -161    38  -106  -1.37
2024 285 18 25    8.06    5.72    1.74  -679.0     7.2    36.1   3.82   65323.   179  -142    37  -106  -1.18
2024 285 18 26    7.67    6.18    2.29  -680.7    12.7    38.3   3.38   71360.   182  -140    42  -106  -1.56
2024 285 18 27    7.35    6.77    1.84  -679.1    -5.3    34.8   3.11   63982.   176  -135    41  -105  -1.25
2024 285 18 28    7.30    6.81    1.38  -679.1    -5.3    34.8   3.11   63982.   164  -125    39  -104  -0.94
2024 285 18 29    5.50    7.97    2.57  -660.9   -14.6    22.7   4.67   69691.   178  -132    46  -103  -1.70
2024 285 18 30    6.20    7.47    2.61  -663.0   -12.9    23.0   4.68   65997.   174  -127    47  -103  -1.73
2024 285 18 31    5.94    7.68    2.88  -673.3    -4.3    24.2   4.74   47605.   185  -143    42  -103  -1.94
2024 285 18 32    6.18    7.67    2.80  -680.2    -7.9    22.2   4.66   44796.   207  -167    40  -103  -1.91
2024 285 18 33    6.38    7.67    2.24  -677.7    -3.9    23.3   4.51   47016.   208  -165    43  -102  -1.52
2024 285 18 34    6.79    7.29    2.03  -676.8    -2.5    23.7   4.45   47805.   221  -177    44  -102  -1.37
2024 285 18 35    6.33    7.73    1.79  -675.9     3.2    12.8   4.57   34964.   208  -168    40  -102  -1.21
2024 285 18 36    6.00    7.95    1.94  -675.8     2.9    13.1   4.56   35562.   208  -170    38  -102  -1.31
2024 285 18 37    6.11    7.78    2.22  -673.8    -6.5    20.9   4.17   53814.   213  -172    41  -102  -1.50
2024 285 18 38    6.11    7.80    2.02  -671.0    -5.0    16.3   4.56   50766.   213  -171    42  -102  -1.36
2024 285 18 39    6.00    7.98    1.46  -669.3    -4.0    13.4   4.79   48763.   198  -156    42  -101  -0.98
2024 285 18 40    5.74    8.16    1.26  -668.5    -4.6    12.5   4.82   49584.   186  -148    38  -102  -0.84
2024 285 18 41    5.81    8.09    1.24  -669.9    -6.1    11.7   4.87   47653.   176  -139    37  -102  -0.83
2024 285 18 42    6.28    7.61    1.30  -671.1    -7.5    11.0   4.92   45953.   147  -113    34  -102  -0.87
2024 285 18 43    6.50    7.67    1.24  -669.2    -9.1     8.4   4.72   50580.   138  -118    20  -102  -0.83
2024 285 18 44    6.78    7.29    1.45  -672.7     2.2    11.6   3.56   51335.   119  -100    19  -103  -0.98
2024 285 18 45    7.37    6.88    0.86  -669.4    -5.9    23.8   3.60   52453.   134  -110    24  -101  -0.58
2024 285 18 46    7.19    6.90    1.00  -668.1    -8.4    24.1   3.70   56128.   172  -146    26  -101  -0.67
2024 285 18 47    7.66    6.40    1.87  -666.5    -9.7    18.3   3.77   67937.   229  -203    26  -102  -1.25
2024 285 18 48    7.93    5.62    2.58  -666.6   -11.6    17.7   3.44   73146.   314  -293    21  -103  -1.72
2024 285 18 49    8.21    5.25    1.23  -666.6   -12.2    17.5   3.33   74919.   297  -280    17  -104  -0.82
2024 285 18 50    8.24    5.17    1.22  -663.0   -13.3    21.1   3.83   98083.   237  -230     7  -104  -0.81
2024 285 18 51    8.55    4.64    0.78  -664.9   -12.4    24.3   3.73  103885.   274  -258    16  -104  -0.52
2024 285 18 52    8.48    4.83    0.63  -661.7    -5.3    24.8   3.54   93921.   284  -260    24  -104  -0.42
2024 285 18 53    8.02    5.49    0.93  -660.8    -4.0    24.5   3.51   91126.   275  -244    31  -103  -0.62
2024 285 18 54    7.77    5.80    1.15  -660.7    -8.6    21.7   3.78   97770.   271  -239    32  -102  -0.76
2024 285 18 55    8.31    5.05    0.83  -661.9    -5.5    21.7   3.64   99535.   293  -252    41  -102  -0.55
2024 285 18 56    7.78    5.81    0.94  -663.6    -0.8    21.8   3.45  102147.   324  -271    53  -102  -0.62
2024 285 18 57    7.16    6.42    1.47  -658.8   -12.6    10.5   3.88   75090.   323  -274    49  -102  -0.97
2024 285 18 58    7.01    6.72    1.52  -658.8   -12.6    10.5   3.88   75090.   312  -262    50  -102  -1.00
2024 285 18 59    7.21    6.56    1.45  -656.5   -11.5     9.7   3.85   70834.   300  -257    43  -102  -0.95
2024 285 19  0    6.99    6.54    1.61  -655.6    -9.8    12.4   4.24   58947.   291  -252    39  -102  -1.06
2024 285 19  1    7.01    6.62    1.25  -662.0    -9.5    20.3   4.85   54958.   263  -230    33  -102  -0.83
2024 285 19  2    7.28    6.59    0.97  -661.8    -6.3    23.4   4.68   51762.   258  -228    30  -101  -0.64
2024 285 19  3    7.44    6.71    0.50  -660.2   -10.2    26.1   3.62   88099.   250  -223    27  -101  -0.33
2024 285 19  4    7.70    6.40    1.26  -661.1   -10.3    26.1   3.65   85393.   266  -238    28  -101  -0.83
2024 285 19  5    7.94    5.66    2.11  -664.0   -10.8    25.9   3.74   76675.   287  -258    29  -102  -1.40
2024 285 19  6    7.61    6.24    1.89  -661.3    -6.3    22.7   3.58   64064.   263  -248    15  -102  -1.25
2024 285 19  7    7.34    6.35    1.62  -661.4    -7.0    22.9   3.80   63239.   247  -235    12  -102  -1.07
2024 285 19  8    7.11    6.43    1.11  -661.9    -9.8    23.6   4.66   59917.   263  -238    25  -103  -0.74
2024 285 19  9    6.95    6.63    1.01  -666.7   -10.5    20.5   5.50   58123.   266  -212    54  -103  -0.67
2024 285 19 10    6.98    6.60    0.50  -667.1   -10.5    20.3   5.56   57991.   217  -203    14  -104  -0.33
2024 285 19 11    7.03    6.44    0.75  -665.6   -10.7    19.8   5.61   58969.   212  -202    10  -100  -0.50
2024 285 19 12    7.50    5.81    1.15  -665.3    -9.8    20.0   5.61   60285.   196  -182    14   -99  -0.77
2024 285 19 13    7.45    5.90    1.62  -663.9    -5.9    20.7   5.63   66284.   231  -186    45  -101  -1.08
2024 285 19 14    7.58    5.94    2.12  -663.9   -15.7    26.5   4.48   53450.   220  -196    24  -102  -1.41
2024 285 19 15    7.71    5.90    1.99  -663.9   -16.7    27.1   4.37   52187.   236  -206    30  -103  -1.32
2024 285 19 16    7.49    6.21    1.78  -667.8    -9.9    20.5   4.56   56835.   242  -216    26  -104  -1.19
2024 285 19 17    7.58    6.18    2.40  -667.8    -9.9    20.5   4.56   56835.   243  -211    32  -105  -1.60
2024 285 19 18    7.89    5.85    1.99  -667.3   -17.8    23.1   4.37   57579.   227  -200    27  -105  -1.33
2024 285 19 19    7.88    5.89    2.00  -667.3   -17.8    22.8   4.38   57142.   222  -193    29  -105  -1.34
2024 285 19 20    8.19    5.54    1.87  -666.7   -17.4    16.1   4.63   46388.   226  -197    29  -105  -1.25
2024 285 19 21    8.40    5.12    2.21  -662.8   -18.9    23.1   4.69   43714.   229  -200    29  -105  -1.47
2024 285 19 22    8.12    5.36    2.57  -661.6   -19.4    25.2   4.70   42904.   224  -192    32  -105  -1.70
2024 285 19 23    8.09    5.34    2.83  -661.5   -22.7    23.9   4.87   42294.   225  -187    38  -105  -1.87
2024 285 19 24    7.88    5.58    2.93  -661.5   -22.7    23.9   4.87   42342.   229  -185    44  -104  -1.94
2024 285 19 25    8.38    4.97    2.21  -663.0   -23.5    21.5   4.82   45123.   216  -172    44  -103  -1.47
2024 285 19 26    8.21    5.29    2.22  -661.3   -24.7    23.9   5.11   41669.   199  -160    39  -102  -1.47
2024 285 19 27    8.19    5.48    1.97  -659.4   -26.2    26.7   5.44   37631.   198  -160    38  -102  -1.30
2024 285 19 28    7.80    5.89    2.51  -658.0   -18.8    22.3   5.48   41289.   188  -150    38  -102  -1.65
2024 285 19 29    8.26    5.56    1.96  -658.0   -18.6    22.2   5.48   41403.   183  -146    37  -101  -1.29
2024 285 19 30    8.30    5.55    2.07  -656.1   -20.6    19.5   4.25   37692.   188  -152    36  -101  -1.36
2024 285 19 31    8.08    5.74    2.36  -656.3   -20.7    20.0   4.28   37679.   178  -145    33  -101  -1.55
2024 285 19 32    8.29    5.49    2.25  -657.2   -21.0    23.2   4.45   37601.   162  -129    33  -100  -1.48
2024 285 19 33    8.28    5.47    2.39  -657.0   -21.0    23.3   4.46   41367.   126  -104    22   -99  -1.57
2024 285 19 34    7.86    5.89    2.81  -656.6   -21.1    23.6   4.50   50951.   120   -93    27   -98  -1.85
2024 285 19 35    8.42    5.65    1.39  -654.9   -23.6    21.0   4.25   42977.   133  -101    32   -97  -0.91
2024 285 19 36    8.50    5.57    1.45  -654.2   -24.7    19.8   4.14   39433.   201  -130    71   -99  -0.95
2024 285 19 37    7.91    5.78    2.95  -655.9   -13.3    13.6   4.48   42936.   189  -135    54  -101  -1.94
2024 285 19 38    8.19    5.33    3.08  -656.0   -19.9    23.3   4.38   40485.   173  -115    58  -100  -2.02
2024 285 19 39    8.69    4.74    2.33  -656.1   -24.1    29.4   4.33   38940.   152  -104    48   -99  -1.53
2024 285 19 40    8.33    5.01    3.04  -656.6   -28.3    26.6   4.42   41087.   145  -104    41   -98  -2.00
2024 285 19 41    8.44    4.78    3.12  -656.6   -28.4    26.6   4.42   40980.   149   -98    51   -99  -2.05
2024 285 19 42    8.62    4.93    2.20  -655.7   -39.9    30.6   3.98   28279.   137  -101    36   -99  -1.45
2024 285 19 43    8.82    4.70    2.32  -655.3   -39.2    30.2   3.99   29753.   177  -135    42   -99  -1.52
2024 285 19 44    8.99    4.30    2.50  -652.2   -33.7    27.2   4.08   41182.   192  -145    47   -98  -1.63
2024 285 19 45    9.27    4.09    2.00  -652.2   -33.7    27.2   4.08   41182.   158  -118    40   -96  -1.31
2024 285 19 46    8.86    4.66    2.42  -650.6   -38.9    18.6   4.28   42070.   153  -112    41   -96  -1.58
2024 285 19 47    8.97    4.45    2.13  -650.5   -38.8    18.5   4.27   42012.   143   -96    47   -96  -1.39
2024 285 19 48    9.90    2.71   -0.05  -647.3   -31.8    15.4   4.03   39124.   142   -91    51   -96   0.03
2024 285 19 49   10.05    2.26   -0.05  -647.3   -31.8    15.4   4.03   39124.   144   -94    50   -96   0.03
2024 285 19 50    9.92    2.74   -0.10  -638.6   -31.1     5.5   4.03   53546.   140   -88    52   -96   0.06
2024 285 19 51   10.18    1.79   -0.03  -638.6   -31.1     5.5   4.03   53546.   144   -90    54   -96   0.02
2024 285 19 52   10.08    2.22    0.28  -637.2   -32.7     5.9   4.21   46222.   143   -88    55   -96  -0.18
2024 285 19 53    9.84    3.28    0.47  -637.6   -33.2     7.1   4.38   41908.   140   -86    54   -96  -0.30
2024 285 19 54    9.90    2.95    1.11  -640.7   -32.3    10.3   4.61   39653.   137   -84    53   -95  -0.71
2024 285 19 55    9.69    3.48    1.35  -640.0   -30.0    15.9   4.27   44645.   138   -87    51   -95  -0.87
2024 285 19 56    9.39    4.31    0.91  -641.9   -25.6    21.1   4.32   42175.   138   -92    46   -97  -0.58
2024 285 19 57    8.43    6.06    0.33  -646.4   -23.7    18.9   4.27   40251.   137   -98    39   -97  -0.21
2024 285 19 58    8.19    6.45    0.09  -650.7   -22.1    16.4   4.23   38569.   149  -107    42   -97  -0.06
2024 285 19 59    8.02    6.72    0.74  -652.7    -6.0    10.5   4.32   37392.   152  -111    41   -97  -0.48
2024 285 20  0    7.41    7.39    0.36  -657.0   -10.1    19.2   4.60   37366.   151  -114    37   -98  -0.24
2024 285 20  1    7.52    7.20    0.34  -658.0   -11.5    21.3   4.72   37293.   151  -112    39   -98  -0.22
2024 285 20  2    7.55    7.21    0.64  -658.3   -15.2    20.8   5.29   36612.   146  -106    40   -97  -0.42
2024 285 20  3    8.24    6.40    1.45  -658.3   -15.2    20.8   5.29   36612.   130   -90    40   -96  -0.96
2024 285 20  4    8.23    6.34    1.96  -650.0   -26.1    28.5   4.88   56984.   120   -81    39   -95  -1.28
2024 285 20  5    9.01    5.08    2.03  -650.0   -26.1    28.5   4.88   56984.   116   -79    37   -95  -1.32
2024 285 20  6    8.97    5.02    2.52  -642.3   -32.4    30.2   4.65   40271.   100   -64    36   -94  -1.62
2024 285 20  7    8.77    5.39    2.62  -642.8   -31.9    30.4   4.63   40945.    96   -51    45   -93  -1.69
2024 285 20  8    8.43    6.20    2.25  -649.6   -25.3    32.7   4.41   50251.    95   -51    44   -92  -1.46
2024 285 20  9    8.48    6.27    1.80  -649.6   -25.3    32.7   4.41   50251.    97   -51    46   -92  -1.17
2024 285 20 10    8.12    6.60    2.01  -646.5   -21.4    27.2   4.27   45720.   114   -56    58   -92  -1.30
2024 285 20 11    8.41    6.22    2.24  -648.0   -19.2    29.6   4.16   42989.    99   -57    42   -92  -1.45
2024 285 20 12    8.77    5.72    1.49  -654.0   -10.7    39.2   3.73   32228.    88   -56    32   -91  -0.98
2024 285 20 13    7.44    6.94    3.55  -657.3   -18.9    38.9   4.50   32830.    89   -55    34   -90  -2.34
2024 285 20 14    7.14    6.93    4.03  -660.2   -26.0    38.6   5.17   33354.    82   -53    29   -89  -2.67
2024 285 20 15    7.61    6.41    4.01  -660.2   -26.0    38.6   5.17   33354.    80   -52    28   -89  -2.65
2024 285 20 16    8.97    4.57    3.37  -640.9   -47.6    38.0   4.35   38971.   100   -62    38   -91  -2.17
2024 285 20 17    8.45    4.82    4.05  -640.9   -47.6    38.0   4.35   38971.   117   -66    51   -92  -2.61
2024 285 20 18    9.30    4.02    3.41  -640.9   -47.6    38.0   4.35   38971.   125   -65    60   -92  -2.20
2024 285 20 19    9.02    3.98    3.73  -648.2   -40.7    33.8   6.07   32901.   130   -83    47   -91  -2.43
2024 285 20 20    9.08    3.77    4.00  -648.2   -40.7    33.8   6.07   32901.   134  -101    33   -91  -2.60
2024 285 20 21    9.30    3.11    4.19  -647.4   -44.8    31.0   4.82   34848.   152  -115    37   -94  -2.72
2024 285 20 22    8.78    4.14    4.38  -647.4   -44.8    31.0   4.82   34848.   176  -131    45   -96  -2.85
2024 285 20 23    8.68    4.07    4.78  -650.3   -42.1    41.8   4.36   51832.   166   -97    69   -96  -3.12
2024 285 20 24    8.67    4.44    4.44  -650.3   -42.1    41.8   4.36   51832.   137   -82    55   -96  -2.90
2024 285 20 25    8.87    3.98    4.68  -652.8   -37.9    40.9   4.18   40679.   120   -86    34   -98  -3.07
2024 285 20 26    8.84    5.02    3.79  -648.3   -38.9    43.8   3.41   43340.   120   -96    24  -100  -2.47
2024 285 20 27    8.53    5.41    4.05  -650.1   -33.4    47.3   3.11   45541.   143  -116    27  -102  -2.64
2024 285 20 28    8.46    5.68    3.82  -653.9   -37.4    36.5   3.37   43130.   166  -128    38  -104  -2.51
2024 285 20 29    8.77    3.26    4.88  -651.4   -42.9    39.3   3.54   45134.   160  -123    37  -104  -3.19
2024 285 20 30    9.07    3.08    4.96  -644.9   -57.1    46.5   3.96   50315.   135  -104    31  -103  -3.22
2024 285 20 31    8.93    3.65    4.77  -645.2   -51.8    49.9   3.73   42747.   134  -108    26  -103  -3.10
2024 285 20 32    8.97    3.72    4.50  -648.0   -43.2    54.9   3.69   49298.   140  -102    38  -102  -2.93
2024 285 20 33    8.84    3.95    4.48  -649.6   -40.5    57.9   3.55   54298.   184  -147    37  -101  -2.93
2024 285 20 34    8.63    3.97    4.87  -650.8   -41.8    55.9   3.53   58945.   196  -145    51  -101  -3.19
2024 285 20 35    8.66    4.24    4.65  -651.3   -42.2    55.1   3.53   60643.   218  -153    65  -103  -3.05
2024 285 20 36    8.99    4.49    3.78  -643.3   -38.3    39.1   3.37   45110.   191  -131    60  -102  -2.44
2024 285 20 37    9.11    4.00    4.08  -644.5   -44.4    44.6   3.30   42873.   170  -125    45  -101  -2.64
2024 285 20 38    9.52    3.09    3.85  -641.6   -54.2    45.4   3.30   43142.   183  -124    59  -100  -2.49
2024 285 20 39    9.28    3.42    4.05  -638.8   -58.7    47.9   3.33   41796.   184  -125    59  -100  -2.61
2024 285 20 40    9.46    3.15    3.74  -638.8   -60.5    50.9   3.30   38934.   169  -128    41  -100  -2.41
2024 285 20 41    9.60    2.52    3.94  -637.5   -63.5    42.6   3.22   38633.   160  -128    32  -101  -2.53
2024 285 20 42    9.49    2.60    4.28  -635.9   -52.7    41.3   3.35   37932.   151  -119    32  -101  -2.74
2024 285 20 43    9.18    2.99    4.75  -644.9   -64.1    36.6   3.12   30764.   128  -104    24  -101  -3.08
2024 285 20 44    9.52    4.07    2.91  -642.1   -52.0    36.8   3.19   38734.   140  -110    30  -101  -1.88
2024 285 20 45    8.28    6.77    0.94  -640.0   -43.2    36.9   3.24   44497.   137  -112    25  -101  -0.60
2024 285 20 46    9.54    4.23    2.69 99999.9 99999.9 99999.9 999.99 9999999.   131  -109    22  -101 999.99
2024 285 20 47    9.19    5.42    0.02  -641.5    -3.3   -14.9   3.41   40640.   141  -114    27  -101  -0.01
2024 285 20 48    9.23    4.75    1.57  -638.1   -44.1    33.8   3.07   48128.   150  -118    32  -101  -1.01
2024 285 20 49    8.57    3.93    5.66  -640.6   -55.5    42.8   3.28   44891.   146  -130    16  -101  -3.65
2024 285 20 50    8.80    4.33    4.63  -648.3   -49.6    57.3   5.12   35042.   151  -128    23  -102  -3.02
2024 285 20 51    8.73    4.25    4.91  -648.3   -49.4    57.3   5.14   34877.   168  -128    40  -101  -3.20
2024 285 20 52    8.64    4.35    5.27  -652.2   -47.6    58.2   4.22   37330.   189  -131    58   -99  -3.46
2024 285 20 53    8.54    4.46    5.10  -652.2   -47.6    58.2   4.22   37330.   208  -118    90   -98  -3.35
2024 285 20 54    8.25    4.32    5.57  -650.6   -44.0    58.6   5.38   33156.   185  -128    57   -95  -3.65
2024 285 20 55    8.02    4.90    5.38  -650.6   -44.0    58.6   5.38   33156.   174  -132    42   -92  -3.52
2024 285 20 56    8.05    5.10    5.05 99999.9 99999.9 99999.9 999.99 9999999.   185  -149    36   -91 999.99
2024 285 20 57    8.16    5.45    4.50 99999.9 99999.9 99999.9 999.99 9999999.   217  -163    54   -92 999.99
2024 285 20 58    8.15    5.43    4.41  -650.0   -41.1    63.2   6.14   31561.   216  -165    51   -93  -2.89
2024 285 20 59    8.58    5.25    3.86  -650.0   -41.1    63.2   6.14   31561.   199  -149    50   -93  -2.53
2024 285 21  0    8.17    5.59    4.18  -650.0   -41.1    63.2   6.14   31561.   189  -129    60   -92  -2.73
2024 285 21  1    7.88    6.06    4.02 99999.9 99999.9 99999.9 999.99 9999999.   206  -131    75   -91 999.99
2024 285 21  2    8.18    5.71    3.98 99999.9 99999.9 99999.9 999.99 9999999.   216  -132    84   -90 999.99
2024 285 21  3    8.51    5.22    4.15 99999.9 99999.9 99999.9 999.99 9999999.   215  -139    76   -89 999.99
2024 285 21  4    8.59    5.05    4.11 99999.9 99999.9 99999.9 999.99 9999999.   213  -157    56   -87 999.99
2024 285 21  5    8.72    4.79    4.25 99999.9 99999.9 99999.9 999.99 9999999.   212  -161    51   -86 999.99
2024 285 21  6    8.54    4.97    4.38  -651.6   -38.2    55.4   5.70   36693.   226  -168    58   -85  -2.87
2024 285 21  7    8.56    5.00    4.64  -651.9   -38.1    55.9   5.66   35511.   235  -185    50   -85  -3.04
2024 285 21  8    8.43    5.33    4.19  -655.0   -32.3    47.9   5.24   31038.   208  -180    28   -86  -2.75
2024 285 21  9    8.51    5.57    4.59  -655.0   -32.3    47.9   5.24   31038.   187  -161    26   -86  -3.02
2024 285 21 10    8.43    5.78    4.69 99999.9 99999.9 99999.9 999.99 9999999.   176  -150    26   -85 999.99
2024 285 21 11    8.32    6.03    4.51  -650.4   -28.4    61.8   2.71   32004.   186  -152    34   -85  -2.95
2024 285 21 12    8.18    6.42    4.24  -650.4   -28.4    61.7   2.71   32106.   182  -163    19   -86  -2.77
2024 285 21 13    8.03    6.68    4.07  -649.9   -26.6    56.5   2.54   40804.   186  -170    16   -88  -2.66
2024 285 21 14    7.60    7.46    2.89  -647.5   -31.6    59.7   2.53   35395.   191  -178    13   -89  -1.88
2024 285 21 15    7.80    7.70    2.76  -648.1   -29.6    60.6   2.44   41757.   193  -184     9   -92  -1.80
2024 285 21 16    7.64    7.81    2.79  -651.2   -21.8    59.9   2.25   57213.   201  -193     8   -94  -1.83
2024 285 21 17    7.84    7.60    2.89  -650.6   -16.6    58.9   2.24   39217.   215  -195    20   -97  -1.89
2024 285 21 18    7.46    7.95    2.20  -650.6   -16.6    58.9   2.24   39217.   217  -186    31  -100  -1.44
2024 285 21 19    7.35    8.05    1.79 99999.9 99999.9 99999.9 999.99 9999999.   192  -170    22  -102 999.99
2024 285 21 20    7.71    7.65    2.24 99999.9 99999.9 99999.9 999.99 9999999.   163  -157     6  -102 999.99
2024 285 21 21    7.75    7.58    2.27 99999.9 99999.9 99999.9 999.99 9999999.   147  -149    -2  -101 999.99
2024 285 21 22    7.89    7.26    2.46 99999.9 99999.9 99999.9 999.99 9999999.   148  -146     2  -101 999.99
2024 285 21 23    6.77    8.07    1.29  -671.8   -54.0    38.6   2.36  101255.   162  -144    18  -100  -0.87
2024 285 21 24    7.04    7.86    1.44  -672.1   -53.1    38.5   2.37  100531.   164  -148    16   -99  -0.97
2024 285 21 25    6.69    8.02    0.89  -677.2   -39.2    37.3   2.45   89511.   168  -150    18   -98  -0.60
2024 285 21 26    6.73    7.99    0.87  -671.3   -43.6    44.8   2.69  117860.   153  -152     1   -98  -0.59
2024 285 21 27    6.68    8.25    0.82  -669.0   -45.9    47.5   2.77  128575.   159  -157     2   -98  -0.55
2024 285 21 28    7.16    6.87    3.82  -666.5   -42.5    27.8   3.61   58203.   163  -155     8   -98  -2.55
2024 285 21 29    7.88    6.58    3.64  -671.2   -27.8    28.2   3.81   48500.   164  -148    16   -98  -2.45
2024 285 21 30    8.04    6.79    3.15  -676.3   -12.1    28.7   4.01   38572.   164  -138    26   -97  -2.13
2024 285 21 31    8.02    6.94    3.07  -667.9   -33.1    43.5   3.65   35373.   169  -136    33   -96  -2.06
2024 285 21 32    7.79    7.52    1.82  -667.9   -33.1    43.5   3.65   35373.   188  -143    45   -94  -1.22
2024 285 21 33    7.54    7.90    1.27  -677.3   -16.6    25.8   3.93   42486.   186  -143    43   -91  -0.86
2024 285 21 34    7.49    7.83    0.97  -677.3   -16.6    25.8   3.93   42486.   194  -145    49   -89  -0.66
2024 285 21 35    7.23    7.23    3.55  -677.3   -16.6    25.8   3.93   42486.   190  -149    41   -90  -2.41
2024 285 21 36    7.61    7.11    3.44  -671.9    13.2    15.5   4.39   26554.   209  -146    63   -90  -2.31
2024 285 21 37    7.40    7.33    3.49  -671.9    13.2    15.5   4.39   26554.   182  -134    48   -88  -2.35
2024 285 21 38    7.11    7.68    3.37  -672.8     8.4    17.4   4.35   26880.   189  -126    63   -84  -2.27
2024 285 21 39    6.74    7.93    3.50  -676.9   -13.0    26.1   4.12   28332.   196  -119    77   -81  -2.37
2024 285 21 40    7.06    7.76    3.42  -676.9   -13.0    26.1   4.12   28332.   185  -128    57   -82  -2.32
2024 285 21 41    6.99    7.79    3.53  -676.9    -8.8    28.2   3.92   28541.   186  -128    58   -84  -2.39
2024 285 21 42    6.70    8.03    3.54  -676.9    -8.8    28.2   3.92   28541.   171  -117    54   -84  -2.40
2024 285 21 43    7.36    7.12    4.25  -669.3    10.8    18.1   3.75   27758.   154  -103    51   -83  -2.85
2024 285 21 44    7.58    6.67    4.54  -669.3    10.8    18.1   3.75   27758.   135   -95    40   -82  -3.04
2024 285 21 45    7.31    7.30    3.75  -669.3    10.8    18.1   3.75   27758.   126   -96    30   -83  -2.51
2024 285 21 46    7.25    6.20    5.64 99999.9 99999.9 99999.9 999.99 9999999.   136  -101    35   -86 999.99
2024 285 21 47    7.25    6.29    5.47 99999.9 99999.9 99999.9 999.99 9999999.   153  -100    53   -89 999.99
2024 285 21 48    7.06    5.98    6.02 99999.9 99999.9 99999.9 999.99 9999999.   146   -93    53   -91 999.99
2024 285 21 49    7.35    5.83    5.83 99999.9 99999.9 99999.9 999.99 9999999.   114   -81    33   -90 999.99
2024 285 21 50    7.44    5.80    5.75 99999.9 99999.9 99999.9 999.99 9999999.    95   -81    14   -90 999.99
2024 285 21 51    7.66    5.56    5.63  -667.8    -6.2     7.5   4.31   30846.   127   -90    37   -91  -3.76
2024 285 21 52    7.70    5.48    5.66  -667.8    -6.2     7.5   4.31   30846.   151   -99    52   -91  -3.78
2024 285 21 53    7.81    5.16    5.80 99999.9 99999.9 99999.9 999.99 9999999.   148  -108    40   -92 999.99
2024 285 21 54    7.96    4.94    5.82  -680.2    17.0   -24.7   3.94   38483.   125  -110    15   -92  -3.96
2024 285 21 55    8.37    4.93    5.29  -675.8    15.3   -10.9   3.80   37786.   115  -105    10   -92  -3.58
2024 285 21 56    8.15    5.08    5.15  -671.2    13.5     3.4   3.65   37067.   112  -101    11   -92  -3.46
2024 285 21 57    8.51    5.61    4.29 99999.9 99999.9 99999.9 999.99 9999999.   120  -101    19   -92 999.99
2024 285 21 58    8.59    5.48    4.45  -672.7   -12.7    13.3   3.75   39032.   152  -100    52   -91  -2.99
2024 285 21 59    8.66    5.00    5.06  -672.7   -12.7    13.3   3.75   39032.   165   -95    70   -92  -3.41
2024 285 22  0    8.62    5.14    5.21  -669.9    -7.4     6.9   3.68   39742.   171   -94    77   -92  -3.49
2024 285 22  1    8.79    4.88    5.27  -669.9    -7.4     6.9   3.68   39741.   145   -90    55   -92  -3.53
2024 285 22  2    8.39    4.38    6.36  -664.8   -15.2    23.7   3.52   38280.   121   -88    33   -91  -4.23
2024 285 22  3    8.78    4.67    5.78  -664.3   -15.9    25.3   3.50   38146.   113   -84    29   -90  -3.84
2024 285 22  4    8.65    4.30    6.30  -672.4   -14.8    11.4   3.64   38787.   113   -84    29   -89  -4.24
2024 285 22  5    8.94    4.39    5.90  -672.4   -14.8    11.4   3.64   38787.   121   -88    33   -89  -3.97
2024 285 22  6    8.92    3.96    6.17 99999.9 99999.9 99999.9 999.99 9999999.   127   -92    35   -89 999.99
2024 285 22  7    8.59    3.67    6.73  -672.5   -15.9    11.8   3.77   42358.   127   -91    36   -89  -4.53
2024 285 22  8    8.46    3.40    7.01  -672.5   -15.9    11.8   3.77   42358.   128   -85    43   -89  -4.72
2024 285 22  9    9.10    3.38    6.09  -672.5   -15.9    11.8   3.77   42358.   141   -95    46   -89  -4.10
2024 285 22 10    9.38    2.77    5.99  -666.7   -28.2    13.1   3.05   30628.   161  -104    57   -89  -4.00
2024 285 22 11    9.34    2.78    6.05  -666.7   -28.2    13.1   3.05   30628.   204  -143    61   -88  -4.04
2024 285 22 12    8.94    3.03    6.51  -666.7   -28.2    13.1   3.05   30628.   244  -183    61   -88  -4.35
2024 285 22 13    9.29    3.18    5.95 99999.9 99999.9 99999.9 999.99 9999999.   271  -214    57   -88 999.99
2024 285 22 14    9.31    3.05    6.01 99999.9 99999.9 99999.9 999.99 9999999.   283  -229    54   -89 999.99
2024 285 22 15    9.35    2.67    6.13  -661.7   -13.4    18.4   3.02   50986.   309  -240    69   -89  -4.06
2024 285 22 16    9.21    1.73    6.44  -661.7   -13.4    18.4   3.02   50986.   311  -222    89   -89  -4.26
2024 285 22 17    9.58    1.29    6.14  -655.3   -34.0    19.8   3.25   34298.   299  -218    81   -89  -4.03
2024 285 22 18    9.39    1.08    6.29  -655.3   -33.0    19.4   3.25   34354.   306  -234    72   -89  -4.13
2024 285 22 19    9.43    2.09    6.21  -654.8     1.4     4.5   3.40   36285.   322  -241    81   -89  -4.07
2024 285 22 20    6.26    7.48    6.01  -657.1     0.9     6.3   3.53   35697.   323  -240    83   -89  -3.95
2024 285 22 21    7.11    6.46    6.33  -678.6    -4.0    23.0   4.71   30302.   299  -227    72   -88  -4.30
2024 285 22 22    6.88    6.61    6.34  -673.4     5.2    17.8   3.99   36754.   311  -249    62   -87  -4.27
2024 285 22 23    6.91    6.32    6.82  -674.0     0.3    21.5   4.08   34598.   309  -250    59   -87  -4.60
2024 285 22 24    6.82    6.39    6.81  -673.6     4.8    20.9   4.29   31265.   333  -270    63   -87  -4.59
2024 285 22 25    6.06    7.24    6.69  -671.8    15.0    15.9   4.26   31533.   315  -258    57   -87  -4.50
2024 285 22 26    7.30    6.06    6.52  -671.9     5.9    12.0   4.69   26326.   286  -246    40   -87  -4.38
2024 285 22 27    8.14    5.51    6.22  -671.9     5.9    12.0   4.69   26326.   300  -259    41   -87  -4.18
2024 285 22 28    8.45    5.28    6.04  -669.5    -7.2     7.0   4.14   29683.   315  -263    52   -87  -4.04
2024 285 22 29 9999.99 9999.99 9999.99  -669.5    -7.2     7.0   4.14   29683.   325  -256    69   -87 999.99
2024 285 22 30    8.53    5.13    6.04 99999.9 99999.9 99999.9 999.99 9999999.   327  -246    81   -86 999.99
2024 285 22 31    8.53    5.13    6.04 99999.9 99999.9 99999.9 999.99 9999999.   332  -250    82   -86 999.99
2024 285 22 32    8.33    5.10    6.38 99999.9 99999.9 99999.9 999.99 9999999.   316  -250    66   -86 999.99
2024 285 22 33    7.67    6.31    6.22 99999.9 99999.9 99999.9 999.99 9999999.   300  -258    42   -86 999.99
2024 285 22 34    7.92    6.07    6.14 99999.9 99999.9 99999.9 999.99 9999999.   300  -273    27   -86 999.99
2024 285 22 35    7.54    5.95    6.70  -651.7   -33.0    14.2   3.43   38371.   306  -283    23   -86  -4.37
2024 285 22 36    7.92    6.11    6.26  -653.5   -32.4     8.7   3.36   42049.   307  -281    26   -85  -4.10
2024 285 22 37    7.79    6.24    6.33  -653.5   -20.1    10.3   2.78   40553.   308  -270    38   -86  -4.14
2024 285 22 38    7.85    6.27    6.29  -658.8   -32.7     9.0   3.16   36747.   318  -265    53   -85  -4.15
2024 285 22 39    7.75    6.32    6.36  -649.8   -36.6     4.3   3.18   34345.   325  -266    59   -85  -4.14
2024 285 22 40    7.61    6.45    6.41  -645.9   -18.4     5.5   3.85   36136.   335  -281    54   -85  -4.14
2024 285 22 41    7.50    6.18    6.74  -658.0   -37.9    -5.9   3.02   30259.   331  -287    44   -85  -4.45
2024 285 22 42    7.81    6.04    6.76  -654.4   -17.6     7.2   3.19   36540.   317  -280    37   -85  -4.43
2024 285 22 43    7.45    8.92    2.66  -650.1     4.8    -0.7   3.52   41708.   297  -269    28   -85  -1.73
2024 285 22 44    6.89    9.78    0.11  -664.3     1.6    -2.2   3.52   45520.   291  -261    30   -85  -0.07
2024 285 22 45    7.21    9.60   -0.89  -664.2    12.4   -18.5   3.18   42793.   287  -259    28   -85   0.59
2024 285 22 46    7.77    8.84    1.49  -663.9    30.8   -46.2   2.62   38146.   284  -256    28   -85  -0.99
2024 285 22 47    8.27    7.43    4.48  -651.5    -0.6     0.2   2.56   35515.   270  -239    31   -85  -2.92
2024 285 22 48    7.84    6.38    6.42  -648.5    -7.2    10.7   2.56   34839.   276  -240    36   -85  -4.16
2024 285 22 49    8.02    6.94    5.68  -644.1    16.2     3.5   2.91   32311.   283  -247    36   -85  -3.66
2024 285 22 50    8.10    7.21    5.05  -647.4     8.6     0.1   2.72   52790.   293  -254    39   -84  -3.27
2024 285 22 51    7.26    5.64    7.78  -648.4     6.3    -0.9   2.67   58931.   298  -262    36   -83  -5.05
2024 285 22 52    7.25    6.69    6.96  -647.2   -15.1    16.4   3.37   52972.   300  -264    36   -83  -4.51
2024 285 22 53    7.00    5.22    7.94  -647.2   -15.1    16.4   3.37   52968.   300  -263    37   -82  -5.14
2024 285 22 54    6.35    1.99    9.70  -668.7   -27.0     9.5   4.56   43945.   296  -258    38   -83  -6.49
2024 285 22 55    6.37    2.05    9.73  -668.8   -27.0     9.5   4.56   43909.   298  -256    42   -82  -6.51
2024 285 22 56    6.49    4.59    8.69  -669.7   -31.3     5.0   4.10   43941.   293  -249    44   -82  -5.83
2024 285 22 57    6.43    5.04    8.47  -669.7   -31.3     5.0   4.10   43941.   287  -241    46   -82  -5.68
2024 285 22 58    6.33    5.16    8.39  -663.2   -43.4     8.0   5.16   40178.   266  -228    38   -80  -5.58
2024 285 22 59    6.42    4.99    8.33  -663.2   -43.4     8.0   5.16   40178.   254  -216    38   -77  -5.54
2024 285 23  0    6.90    3.81    8.48  -663.5   -44.2     8.1   6.25   39649.   287  -227    60   -74  -5.64
2024 285 23  1    6.83    4.12    8.35  -663.5   -44.2     8.1   6.25   39649.   326  -243    83   -73  -5.55
2024 285 23  2    6.71    2.00    8.91  -669.1   -63.0     5.8   6.33   44727.   338  -251    87   -71  -5.99
2024 285 23  3    6.24    2.51    8.96  -669.1   -63.0     5.8   6.33   44727.   343  -272    71   -71  -6.02
2024 285 23  4    5.39    0.99    9.75  -665.9   -36.1     6.4   6.36   38879.   366  -285    81   -70  -6.50
2024 285 23  5    4.20   -2.25   10.15  -665.9   -36.1     6.4   6.36   38879.   362  -276    86   -69  -6.77
2024 285 23  6    4.46    0.89    9.81  -657.6   -39.6    27.2   6.78   37661.   344  -266    78   -67  -6.47
2024 285 23  7    3.95    4.28    9.91  -657.6   -39.6    27.2   6.78   37661.   336  -273    63   -66  -6.53
2024 285 23  8    4.79    3.25    9.78  -654.2   -37.6    23.4   5.20   60413.   332  -279    53   -64  -6.41
2024 285 23  9    5.24    2.88    9.57  -654.2   -37.6    23.4   5.20   60413.   343  -299    44   -65  -6.28
2024 285 23 10    5.34    1.21    9.83  -654.5   -38.3    22.8   5.23   59781.   349  -302    47   -64  -6.45
2024 285 23 11    5.52    0.28    9.71  -663.3   -62.5     2.8   6.15   39094.   361  -315    46   -66  -6.47
2024 285 23 12    5.22    0.36    9.79  -663.3   -62.5     2.8   6.15   39094.   377  -325    52   -68  -6.52
2024 285 23 13    4.93    2.27    9.84  -652.0   -74.1    29.1   5.62   42038.   357  -300    57   -70  -6.46
2024 285 23 14    4.76    0.32    9.97  -652.0   -74.1    29.1   5.62   42038.   304  -252    52   -69  -6.55
2024 285 23 15    4.87    0.22    9.58  -654.6   -42.1    32.9   6.80   55398.   244  -212    32   -67  -6.29
2024 285 23 16    6.18    2.43    8.74  -654.6   -42.1    32.9   6.80   55398.   231  -204    27   -65  -5.74
2024 285 23 17    6.41    2.28    8.39  -654.6   -42.1    32.9   6.80   55398.   302  -250    52   -65  -5.51
2024 285 23 18    6.89    2.13    8.04  -663.0   -48.0     8.3   6.17   54160.   302  -277    25   -65  -5.34
2024 285 23 19    6.37    0.94    8.52  -663.0   -48.0     8.3   6.17   54160.   283  -252    31   -65  -5.66
2024 285 23 20    5.75    0.77    9.01  -655.4   -71.5    26.4   7.20   51797.   248  -219    29   -64  -5.94
2024 285 23 21    6.12    0.16    8.79  -655.4   -71.5    26.4   7.20   51797.   240  -214    26   -63  -5.80
2024 285 23 22    6.03    0.29    8.84 99999.9 99999.9 99999.9 999.99 9999999.   254  -234    20   -64 999.99
2024 285 23 23    6.04    0.01    8.82  -663.3   -39.1    11.9   6.60   48557.   271  -242    29   -65  -5.86
2024 285 23 24    6.18   -0.24    8.76  -663.3   -39.1    11.9   6.60   48557.   253  -221    32   -65  -5.82
2024 285 23 25    5.63   -1.60    8.96  -660.2   -34.9     9.8   6.15   46354.   208  -184    24   -64  -5.92
2024 285 23 26    5.83   -1.32    8.48  -660.2   -34.9     9.8   6.15   46443.   198  -172    26   -65  -5.61
2024 285 23 27    7.07   -0.01    7.43  -666.9   -45.2     8.5   6.47   69897.   210  -186    24   -66  -4.97
2024 285 23 28    6.54    0.64    7.74  -666.4   -59.9     8.0   5.79  121326.   231  -207    24   -69  -5.18
2024 285 23 29    6.46   -0.09    7.75  -664.6   -66.2     7.9   5.53  136415.   223  -187    36   -71  -5.18
2024 285 23 30    7.18   -2.38    6.53  -650.3   -74.7     9.2   5.49  101453.   174  -145    29   -70  -4.27
2024 285 23 31    8.32   -2.56    5.19  -650.3   -74.7     9.2   5.49  101453.   111   -97    14   -68  -3.40
2024 285 23 32    6.93   -1.36    7.03 99999.9 99999.9 99999.9 999.99 9999999.   126   -83    43   -66 999.99
2024 285 23 33    5.37    0.17    7.85  -651.9   -66.3     8.4   7.98   81132.   155  -113    42   -65  -5.14
2024 285 23 34    4.63    1.87    8.59  -669.7   -48.4    20.4   6.47   81863.   185  -146    39   -66  -5.77
2024 285 23 35    3.91    3.80    8.49  -679.0   -39.1    26.6   5.70   82244.   181  -161    20   -67  -5.78
2024 285 23 36    2.91    4.56    6.98  -693.8   -22.0    30.3   4.82   72295.   160  -137    23   -68  -4.85
2024 285 23 37    5.12    1.78    8.83  -676.8   -44.8    47.5   3.86   69218.   107   -91    16   -66  -6.01
2024 285 23 38    5.83    1.21    8.56 99999.9 99999.9 99999.9 999.99 9999999.   104   -84    20   -67 999.99
2024 285 23 39    4.99    2.22    8.61  -669.8   -60.2    42.1   3.26   45687.   110   -88    22   -68  -5.80
2024 285 23 40    5.06    3.62    9.21  -667.9   -66.6    38.7   3.42   50347.   114  -102    12   -69  -6.19
2024 285 23 41    4.46    2.70   10.19  -666.7   -69.8    37.1   3.52   53546.   118   -97    21   -69  -6.84
2024 285 23 42    4.45    2.85   10.18  -667.0   -73.7    45.5   3.47   40302.    95   -72    23   -69  -6.85
2024 285 23 43    4.30    3.00   10.15  -667.0   -73.7    45.5   3.47   40302.    88   -64    24   -69  -6.83
2024 285 23 44    3.98    3.15   10.23 99999.9 99999.9 99999.9 999.99 9999999.   105   -75    30   -69 999.99
2024 285 23 45    5.20    2.61    9.83  -657.0   -69.5    30.2   4.12   51443.    85   -74    11   -70  -6.50
2024 285 23 46    4.13    2.01   10.43  -657.0   -69.5    30.2   4.12   51443.    71   -64     7   -70  -6.90
2024 285 23 47    3.32    1.17   10.76  -670.6   -73.5    20.2   4.13   65178.    79   -73     6   -70  -7.26
2024 285 23 48    3.64    2.16   10.57  -670.1   -73.3    20.8   4.23   65581.    88   -58    30   -68  -7.13
2024 285 23 49    4.27    1.85   10.38  -667.8   -72.8    23.4   4.68   67400.    92   -58    34   -67  -6.98
2024 285 23 50    3.55    0.77   10.92 99999.9 99999.9 99999.9 999.99 9999999.    95   -62    33   -67 999.99
2024 285 23 51    4.02    1.47   10.59  -669.0   -72.7    16.1   4.52   43356.    90   -58    32   -66  -7.13
2024 285 23 52    2.73    3.11   10.63  -669.0   -72.7    16.1   4.52   43356.   102   -60    42   -65  -7.16
2024 285 23 53    1.98    0.49   11.48  -678.3   -83.1    18.1   5.19   39347.   131   -61    70   -64  -7.85
2024 285 23 54    1.99   -0.99   11.49  -681.2   -86.4    18.7   5.40   38085.   124   -65    59   -64  -7.89
2024 285 23 55    2.08   -3.22   11.23 99999.9 99999.9 99999.9 999.99 9999999.    98   -74    24   -65 999.99
2024 285 23 56    2.63   -3.37   11.08 99999.9 99999.9 99999.9 999.99 9999999.   102   -55    47   -62 999.99
2024 285 23 57    3.09   -2.91   11.00  -668.2  -110.6    19.9   4.71   40209.    93   -62    31   -62  -7.45
2024 285 23 58    3.18   -3.67   10.65  -668.3  -110.5    19.8   4.71   40169.   117   -82    35   -62  -7.22
2024 285 23 59    2.50   -4.00   10.73  -672.8  -107.3    13.0   4.74   37572.   121   -99    22   -65  -7.31
2024 286  0  0    2.70   -4.14   10.60  -673.2  -107.0    12.5   4.74   37409.   102   -76    26   -66  -7.23
2024 286  0  1    3.30   -5.25    9.84  -666.3  -108.4     4.7   4.35   46622.    60   -44    16   -64  -6.64
2024 286  0  2    2.87   -4.58   10.20  -667.5  -103.3     8.4   4.62   43050.    55   -45    10   -64  -6.89
2024 286  0  3    2.50   -4.43   10.25  -670.5   -90.7    17.4   5.28   34212.    57   -46    11   -63  -6.94
2024 286  0  4    2.41   -4.59   10.14  -669.4  -100.0    14.7   4.39   48019.    62   -62     0   -63  -6.86
2024 286  0  5    2.00   -4.10   10.14  -669.3  -100.7    14.5   4.33   49107.    72   -67     5   -63  -6.86
2024 286  0  6    1.87   -4.04   10.16 99999.9 99999.9 99999.9 999.99 9999999.    63   -53    10   -61 999.99
2024 286  0  7    2.63   -3.71   10.07 99999.9 99999.9 99999.9 999.99 9999999.    72   -54    18   -61 999.99
2024 286  0  8    3.08   -3.71   10.02  -668.7   -88.5    12.9   5.93   32088.    85   -55    30   -58  -6.76
2024 286  0  9    2.90   -4.01    9.94  -668.7   -88.5    12.9   5.93   32088.   104   -66    38   -57  -6.71
2024 286  0 10    1.40   -3.71   10.33  -674.1   -97.5    19.1   7.21   44257.   110   -70    40   -57  -7.04
2024 286  0 11    1.54   -3.77   10.39  -675.2   -98.5    19.5   7.40   45614.   103   -65    38   -54  -7.09
2024 286  0 12    1.30   -2.60   10.75  -671.7   -84.4     7.6   5.94   27917.   113   -77    36   -53  -7.28
2024 286  0 13    1.38   -2.88   10.72  -676.1   -80.9    10.1   6.33   31094.    89   -61    28   -52  -7.30
2024 286  0 14    1.33   -2.65   10.78  -674.3   -81.5    10.4   6.28   33023.    80   -60    20   -52  -7.32
2024 286  0 15    0.57   -4.03   10.22  -673.8   -81.7    10.2   6.26   34334.    88   -71    17   -52  -6.94
2024 286  0 16    0.27   -3.91    9.89  -674.7   -81.7     5.9   6.22   45853.    96   -72    24   -53  -6.72
2024 286  0 17    0.29   -3.34    9.92  -674.7   -81.7     5.9   6.22   45853.   107   -70    37   -55  -6.74
2024 286  0 18    0.36   -3.55    9.28 99999.9 99999.9 99999.9 999.99 9999999.    76   -53    23   -55 999.99
2024 286  0 19    0.60   -3.82    9.21  -670.9   -43.7   -22.4   6.25  103194.    74   -50    24   -54  -6.20
2024 286  0 20   -0.79   -5.08    7.98  -671.0   -43.9   -22.7   6.27  103615.    94   -71    23   -55  -5.37
2024 286  0 21   -1.06   -4.40    8.68  -675.8   -51.4   -31.1   7.16  117448.   119   -74    45   -58  -5.89
2024 286  0 22    0.28   -3.46    9.14  -675.8   -51.4   -31.1   7.17  117552.    75   -58    17   -58  -6.20
2024 286  0 23    0.57   -3.89    8.64  -667.6   -49.6   -32.0   8.84  139334.    40   -30    10   -55  -5.79
2024 286  0 24   -0.08   -5.15    9.02  -667.6   -49.6   -32.0   8.84  139324.    82   -32    50   -54  -6.05
2024 286  0 25   -0.37   -6.04    9.24  -673.1   -91.4     9.1   3.98  114744.   110   -56    54   -53  -6.28
2024 286  0 26   -0.41   -5.53    9.60  -676.1   -90.6     3.3   4.02  110131.   105   -79    26   -53  -6.55
2024 286  0 27    0.31   -4.54   10.12  -675.2   -86.2     6.4   3.83  107833.   148  -106    42   -56  -6.89
2024 286  0 28   -0.16   -5.22    9.76  -671.8   -79.3    15.6   3.50  107129.   190  -109    81   -60  -6.60
2024 286  0 29   -0.82   -6.16    8.99 99999.9 99999.9 99999.9 999.99 9999999.   147  -109    38   -64 999.99
2024 286  0 30   -0.96   -6.48    8.94 99999.9 99999.9 99999.9 999.99 9999999.   141  -119    22   -65 999.99
2024 286  0 31   -1.30   -7.26    8.23 99999.9 99999.9 99999.9 999.99 9999999.    98   -75    23   -64 999.99
2024 286  0 32   -1.98   -8.00    7.37  -685.2  -101.5   -13.9   3.90   76159.    49   -34    15   -63  -5.11
2024 286  0 33   -1.79   -8.15    7.16  -685.2  -101.5   -13.9   3.90   76159.    91   -51    40   -62  -4.96
2024 286  0 34   -1.54   -7.78    7.79  -678.4   -90.0     1.5   3.60   79809.   103   -57    46   -62  -5.33
2024 286  0 35   -1.57   -8.56    6.89  -677.2   -88.1     4.1   3.56   80425.    67   -48    19   -62  -4.71
2024 286  0 36   -1.88   -8.23    7.17  -678.3  -100.1    -8.1   3.39   78060.    47   -44     3   -62  -4.92
2024 286  0 37   -3.29   -9.43    4.80  -681.0  -100.6   -11.2   3.43   82189.    66   -52    14   -62  -3.30
2024 286  0 38   -4.69   -9.09    4.51  -695.8  -104.7   -27.6   3.50  102802.    71   -58    13   -63  -3.18
2024 286  0 39   -4.84   -8.87    5.17  -699.5  -109.6   -26.6   2.81   97204.    73   -56    17   -64  -3.66
2024 286  0 40   -4.76   -8.33    6.16  -696.9   -99.9   -22.3   2.52   96350.    68   -53    15   -65  -4.34
2024 286  0 41   -4.24   -8.40    6.48  -698.9   -98.4   -17.4   2.46   80958.    53   -49     4   -66  -4.57
2024 286  0 42   -4.70   -7.93    6.40  -698.8  -101.8   -16.8   2.75   90741.    34   -44   -10   -66  -4.52
2024 286  0 43   -4.32   -7.72    6.80  -698.6  -105.9   -16.1   3.11  102745.    43   -45    -2   -66  -4.81
2024 286  0 44   -4.12   -7.75    6.84  -698.5  -105.4   -15.8   3.11  105925.    49   -51    -2   -66  -4.83
2024 286  0 45   -5.16   -6.48    7.57  -697.4  -101.4   -13.2   3.11  129255.    43   -45    -2   -66  -5.34
2024 286  0 46   -5.46   -5.63    8.00  -700.2   -91.8   -10.8   2.71   96207.    35   -42    -7   -65  -5.65
2024 286  0 47   -3.73   -6.94    7.70  -700.8   -89.9   -10.3   2.62   89148.    50   -34    16   -64  -5.44
2024 286  0 48   -3.93   -6.61    7.91  -693.3  -106.1    -4.5   3.34   97965.    60   -38    22   -64  -5.55
2024 286  0 49   -3.75   -6.91    7.70  -692.9  -106.6    -5.6   3.34   92572.    59   -50     9   -64  -5.40
2024 286  0 50   -3.63   -6.58    7.88  -691.2  -108.7    -9.7   3.35   71552.    60   -53     7   -64  -5.51
2024 286  0 51   -3.44   -6.88    7.50  -691.2  -108.7    -9.7   3.35   71552.    55   -47     8   -63  -5.25
2024 286  0 52   -3.41   -7.01    7.35 99999.9 99999.9 99999.9 999.99 9999999.    52   -40    12   -62 999.99
2024 286  0 53   -2.96   -7.81    7.25  -695.3  -127.0     1.0   2.79  145023.    62   -44    18   -61  -5.13
2024 286  0 54   -2.87   -8.40    7.50  -691.5  -114.3    -8.2   2.29  123669.    60   -46    14   -61  -5.26
2024 286  0 55   -2.71   -8.51    7.37  -680.8   -78.3   -34.1   0.91   63315.    59   -54     5   -62  -5.06
2024 286  0 56   -2.56   -8.35    7.36  -688.0   -89.2     0.1   1.31  105212.    62   -57     5   -64  -5.11
2024 286  0 57   -1.42   -7.00    8.09  -688.2   -89.4     0.8   1.32  106113.    93   -72    21   -69  -5.61
2024 286  0 58   -0.98   -6.42    8.46  -680.6  -113.2     5.1   2.51  108359.   106   -86    20   -74  -5.84
2024 286  0 59   -1.47   -6.50    8.28  -680.4  -113.7     5.2   2.53  108406.   149  -130    19   -76  -5.71
2024 286  1  0   -1.95   -6.78    7.93  -680.4  -113.7     5.2   2.53  108406.   174  -138    36   -73  -5.47
2024 286  1  1   -1.94   -6.50    8.10 99999.9 99999.9 99999.9 999.99 9999999.   231  -141    90   -69 999.99
2024 286  1  2   -1.76   -6.46    8.09 99999.9 99999.9 99999.9 999.99 9999999.   280   -96   184   -65 999.99
2024 286  1  3   -1.61   -6.59    7.94  -681.7  -111.6    -4.9   2.95  115854.   335   -89   246   -62  -5.48
2024 286  1  4   -2.34   -6.42    7.46  -681.7  -111.6    -4.9   2.95  115854.   229   -70   159   -60  -5.15
2024 286  1  5   -2.94   -6.47    7.13  -681.7  -111.6    -4.9   2.95  115854.   125   -53    72   -59  -4.93
2024 286  1  6   -2.07   -6.57    7.32 99999.9 99999.9 99999.9 999.99 9999999.   122   -54    68   -60 999.99
2024 286  1  7   -2.47   -6.45    7.26 99999.9 99999.9 99999.9 999.99 9999999.   128   -51    77   -62 999.99
2024 286  1  8   -3.09   -6.38    7.04 99999.9 99999.9 99999.9 999.99 9999999.   110   -52    58   -63 999.99
2024 286  1  9   -2.91   -6.78    6.58 99999.9 99999.9 99999.9 999.99 9999999.   102   -48    54   -63 999.99
2024 286  1 10   -2.56   -6.26    7.16 99999.9 99999.9 99999.9 999.99 9999999.    77   -35    42   -63 999.99
2024 286  1 11   -1.74   -6.33    7.25  -686.2   -77.8   -17.1   2.29   89956.    48   -35    13   -63  -5.01
2024 286  1 12   -1.81   -6.88    7.43  -686.2   -77.8   -17.1   2.29   89956.    33   -28     5   -62  -5.13
2024 286  1 13   -2.76   -6.52    8.09  -688.6   -88.5   -12.2   1.80   88474.    40   -42    -2   -62  -5.62
2024 286  1 14   -2.98   -6.48    8.07  -688.6   -88.5   -12.2   1.80   88469.    39   -44    -5   -62  -5.60
2024 286  1 15   -3.00   -7.06    7.47 99999.9 99999.9 99999.9 999.99 9999999.    35   -34     1   -62 999.99
2024 286  1 16   -2.85   -7.29    7.05 99999.9 99999.9 99999.9 999.99 9999999.    76   -40    36   -66 999.99
2024 286  1 17   -3.02   -7.23    6.80 99999.9 99999.9 99999.9 999.99 9999999.    80   -56    24   -69 999.99
2024 286  1 18   -2.07   -6.97    7.34 99999.9 99999.9 99999.9 999.99 9999999.    66   -58     8   -70 999.99
2024 286  1 19   -1.85   -6.94    7.32 99999.9 99999.9 99999.9 999.99 9999999.    80   -76     4   -68 999.99
2024 286  1 20   -1.55   -6.99    7.19  -679.7  -106.0   -19.6   2.31   86399.    72   -47    25   -68  -4.95
2024 286  1 21   -1.47   -7.12    6.94  -679.7  -106.0   -19.6   2.31   86399.    89   -26    63   -67  -4.78
2024 286  1 22   -1.23   -7.32    6.43  -681.8  -104.7   -20.1   2.71   85532.   107   -29    78   -65  -4.44
2024 286  1 23   -0.88   -7.62    5.80  -681.8  -104.7   -20.1   2.71   85532.    87   -32    55   -63  -4.00
2024 286  1 24   -1.21   -7.73    4.14  -679.6   -95.6   -42.6   2.95   96027.    56   -35    21   -62  -2.85
2024 286  1 25   -0.73   -7.71    4.73  -679.6   -95.6   -42.6   2.95   96027.    59   -31    28   -62  -3.25
2024 286  1 26   -0.56   -7.88    5.09  -674.7  -104.7   -23.6   2.88   96075.    55   -29    26   -62  -3.48
2024 286  1 27   -0.42   -7.00    6.08  -674.7  -104.7   -23.7   2.88   96147.    54   -28    26   -62  -4.15
2024 286  1 28   -0.03   -5.28    7.83  -679.7  -105.4   -34.5   3.07  109021.    34   -34     0   -61  -5.39
2024 286  1 29    0.17   -5.35    8.30  -679.7  -105.6   -34.5   3.07  108857.    32   -29     3   -60  -5.72
2024 286  1 30    0.11   -5.14    8.52  -676.3  -150.5   -34.6   2.34   67937.    58   -34    24   -60  -5.91
2024 286  1 31   -0.12   -4.45    8.99  -674.4  -129.0   -12.4   2.26  105120.    68   -43    25   -60  -6.18
2024 286  1 32   -0.41   -5.09    8.71  -673.2  -115.3     1.8   2.20  128854.    70   -53    17   -62  -5.95
2024 286  1 33   -0.68   -5.30    8.54  -675.0  -112.5   -12.4   2.39   96220.    62   -51    11   -64  -5.84
2024 286  1 34   -0.54   -5.04    8.63  -675.0  -112.5   -12.4   2.39   96220.    50   -46     4   -65  -5.91
2024 286  1 35   -0.42   -5.11    8.61  -672.6  -102.5   -17.1   1.94  131323.    37   -36     1   -67  -5.86
2024 286  1 36    0.14   -5.85    8.12  -671.8  -103.2   -17.1   1.94  128747.    37   -35     2   -67  -5.52
2024 286  1 37   -0.52   -5.58    8.08  -662.8  -110.8   -17.6   1.96   99628.    47   -44     3   -66  -5.43
2024 286  1 38   -0.46   -5.62    8.07  -666.5  -114.0   -13.8   2.03  120249.    63   -51    12   -66  -5.46
2024 286  1 39   -0.52   -5.49    8.13  -667.4  -114.7   -12.9   2.05  124946.    75   -65    10   -65  -5.51
2024 286  1 40   -0.55   -5.42    8.17  -665.8  -110.8    -9.6   2.07  116490.    68   -63     5   -65  -5.51
2024 286  1 41   -0.45   -5.43    8.14  -661.9  -109.0     5.0   1.88   92728.    46   -44     2   -66  -5.46
2024 286  1 42   -0.83   -5.46    8.13  -660.6  -108.4     9.9   1.83   84851.    28   -31    -3   -66  -5.44
2024 286  1 43   -1.15   -5.47    8.01 99999.9 99999.9 99999.9 999.99 9999999.    24   -29    -5   -66 999.99
2024 286  1 44   -0.20   -5.33    8.12  -665.3  -109.2    -2.8   2.08  108611.    24   -27    -3   -66  -5.48
2024 286  1 45   -0.21   -5.42    8.04  -662.8  -112.0     4.8   1.96   84577.    37   -31     6   -66  -5.41
2024 286  1 46   -0.27   -5.35    8.11  -663.1  -110.4     4.1   2.05   88241.    47   -31    16   -66  -5.45
2024 286  1 47   -0.31   -5.31    8.16  -664.5  -108.0    -0.2   2.17  102845.    40   -27    13   -66  -5.49
2024 286  1 48   -0.30   -5.14    8.28  -662.6  -107.3     3.0   2.20   97458.    36   -25    11   -66  -5.56
2024 286  1 49   -0.27   -5.19    8.23  -662.5  -107.2     3.2   2.20   97091.    32   -22    10   -65  -5.52
2024 286  1 50   -0.29   -5.03    8.29  -668.3   -93.5    -1.0   2.16  115589.    38   -24    14   -65  -5.59
2024 286  1 51   -0.09   -5.26    8.17  -668.3   -93.5    -1.0   2.16  115589.    44   -28    16   -65  -5.51
2024 286  1 52   -0.17   -5.18    8.14  -665.2  -106.2    -0.6   2.30  102595.    50   -34    16   -65  -5.48
2024 286  1 53   -0.10   -5.12    8.16  -665.2  -106.2    -0.6   2.30  102595.    58   -37    21   -65  -5.50
2024 286  1 54   -0.20   -5.18    8.11  -666.3  -101.3     0.2   2.19  116696.    57   -41    16   -65  -5.47
2024 286  1 55   -0.32   -5.26    8.09  -666.4  -101.1     0.2   2.18  117341.    41   -29    12   -65  -5.45
2024 286  1 56   -0.28   -5.26    8.06  -666.5  -104.2     1.3   2.19  100760.    32   -21    11   -65  -5.44
2024 286  1 57   -0.29   -5.23    8.00  -666.6  -104.3     1.3   2.18  102470.    30   -23     7   -65  -5.40
2024 286  1 58   -0.48   -5.28    7.91  -667.9  -105.4     1.0   2.12  126575.    25   -20     5   -65  -5.35
2024 286  1 59   -0.51   -5.43    7.78  -667.9  -105.4     1.0   2.12  126575.    36   -26    10   -65  -5.26
2024 286  2  0   -0.57   -5.43    7.72  -668.1  -100.2    -2.6   1.98  111553.    35   -19    16   -65  -5.22
2024 286  2  1   -0.47   -5.24    7.87  -668.1  -100.2    -2.6   1.98  111553.    40   -23    17   -65  -5.32
2024 286  2  2   -0.19   -4.91    8.14  -665.5   -97.8     0.4   1.95  114335.    39   -26    13   -65  -5.47
2024 286  2  3   -0.20   -4.89    8.16  -664.8   -98.6    -1.0   1.96  119949.    39   -29    10   -65  -5.48
2024 286  2  4   -0.08   -5.01    8.06  -664.6   -99.2    -2.0   1.97  123232.    35   -21    14   -65  -5.42
2024 286  2  5   -0.11   -5.05    8.00  -661.3   -98.2     0.6   1.95  138522.    38   -19    19   -65  -5.35
2024 286  2  6   -0.18   -5.07    7.99  -661.2   -98.4     0.6   1.95  135112.    39   -20    19   -65  -5.34
2024 286  2  7   -0.51   -5.06    7.96  -661.0   -99.2     0.6   1.93  119913.    37   -19    18   -65  -5.32
2024 286  2  8   -0.67   -5.11    7.90  -661.5   -99.2    -0.2   1.92  119820.    36   -18    18   -65  -5.28
2024 286  2  9   -0.80   -5.04    7.87  -664.0   -99.1    -4.6   1.87  119321.    38   -19    19   -65  -5.28
2024 286  2 10   -0.87   -5.16    7.78  -666.6   -98.6    -3.6   1.95  124811.    45   -21    24   -65  -5.24
2024 286  2 11   -0.59   -5.16    7.74  -667.1   -98.5    -3.2   1.97  126342.    39   -20    19   -65  -5.22
2024 286  2 12   -0.60   -4.79    7.92  -660.5   -97.3    -0.1   1.96  129749.    39   -22    17   -65  -5.29
2024 286  2 13   -2.11   -5.21    7.37  -659.3   -90.5    -0.6   1.84  141851.    39   -24    15   -66  -4.90
2024 286  2 14   -0.75   -4.96    7.62  -658.9   -88.6    -0.7   1.80  145260.    37   -25    12   -66  -5.07
2024 286  2 15    0.38   -4.53    7.96  -644.2   -86.6     1.6   1.84  130872.    39   -28    11   -66  -5.17
2024 286  2 16    1.61   -3.55    7.96  -643.3   -85.1     2.4   1.89  142592.    37   -26    11   -66  -5.17
2024 286  2 17    2.36   -2.77    7.81  -640.4   -81.4     5.6   2.05  173002.    30   -23     7   -66  -5.04
2024 286  2 18    0.08   -4.33    7.84  -638.7   -81.9    14.9   2.08  172701.    28   -27     1   -66  -5.05
2024 286  2 19   -0.95   -4.82    7.78  -662.9   -71.8     2.5   1.85  164316.    42   -27    15   -66  -5.19
2024 286  2 20   -1.19   -4.96    7.61  -664.1   -71.3     1.9   1.85  163907.    44   -28    16   -67  -5.08
2024 286  2 21   -0.80   -4.80    7.66  -668.2   -90.2   -12.7   1.83  126188.    49   -36    13   -67  -5.17
2024 286  2 22   -0.29   -4.40    8.06  -666.4   -89.1    -9.9   1.80  126039.    42   -35     7   -67  -5.42
2024 286  2 23   -0.42   -4.36    7.94  -654.3   -63.4     1.9   1.63  144228.    39   -29    10   -66  -5.22
2024 286  2 24    0.47   -3.74    8.29  -652.6   -45.0    -2.1   1.64  162233.    39   -25    14   -66  -5.42
2024 286  2 25    0.46   -3.89    8.15  -663.6   -71.2   -10.1   1.61  139450.    39   -23    16   -66  -5.44
2024 286  2 26    0.06   -3.96    8.18  -663.6   -71.2   -10.1   1.61  139450.    43   -25    18   -66  -5.46
2024 286  2 27   -0.10   -4.11    8.15  -661.4   -71.2    -6.9   1.61  156118.    41   -27    14   -67  -5.42
2024 286  2 28   -0.34   -4.11    8.17  -660.1   -71.2    -5.1   1.61  165548.    35   -27     8   -67  -5.42
2024 286  2 29   -0.23   -4.22    8.07  -660.5   -73.4   -12.7   1.62  170663.    34   -25     9   -68  -5.36
2024 286  2 30   -1.96   -4.99    7.13  -659.8   -74.0   -14.9   1.61  171470.    43   -33    10   -68  -4.74
2024 286  2 31   -3.56   -5.80    6.09  -632.5   -67.4     7.0   1.32  176633.    49   -35    14   -68  -3.87
2024 286  2 32   -4.47   -6.02    5.49  -629.5   -66.8     7.1   1.42  204846.    49   -28    21   -68  -3.48
2024 286  2 33   -2.94   -5.05    6.93 99999.9 99999.9 99999.9 999.99 9999999.    47   -32    15   -69 999.99
2024 286  2 34   -2.42   -5.29    7.07 99999.9 99999.9 99999.9 999.99 9999999.    46   -32    14   -70 999.99
2024 286  2 35   -3.69   -5.59    6.49  -608.1   -42.0    -8.0   0.98  218527.    34   -37    -3   -71  -3.96
2024 286  2 36   -4.17   -5.28    6.47  -608.1   -42.0    -8.0   0.98  218527.    36   -43    -7   -72  -3.94
2024 286  2 37   -4.09   -5.45    6.38  -605.9   -51.0     4.3   1.07  194891.    40   -43    -3   -72  -3.88
2024 286  2 38   -3.95   -5.40    6.56  -605.9   -52.3     5.5   1.09  192196.    48   -45     3   -72  -3.99
2024 286  2 39   -3.80   -5.66    6.46  -610.8   -55.1    -0.7   1.19  196633.    50   -46     4   -73  -3.96
2024 286  2 40   -4.44   -6.26    6.10  -613.2   -59.1    20.2   1.11  254444.    45   -51    -6   -73  -3.76
2024 286  2 41   -4.53   -6.03    6.32  -613.6   -59.8    23.6   1.10  263778.    48   -53    -5   -73  -3.90
2024 286  2 42   -4.50   -6.20    6.17 99999.9 99999.9 99999.9 999.99 9999999.    50   -53    -3   -73 999.99
2024 286  2 43   -3.95   -6.78    5.88  -612.1   -62.0    -1.1   0.88  127406.    49   -50    -1   -73  -3.62
2024 286  2 44   -4.35   -6.51    5.86  -612.1   -62.0    -1.1   0.88  127406.    51   -48     3   -73  -3.61
2024 286  2 45   -3.77   -6.15    6.58  -617.8   -73.1    -5.8   1.09   85897.    57   -45    12   -73  -4.09
2024 286  2 46   -4.04   -6.05    6.58  -617.8   -73.1    -5.8   1.09   85897.    62   -44    18   -73  -4.09
2024 286  2 47   -4.32   -6.14    6.38  -614.5   -65.8    21.4   1.16   95498.    58   -39    19   -72  -3.95
2024 286  2 48   -4.18   -5.90    6.73  -614.5   -65.8    21.4   1.16   95498.    56   -35    21   -72  -4.16
2024 286  2 49   -4.37   -6.03    6.54  -616.1   -65.6    21.0   1.06   82248.    54   -33    21   -72  -4.05
2024 286  2 50   -4.47   -5.74    6.73  -616.4   -65.5    20.9   1.03   79325.    53   -31    22   -72  -4.17
2024 286  2 51   -4.66   -5.67    6.68  -616.4   -65.5    20.9   1.03   79325.    55   -28    27   -72  -4.14
2024 286  2 52   -4.46   -5.75    6.75  -623.7   -60.9    25.2   1.02   66004.    54   -28    26   -72  -4.23
2024 286  2 53   -4.50   -5.80    6.72  -623.7   -60.9    25.2   1.02   66004.    50   -25    25   -72  -4.21
2024 286  2 54   -4.53   -5.69    6.83  -616.7   -55.4    29.4   1.00   88701.    47   -23    24   -71  -4.23
2024 286  2 55   -4.57   -5.72    6.71  -616.7   -55.4    29.4   1.00   88701.    48   -24    24   -72  -4.16
2024 286  2 56   -4.93   -5.63    6.57  -620.9   -48.0    22.1   0.72  143137.    42   -23    19   -72  -4.09
2024 286  2 57   -4.86   -5.21    6.98  -620.9   -47.9    22.0   0.72  143782.    33   -21    12   -73  -4.35
2024 286  2 58   -4.88   -5.14    7.05  -623.3   -41.1    30.6   0.75  169443.    37   -30     7   -74  -4.41
2024 286  2 59   -4.97   -5.25    6.92  -623.7   -40.0    31.9   0.76  173425.    48   -36    12   -74  -4.33
2024 286  3  0   -4.49   -5.32    7.32  -626.2   -47.4    26.1   0.73  174080.    50   -33    17   -74  -4.60
2024 286  3  1   -6.07   -3.84    7.29  -626.9   -49.5    24.4   0.72  174268.    52   -37    15   -74  -4.59
2024 286  3  2   -6.15   -3.82    7.25  -600.2   -74.7    14.4   0.60  105253.    45   -34    11   -74  -4.39
2024 286  3  3   -6.11   -4.17    6.96  -600.2   -74.7    14.4   0.60  105253.    46   -32    14   -74  -4.21
2024 286  3  4   -5.28   -4.97    7.19  -605.6   -70.4    19.3   0.76  143259.    47   -35    12   -74  -4.39
2024 286  3  5   -4.61   -5.63    7.10  -609.5   -67.4    16.5   0.76  139646.    38   -33     5   -75  -4.36
2024 286  3  6   -4.61   -5.60    7.03  -623.3   -56.5    14.7   0.85  161199.    38   -36     2   -74  -4.40
2024 286  3  7   -4.57   -5.61    6.96  -627.6   -57.7    15.8   0.90  162902.    43   -37     6   -74  -4.39
2024 286  3  8   -3.80   -6.21    6.95  -629.9   -60.7    13.1   0.91  152233.    47   -35    12   -74  -4.40
2024 286  3  9   -4.15   -5.92    7.08  -623.2   -63.1     5.4   0.82  129336.    49   -35    14   -74  -4.43
2024 286  3 10   -4.57   -6.05    6.75  -625.4   -61.1     9.1   0.73  132374.    45   -37     8   -74  -4.24
2024 286  3 11   -4.23   -6.27    6.72  -632.6   -38.7     7.9   0.87  171051.    42   -39     3   -74  -4.26
2024 286  3 12   -3.58   -6.86    6.52  -633.3   -36.8     8.8   0.89  175448.    44   -41     3   -74  -4.14
2024 286  3 13   -4.32   -6.23    6.71  -628.7   -53.6    17.5   0.82  155576.    41   -41     0   -74  -4.24
2024 286  3 14   -4.09   -5.82    7.20  -628.7   -53.6    17.5   0.82  155576.    41   -41     0   -75  -4.55
2024 286  3 15   -3.93   -6.44    6.75  -626.3   -45.0    35.0   0.74  142429.    40   -42    -2   -74  -4.25
2024 286  3 16   -3.85   -6.76    6.71  -623.0   -51.0    25.5   0.64  120010.    45   -46    -1   -74  -4.20
2024 286  3 17   -3.90   -6.79    6.72  -618.1   -60.0    11.4   0.51   86719.    44   -43     1   -74  -4.17
2024 286  3 18   -3.89   -7.01    6.43  -607.5   -63.1    -0.6   0.51  110878.    49   -42     7   -74  -3.93
2024 286  3 19   -4.03   -7.08    6.16  -607.5   -63.1    -0.6   0.51  110878.    42   -39     3   -74  -3.76
2024 286  3 20   -4.17   -6.61    6.50  -602.4   -62.9    -5.1   0.54  126656.    30   -37    -7   -75  -3.94
2024 286  3 21   -4.52   -5.79    7.05  -607.7   -58.7    -1.4   0.53  116481.    24   -34   -10   -75  -4.30
2024 286  3 22   -4.34   -5.78    7.09  -616.4   -51.8     4.7   0.51   99529.    31   -32    -1   -75  -4.39
2024 286  3 23   -4.31   -5.76    7.11  -613.6   -57.8     3.5   0.52  131718.    43   -31    12   -75  -4.38
2024 286  3 24   -4.57   -5.52    7.13  -613.6   -57.6     3.7   0.52  132148.    49   -30    19   -74  -4.39
2024 286  3 25   -4.52   -5.54    7.12  -612.7   -51.7     9.7   0.50  143311.    50   -26    24   -75  -4.38
2024 286  3 26   -4.16   -5.90    6.92  -614.9   -57.6    -5.5   0.57  204538.    49   -26    23   -74  -4.28
2024 286  3 27   -4.22   -5.87    6.92  -615.3   -58.6    -7.9   0.58  214401.    46   -26    20   -74  -4.28
2024 286  3 28   -4.31   -5.39    7.27  -606.8   -59.1     9.0   0.55  162524.    45   -29    16   -74  -4.43
2024 286  3 29   -4.16   -5.43    7.29  -606.8   -59.1     9.0   0.55  162524.    43   -28    15   -74  -4.45
2024 286  3 30   -4.29   -5.34    7.23  -601.9   -63.8     4.7   0.55  172907.    40   -26    14   -74  -4.38
2024 286  3 31   -4.14   -5.27    7.31  -603.1   -62.1     2.4   0.57  174898.    38   -25    13   -74  -4.43
2024 286  3 32   -4.23   -5.18    7.29  -604.0   -60.5     0.9   0.59  177158.    36   -26    10   -74  -4.43
2024 286  3 33   -4.19   -5.23    7.32  -604.6   -54.3     6.5   0.60  189931.    40   -30    10   -74  -4.44
2024 286  3 34   -4.17   -5.30    7.32  -607.6   -50.9     9.4   0.57  178456.    44   -32    12   -74  -4.46
2024 286  3 35   -4.16   -5.22    7.33  -607.9   -51.2     8.4   0.56  175591.    43   -31    12   -74  -4.47
2024 286  3 36   -3.99   -5.22    7.34  -607.5   -53.2     3.7   0.52  170438.    42   -31    11   -74  -4.48
2024 286  3 37   -4.38   -5.27    7.05  -611.3   -45.0    -5.2   0.50  137739.    41   -31    10   -74  -4.32
2024 286  3 38   -4.14   -5.38    7.04  -611.1   -45.3    -5.0   0.50  138481.    40   -34     6   -74  -4.31
2024 286  3 39   -4.15   -5.08    7.29  -605.8   -57.5     4.4   0.56  174074.    40   -36     4   -74  -4.44
2024 286  3 40   -3.99   -5.20    7.29  -605.8   -57.5     4.4   0.56  174074.    42   -35     7   -74  -4.44
2024 286  3 41   -3.81   -5.46    7.21  -603.0   -56.8    -8.3   0.60  183202.    41   -34     7   -74  -4.37
2024 286  3 42   -3.96   -5.51    7.10  -602.3   -46.0    -0.4   0.61  185175.    42   -33     9   -74  -4.29
2024 286  3 43   -3.99   -5.43    7.12 99999.9 99999.9 99999.9 999.99 9999999.    46   -33    13   -73 999.99
2024 286  3 44   -4.24   -5.44    6.98  -605.2   -62.9   -13.3   0.63  171165.    42   -32    10   -73  -4.25
2024 286  3 45   -3.98   -5.40    7.13  -606.1   -63.7    -5.4   0.62  172013.    40   -32     8   -74  -4.35
2024 286  3 46   -3.67   -5.50    7.17  -606.5   -64.1    -1.3   0.61  172455.    41   -32     9   -73  -4.37
2024 286  3 47   -3.07   -5.31    7.56  -621.7   -59.9   -13.9   0.60  235491.    40   -33     7   -73  -4.72
2024 286  3 48   -2.92   -5.63    7.33  -621.8   -59.6    -5.7   0.61  251277.    38   -36     2   -73  -4.58
2024 286  3 49   -2.94   -5.55    7.37  -620.1   -52.6    -8.2   0.69  189457.    41   -38     3   -74  -4.59
2024 286  3 50   -2.86   -5.56    7.38  -620.1   -52.6    -8.2   0.69  189457.    42   -36     6   -74  -4.59
2024 286  3 51   -3.11   -5.60    7.22  -620.3   -53.1    -5.5   0.73  206369.    45   -35    10   -74  -4.50
2024 286  3 52   -3.01   -5.53    7.28  -620.5   -53.8    -1.6   0.78  230168.    45   -34    11   -74  -4.53
2024 286  3 53   -2.99   -5.50    7.29  -620.5   -53.8    -1.6   0.78  230168.    44   -35     9   -74  -4.54
2024 286  3 54   -2.95   -5.50    7.26 99999.9 99999.9 99999.9 999.99 9999999.    45   -36     9   -73 999.99
2024 286  3 55   -3.19   -5.58    7.08  -611.5   -63.2    -7.7   0.74  200515.    41   -37     4   -73  -4.35
2024 286  3 56   -3.14   -5.44    7.22  -611.5   -63.2    -7.7   0.74  200515.    42   -37     5   -72  -4.44
2024 286  3 57   -3.80   -5.63    6.80  -608.9   -70.0    -5.8   0.76  182281.    47   -35    12   -72  -4.17
2024 286  3 58   -3.30   -5.39    7.22  -608.9   -70.0    -5.8   0.76  182281.    42   -33     9   -71  -4.43
2024 286  3 59   -3.87   -5.69    6.67  -611.9   -65.8   -14.8   0.77  192994.    38   -35     3   -71  -4.11
2024 286  4  0   -2.77   -5.13    7.61  -615.9   -58.3   -17.8   0.73  220303.    37   -36     1   -71  -4.71
2024 286  4  1   -1.19   -5.25    7.79  -629.9   -55.6   -13.9   0.64  232403.    34   -33     1   -71  -4.93
2024 286  4  2   -2.61   -4.29    8.05  -648.4   -37.2   -19.7   0.64  176568.    33   -30     3   -71  -5.23
2024 286  4  3   -2.54   -4.48    7.92  -633.2   -52.6   -18.9   0.65  213493.    34   -28     6   -71  -5.04
2024 286  4  4   -1.97   -4.46    7.98  -627.7   -51.1   -16.7   0.73  257236.    37   -28     9   -71  -5.03
2024 286  4  5   -1.18   -4.45    7.71  -634.3   -38.3   -24.1   0.83  279482.    41   -29    12   -72  -4.90
2024 286  4  6   -1.08   -4.44    7.76  -636.1   -35.7   -27.1   0.85  282887.    41   -31    10   -72  -4.95
2024 286  4  7   -1.03   -4.31    7.89  -634.3   -33.8   -25.6   0.82  257740.    44   -34    10   -72  -5.02
2024 286  4  8   -1.04   -4.50    7.85  -634.3   -33.8   -25.6   0.82  257740.    42   -33     9   -72  -4.99
2024 286  4  9   -0.96   -4.32    7.89  -642.1   -32.5   -21.5   0.81  249760.    40   -29    11   -72  -5.08
2024 286  4 10   -0.76   -4.24    7.96  -644.2   -32.1   -20.4   0.81  247653.    37   -27    10   -72  -5.14
2024 286  4 11   -0.80   -4.19    8.00  -644.2   -32.1   -20.4   0.81  247653.    37   -29     8   -72  -5.16
2024 286  4 12   -0.67   -4.26    8.01  -643.0   -42.7   -23.3   0.80  247885.    39   -34     5   -72  -5.16
2024 286  4 13   -0.61   -4.34    7.99  -643.0   -42.7   -23.3   0.80  247885.    42   -39     3   -71  -5.15
2024 286  4 14   -0.58   -4.33    8.05  -643.0   -42.7   -23.3   0.80  247885.    42   -40     2   -71  -5.19
2024 286  4 15   -0.69   -4.44    8.17  -641.1   -52.0   -10.5   0.69  198154.    41   -37     4   -71  -5.26
2024 286  4 16   -1.19   -4.43    8.23  -641.1   -52.0   -10.5   0.69  198154.    37   -35     2   -71  -5.29
2024 286  4 17   -1.44   -4.45    8.21  -632.8   -57.9     5.2   0.58  136848.    34   -34     0   -72  -5.22
2024 286  4 18   -1.17   -4.32    8.29  -632.8   -57.9     5.2   0.58  136848.    34   -37    -3   -72  -5.27
2024 286  4 19   -1.12   -4.27    8.29  -632.8   -57.9     5.2   0.58  136848.    37   -39    -2   -71  -5.27
2024 286  4 20   -1.36   -3.99    8.11  -635.7   -35.7   -12.2   0.73  221592.    38   -38     0   -71  -5.17
2024 286  4 21   -1.15   -4.22    7.99  -635.7   -35.7   -12.2   0.73  221592.    37   -35     2   -71  -5.09
2024 286  4 22   -1.53   -4.02    7.95 99999.9 99999.9 99999.9 999.99 9999999.    36   -32     4   -72 999.99
2024 286  4 23   -1.65   -4.04    7.91  -619.3   -38.6   -23.4   0.82  260036.    38   -32     6   -71  -4.91
2024 286  4 24   -1.25   -4.13    7.90  -619.3   -38.6   -23.4   0.82  260036.    40   -33     7   -71  -4.91
2024 286  4 25   -1.36   -3.87    8.05  -612.9   -30.6   -27.5   0.79  274185.    44   -36     8   -70  -4.94
2024 286  4 26   -1.07   -3.99    8.06  -612.9   -30.6   -27.5   0.79  274185.    44   -36     8   -70  -4.95
2024 286  4 27   -1.03   -3.82    8.10  -613.6   -31.0   -27.0   0.80  277747.    46   -35    11   -69  -4.98
2024 286  4 28   -1.05   -3.73    7.92  -617.2   -33.2   -24.4   0.86  294927.    43   -32    11   -69  -4.90
2024 286  4 29   -0.74   -3.51    7.67  -617.2   -33.2   -24.4   0.86  294927.    39   -29    10   -68  -4.74
2024 286  4 30   -0.95   -3.42    7.62  -603.3   -49.4   -23.1   1.10  380934.    39   -29    10   -68  -4.62
2024 286  4 31   -1.39   -3.13    7.90  -603.3   -49.4   -23.1   1.10  380934.    39   -28    11   -67  -4.79
2024 286  4 32   -1.11   -2.89    7.08  -596.9   -44.6   -29.3   1.30  403139.    39   -27    12   -67  -4.24
2024 286  4 33   -1.02   -3.24    7.31  -596.9   -44.6   -29.3   1.30  403139.    36   -24    12   -66  -4.38
2024 286  4 34   -0.79   -3.10    7.14  -610.6   -33.1   -35.3   1.31  382183.    46   -24    22   -65  -4.37
2024 286  4 35   -0.59   -3.21    7.14  -610.6   -33.1   -35.3   1.31  382183.    54   -24    30   -64  -4.37
2024 286  4 36   -0.46   -3.04    7.11  -603.2   -33.9   -23.4   1.40  417387.    67   -34    33   -65  -4.30
2024 286  4 37   -0.29   -3.07    7.26  -603.2   -33.9   -23.4   1.40  417387.    43   -28    15   -67  -4.39
2024 286  4 38   -0.94   -3.91    7.41  -603.2   -33.9   -23.4   1.40  417387.    43   -27    16   -68  -4.48
2024 286  4 39   -0.80   -3.74    7.53  -606.3   -29.0   -18.4   1.13  374549.    54   -37    17   -68  -4.57
2024 286  4 40   -1.06   -3.44    7.57  -607.4   -32.0   -27.9   1.17  389066.    57   -37    20   -68  -4.61
2024 286  4 41   -1.63   -3.22    8.40  -605.7   -40.7   -37.1   1.22  448517.    52   -31    21   -69  -5.11
2024 286  4 42   -0.88   -3.71    8.27  -616.5   -45.0   -15.0   0.67  291912.    50   -30    20   -69  -5.11
2024 286  4 43   -1.86   -3.15    8.35  -616.5   -45.0   -15.0   0.67  291894.    58   -39    19   -69  -5.16
2024 286  4 44   -2.98   -2.57    8.28  -608.3   -48.4   -14.8   0.66  321224.    66   -47    19   -69  -5.05
2024 286  4 45   -3.54   -2.43    8.09  -587.6   -56.9   -14.4   0.65  395863.    64   -44    20   -69  -4.78
2024 286  4 46   -3.57   -1.95    8.21  -575.0   -65.7   -18.4   0.63  350450.    47   -29    18   -69  -4.75
2024 286  4 47   -3.02   -2.03    8.38  -577.0   -69.7   -18.1   0.58  363065.    53   -39    14   -69  -4.87
2024 286  4 48   -3.17   -1.89    8.28  -584.3   -71.7   -16.2   0.54  398427.    56   -44    12   -69  -4.88
2024 286  4 49   -3.18   -1.61    8.35  -578.4   -79.5   -17.3   0.55  433654.    68   -42    26   -69  -4.88
2024 286  4 50   -3.08   -1.46    8.35  -574.5   -83.4   -18.2   0.50  402461.    64   -35    29   -70  -4.85
2024 286  4 51   -3.16   -0.94    8.24  -573.6   -84.5   -23.5   0.52  401799.    43   -25    18   -71  -4.78
2024 286  4 52   -3.15   -0.32    8.22  -572.6   -84.0   -23.3   0.54  415631.    40   -27    13   -71  -4.76
2024 286  4 53   -2.91   -0.44    8.26  -571.7   -83.4   -21.8   0.55  430147.    51   -34    17   -72  -4.78
2024 286  4 54   -2.71   -0.88    8.30  -571.7   -83.4   -21.8   0.55  430147.    59   -35    24   -72  -4.80
2024 286  4 55   -2.92   -0.70    8.18  -567.5   -93.6   -22.4   0.52  412777.    65   -38    27   -71  -4.71
2024 286  4 56   -3.46   -0.29    7.91  -567.5   -93.6   -22.4   0.52  412777.    58   -35    23   -71  -4.55
2024 286  4 57   -3.12   -0.56    8.01  -560.2  -109.8   -18.9   0.48  385266.    50   -37    13   -71  -4.58
2024 286  4 58   -2.52   -0.85    8.12  -563.5  -106.5   -18.9   0.48  388451.    42   -41     1   -71  -4.66
2024 286  4 59   -2.67   -0.76    8.03  -576.5   -93.5   -18.7   0.47  400969.    45   -43     2   -71  -4.69
2024 286  5  0   -2.69   -0.63    7.98  -576.5   -93.5   -18.7   0.47  400969.    48   -45     3   -71  -4.66
2024 286  5  1   -2.71   -0.58    7.94  -572.1   -69.8   -19.4   0.50  386716.    48   -44     4   -72  -4.58
2024 286  5  2   -2.91   -0.66    7.73  -573.3   -70.6   -20.9   0.51  387074.    48   -43     5   -72  -4.47
2024 286  5  3   -3.59    0.45    7.28  -576.9   -74.8   -27.4   0.54  383832.    47   -43     4   -72  -4.24
2024 286  5  4   -3.14    0.14    7.43  -559.3   -96.0   -42.6   0.62  296626.    48   -44     4   -71  -4.23
2024 286  5  5   -2.77   -0.40    7.49  -556.6   -98.4   -40.3   0.62  313386.    47   -44     3   -71  -4.24
2024 286  5  6   -2.67   -0.39    7.46  -557.4   -98.7   -36.9   0.62  334639.    48   -46     2   -71  -4.23
2024 286  5  7   -2.64   -0.51    7.39  -573.0   -77.8   -50.5   0.55  320998.    49   -47     2   -70  -4.29
2024 286  5  8   -2.44   -0.43    7.45  -571.5   -62.0   -78.0   0.55  290314.    45   -43     2   -70  -4.32
2024 286  5  9   -2.39   -0.34    7.39  -561.8   -99.4   -53.4   0.69  367988.    47   -44     3   -70  -4.23
2024 286  5 10   -2.38   -0.12    7.32  -561.8   -99.4   -53.4   0.69  367988.    47   -42     5   -70  -4.19
2024 286  5 11   -2.27   -0.71    7.16  -566.8  -106.7   -39.4   0.66  319726.    47   -42     5   -70  -4.14
2024 286  5 12   -2.06   -1.65    7.12  -567.5  -107.7   -37.5   0.66  313025.    47   -42     5   -70  -4.12
2024 286  5 13   -1.73   -1.71    7.11  -563.6   -69.3   -50.5   1.18  138928.    46   -41     5   -70  -4.05
2024 286  5 14   -1.50   -1.91    7.12  -563.7   -75.0   -62.5   1.11  112081.    50   -44     6   -69  -4.07
2024 286  5 15   -1.66   -1.95    7.10  -563.7   -76.8   -66.4   1.09  103494.    49   -43     6   -67  -4.07
2024 286  5 16   -2.36   -1.87    6.92  -550.9   -61.1   -34.4   0.97  158288.    55   -41    14   -66  -3.84
2024 286  5 17   -2.72   -1.90    6.72  -550.9   -61.1   -34.4   0.97  158288.    55   -42    13   -66  -3.73
2024 286  5 18   -2.39   -2.97    6.39  -553.7   -56.0   -24.8   0.92  186229.    46   -44     2   -66  -3.56
2024 286  5 19   -1.92   -2.67    6.66  -556.5   -52.0   -17.5   0.88  207363.    42   -39     3   -66  -3.72
2024 286  5 20   -2.00   -2.36    6.72  -564.6   -55.4   -25.5   1.06  180558.    41   -36     5   -65  -3.82
2024 286  5 21   -1.99   -2.47    6.68  -567.3   -51.5   -32.5   1.01  157355.    37   -30     7   -65  -3.81
2024 286  5 22   -1.96   -2.45    6.69  -568.0   -50.4   -34.4   0.99  151008.    27   -22     5   -65  -3.82
2024 286  5 23   -2.06   -2.45    6.61  -566.9   -48.6   -36.5   1.00  200028.    30   -25     5   -65  -3.77
2024 286  5 24   -2.14   -2.26    6.61  -566.9   -48.6   -36.5   1.00  200028.    42   -21    21   -66  -3.77
2024 286  5 25   -1.98   -2.41    6.53  -566.9   -48.6   -36.5   1.00  200028.    55   -30    25   -66  -3.72
2024 286  5 26   -1.98   -2.23    6.56  -564.4   -36.0   -34.1   1.06  199889.    58   -37    21   -66  -3.72
2024 286  5 27   -2.03   -2.19    6.53  -564.4   -36.0   -34.1   1.06  199889.    55   -38    17   -66  -3.70
2024 286  5 28   -2.05   -2.05    6.54  -571.0   -33.2   -40.3   1.06  192353.    45   -38     7   -65  -3.75
2024 286  5 29   -2.06   -2.01    6.48  -575.5   -31.4   -44.5   1.06  187296.    40   -33     7   -65  -3.75
2024 286  5 30   -1.94   -2.10    6.57 99999.9 99999.9 99999.9 999.99 9999999.    35   -30     5   -64 999.99
2024 286  5 31   -1.94   -2.13    6.56  -577.1   -28.7   -41.6   0.88  208251.    29   -26     3   -64  -3.80
2024 286  5 32   -1.92   -2.14    6.51  -577.1   -28.7   -41.6   0.88  208251.    37   -29     8   -63  -3.77
2024 286  5 33   -1.90   -1.90    6.14  -560.3   -32.7   -55.4   1.47  211387.    41   -21    20   -63  -3.46
2024 286  5 34   -2.21   -1.65    6.04  -560.5   -32.7   -55.3   1.47  210961.    45   -16    29   -64  -3.41
2024 286  5 35   -2.64   -1.39    5.73  -567.0   -30.9   -52.1   1.49  194158.    63   -27    36   -64  -3.27
2024 286  5 36   -2.88   -1.32    5.45  -567.0   -30.9   -52.1   1.49  194118.    63   -39    24   -64  -3.11
2024 286  5 37   -2.94   -1.22    5.47  -561.9   -57.8   -31.3   2.02  126464.    57   -42    15   -63  -3.09
2024 286  5 38   -2.72   -1.21    5.66  -561.9   -57.8   -31.3   2.02  126464.    44   -32    12   -62  -3.20
2024 286  5 39   -2.82   -0.99    5.69  -569.4   -34.8   -48.3   1.91  115008.    33   -29     4   -62  -3.26
2024 286  5 40   -2.80   -1.46    5.79  -569.4   -34.8   -48.3   1.91  115008.    32   -31     1   -62  -3.31
2024 286  5 41   -2.69   -1.66    5.70  -568.5   -26.9   -58.8   1.66  118035.    34   -31     3   -61  -3.26
2024 286  5 42   -2.51   -1.91    5.94  -568.6   -27.0   -58.7   1.66  118126.    41   -37     4   -60  -3.40
2024 286  5 43   -2.88   -1.65    5.93  -572.4   -32.2   -54.2   1.42  124645.    40   -36     4   -59  -3.41
2024 286  5 44   -2.65   -1.58    6.18  -572.3   -32.1   -46.2   1.48  104914.    43   -30    13   -59  -3.55
2024 286  5 45   -2.58   -1.66    6.30  -571.2   -30.8   -43.4   1.43  128475.    51   -25    26   -59  -3.61
2024 286  5 46   -2.41   -1.64    6.40  -573.0   -39.8   -38.2   1.54  129204.    54   -25    29   -60  -3.68
2024 286  5 47   -2.45   -1.58    6.35  -573.3   -41.6   -40.8   1.54   96656.    47   -27    20   -60  -3.66
2024 286  5 48   -2.35   -1.28    6.29  -575.5   -41.6   -33.5   2.09  118467.    46   -26    20   -60  -3.63
2024 286  5 49   -2.92   -1.17    6.05  -576.8   -39.8   -39.1   1.83   92214.    44   -25    19   -60  -3.51
2024 286  5 50   -2.87   -1.45    6.15  -580.0   -40.0   -38.4   1.73   91818.    37   -24    13   -60  -3.58
2024 286  5 51   -3.00   -1.30    6.11  -580.6   -40.4   -38.5   1.75   94752.    50   -27    23   -60  -3.56
2024 286  5 52   -3.03   -1.32    6.01  -579.8   -40.6   -41.0   1.80   93442.    50   -24    26   -60  -3.50
2024 286  5 53   -3.03   -1.09    5.94  -577.2   -36.4   -39.1   1.77   83878.    53   -38    15   -59  -3.44
2024 286  5 54   -2.54   -1.23    5.99  -577.2   -36.4   -39.1   1.77   83862.    42   -32    10   -59  -3.47
2024 286  5 55   -2.63   -1.11    5.89  -571.6   -42.4   -34.6   2.29   84670.    34   -26     8   -59  -3.38
2024 286  5 56   -2.79   -0.91    5.89  -571.6   -42.4   -34.6   2.29   84670.    24   -22     2   -60  -3.38
2024 286  5 57   -2.66   -1.06    6.08 99999.9 99999.9 99999.9 999.99 9999999.    38   -31     7   -60 999.99
2024 286  5 58   -2.60   -1.48    5.96  -575.5   -44.2   -22.1   2.07   90796.    40   -36     4   -59  -3.44
2024 286  5 59   -2.56   -1.83    5.96  -577.6   -37.7   -23.4   2.14   82620.    30   -30     0   -59  -3.45
2024 286  6  0   -2.53   -2.75    5.69  -577.0   -41.9   -25.8   2.29   75957.    34   -32     2   -58  -3.30
2024 286  6  1   -2.39   -3.36    5.47  -571.2   -41.3   -13.4   2.35   77424.    30   -29     1   -59  -3.13
2024 286  6  2   -2.56   -3.47    5.39  -570.5   -40.9   -11.8   2.36   77626.    31   -30     1   -59  -3.08
2024 286  6  3   -2.70   -3.27    5.46  -572.4   -36.7   -23.6   2.17   72847.    28   -25     3   -59  -3.13
2024 286  6  4   -2.42   -3.54    5.38  -572.4   -36.8   -23.6   2.17   72677.    30   -25     5   -58  -3.09
2024 286  6  5   -2.35   -3.68    5.29  -572.2   -40.7   -25.9   2.36   64598.    39   -28    11   -57  -3.04
2024 286  6  6   -2.71   -3.48    5.31  -572.2   -41.0   -26.1   2.38   63982.    50   -31    19   -57  -3.05
2024 286  6  7   -3.67   -4.56    1.28  -563.1   -43.2   -13.7   1.90   63667.    44   -26    18   -57  -0.72
2024 286  6  8   -4.15   -5.18   -1.25  -563.3   -40.0   -15.3   1.95   56967.    34   -20    14   -58   0.71
2024 286  6  9   -4.43   -4.52   -2.17  -564.2   -28.7   -21.1   2.12   33517.    31   -22     9   -58   1.23
2024 286  6 10   -4.60   -4.41   -2.40  -556.2   -23.0   -16.4   2.74   25958.    37   -26    11   -58   1.34
2024 286  6 11   -4.88   -4.56   -1.30  -556.2   -23.0   -16.4   2.74   25949.    37   -30     7   -59   0.72
2024 286  6 12   -5.22   -4.32   -0.76  -557.2   -33.7   -14.2   2.63   35197.    30   -26     4   -59   0.42
2024 286  6 13   -5.30   -4.31   -0.48  -557.2   -32.9   -13.3   2.63   33640.    34   -29     5   -59   0.27
2024 286  6 14   -5.32   -4.47    0.06  -557.2   -29.5    -9.2   2.64   26902.    31   -27     4   -58  -0.03
2024 286  6 15   -5.19   -4.69    0.29  -561.8   -35.5   -15.5   2.54   23680.    31   -26     5   -59  -0.16
2024 286  6 16   -5.13   -4.74    1.04  -561.8   -35.5   -15.5   2.54   23671.    27   -23     4   -59  -0.59
2024 286  6 17   -5.20   -4.63    1.20  -559.9   -22.9    -8.1   3.04   21383.    30   -26     4   -59  -0.67
2024 286  6 18   -5.01   -4.96    1.06  -559.9   -22.9    -8.1   3.04   21383.    42   -30    12   -59  -0.59
2024 286  6 19   -5.10   -4.84    1.20 99999.9 99999.9 99999.9 999.99 9999999.    44   -29    15   -59 999.99
2024 286  6 20   -5.18   -4.75    1.28  -563.0   -33.4   -21.6   2.55   24956.    37   -26    11   -59  -0.72
2024 286  6 21   -5.13   -4.90    1.15  -563.0   -33.4   -21.6   2.55   24956.    28   -24     4   -59  -0.65
2024 286  6 22   -5.14   -4.94    1.14  -564.8   -23.3   -19.4   2.28   19733.    27   -23     4   -59  -0.64
2024 286  6 23   -5.09   -4.97    1.29  -564.8   -23.3   -19.4   2.28   19733.    34   -25     9   -59  -0.73
2024 286  6 24   -5.02   -4.94    1.59  -564.8   -23.3   -19.4   2.28   19733.    37   -23    14   -58  -0.90
2024 286  6 25   -4.83   -4.99    2.01 99999.9 99999.9 99999.9 999.99 9999999.    38   -19    19   -59 999.99
2024 286  6 26   -4.99   -4.91    1.93  -561.5   -39.8   -17.5   2.01   23718.    52   -20    32   -59  -1.09
2024 286  6 27   -4.81   -4.96    2.00  -561.5   -39.8   -17.5   2.01   23718.    52   -21    31   -59  -1.13
2024 286  6 28   -4.78   -4.98    1.66  -564.4   -35.3   -24.1   2.31   22326.    54   -25    29   -58  -0.94
2024 286  6 29   -4.50   -4.90    1.43  -564.4   -35.3   -24.1   2.31   22326.    52   -24    28   -58  -0.81
2024 286  6 30   -4.25   -5.01    1.83 99999.9 99999.9 99999.9 999.99 9999999.    38   -24    14   -58 999.99
2024 286  6 31   -3.35   -5.36    3.14  -560.8   -43.6   -17.6   2.11   33525.    39   -24    15   -58  -1.77
2024 286  6 32   -3.59   -5.40    2.65  -561.2   -43.3   -18.3   2.15   32516.    49   -25    24   -58  -1.49
2024 286  6 33   -3.93   -5.09    2.55  -562.9   -40.8   -22.1   2.36   23141.    53   -22    31   -58  -1.44
2024 286  6 34   -3.80   -4.83    3.15  -561.6   -33.5   -16.8   2.25   23113.    52   -23    29   -58  -1.77
2024 286  6 35   -3.67   -4.84    3.30  -561.2   -39.0   -17.6   2.67   20706.    59   -27    32   -58  -1.86
2024 286  6 36   -3.46   -4.84    3.64  -559.6   -27.6   -13.4   2.46   19745.    69   -28    41   -58  -2.04
2024 286  6 37   -3.35   -4.78    3.70  -558.8   -22.0   -11.3   2.35   19277.    64   -30    34   -57  -2.07
2024 286  6 38   -3.29   -4.82    3.65  -553.4   -36.5    -3.5   2.65   20505.    44   -28    16   -58  -2.02
2024 286  6 39   -3.51   -4.58    3.94  -553.5   -36.3    -3.5   2.64   20505.    32   -26     6   -58  -2.19
2024 286  6 40   -3.25   -4.42    4.42  -554.4   -33.1    -2.8   2.43   20505.    29   -29     0   -58  -2.45
2024 286  6 41   -3.32   -4.40    4.32  -554.8   -37.0     3.6   2.41   19168.    33   -27     6   -58  -2.40
2024 286  6 42   -3.03   -4.15    4.77  -554.9   -38.1     5.3   2.41   18804.    41   -28    13   -58  -2.65
2024 286  6 43   -2.81   -3.97    5.02  -549.9   -34.4     8.3   2.05   26833.    58   -24    34   -58  -2.77
2024 286  6 44   -2.97   -3.80    4.96  -550.2   -34.6     8.4   2.08   26510.    70   -37    33   -59  -2.73
2024 286  6 45   -2.85   -3.87    4.92  -553.6   -37.0     9.0   2.33   23367.    63   -44    19   -60  -2.73
2024 286  6 46   -2.75   -3.68    5.12  -553.4   -38.1     4.7   2.36   23219.    54   -41    13   -59  -2.84
2024 286  6 47   -2.53   -3.53    5.36  -552.7   -41.0    -7.0   2.47   22840.    54   -42    12   -59  -2.97
2024 286  6 48   -2.26   -3.39    5.55  -552.7   -41.0    -7.0   2.47   22840.    54   -43    11   -58  -3.08
2024 286  6 49   -2.11   -3.03    5.77  -545.2   -47.2   -16.6   2.50   20886.    48   -40     8   -57  -3.16
2024 286  6 50   -1.70   -2.82    6.07  -545.1   -47.2   -16.4   2.50   20922.    32   -30     2   -57  -3.32
2024 286  6 51   -1.58   -2.68    5.96  -534.3   -43.3     7.7   2.50   25201.    56   -33    23   -57  -3.20
2024 286  6 52   -1.66   -2.17    5.32  -520.3   -20.7    21.2   1.99   74381.    59   -37    22   -58  -2.77
2024 286  6 53   -1.93   -2.42    5.30  -511.0    -7.4    25.5   1.06  146594.    54   -33    21   -59  -2.71
2024 286  6 54   -2.63   -2.98    5.10  -529.0   -29.4    -1.1   0.39  262102.    57   -37    20   -60  -2.70
2024 286  6 55   -2.53   -3.30    5.06  -529.0   -29.4    -1.1   0.39  262102.    51   -40    11   -61  -2.68
2024 286  6 56   -2.87   -3.39    4.86  -529.5   -18.1    -5.1   0.32  241117.    50   -46     4   -62  -2.57
2024 286  6 57   -3.00   -3.14    4.90  -529.3   -18.0    -4.9   0.32  241166.    51   -48     3   -63  -2.60
2024 286  6 58   -2.90   -3.07    4.95  -518.0   -14.9     4.7   0.31  243414.    36   -35     1   -64  -2.57
2024 286  6 59   -2.89   -2.93    4.92  -518.0   -14.9     4.7   0.31  243414.    46   -31    15   -66  -2.55
2024 286  7  0   -2.98   -2.85    4.82 99999.9 99999.9 99999.9 999.99 9999999.    75   -50    25   -68 999.99
2024 286  7  1   -3.43   -3.12    4.56  -513.0   -18.1   -13.8   0.33  282970.    85   -83     2   -70  -2.34
2024 286  7  2   -2.95   -3.08    4.93  -513.0   -18.1   -13.8   0.33  282970.    99  -101    -2   -72  -2.53
2024 286  7  3   -2.65   -2.78    5.23  -529.2   -66.1     2.6   0.30  210172.   133  -130     3   -73  -2.79
2024 286  7  4   -2.24   -2.61    5.31  -526.0   -48.2     1.5   0.32  210737.   191  -184     7   -74  -2.81
2024 286  7  5   -2.37   -2.16    5.45  -538.4   -39.7     2.1   0.36  227850.   201  -194     7   -73  -2.94
2024 286  7  6   -2.19   -2.31    5.51  -524.8   -30.6    16.2   0.38  193591.   151  -144     7   -73  -2.90
2024 286  7  7   -2.09   -2.25    5.44  -524.3   -30.4    16.5   0.38  192585.    89   -81     8   -72  -2.86
2024 286  7  8   -1.97   -2.10    5.48  -523.6   -31.0    13.5   0.37  182322.    65   -58     7   -71  -2.88
2024 286  7  9   -2.08   -2.08    5.57  -522.0   -32.5     3.0   0.34  152416.   108   -73    35   -70  -2.91
2024 286  7 10   -2.09   -2.80    5.22  -529.3   -28.3     6.9   0.35  226869.   129   -82    47   -69  -2.77
2024 286  7 11   -1.89   -2.42    5.18  -545.3   -25.6   -13.3   0.45  227740.   127   -90    37   -68  -2.83
2024 286  7 12   -2.15   -2.29    5.11  -546.4   -25.5   -15.0   0.46  226525.    97   -88     9   -68  -2.80
2024 286  7 13   -2.35   -2.29    5.08 99999.9 99999.9 99999.9 999.99 9999999.    58   -72   -14   -68 999.99
2024 286  7 14   -2.65   -2.24    4.92 99999.9 99999.9 99999.9 999.99 9999999.    31   -47   -16   -67 999.99
2024 286  7 15   -2.42   -2.38    4.99  -537.2   -26.0   -33.2   0.37  259818.    27   -43   -16   -67  -2.69
2024 286  7 16   -2.29   -2.47    5.07  -539.0   -19.4   -23.1   0.36  249575.    38   -42    -4   -67  -2.74
2024 286  7 17   -2.29   -2.04    5.05  -543.8   -10.4   -10.9   0.36  238147.    41   -35     6   -67  -2.75
2024 286  7 18   -2.71   -2.00    4.80  -538.7   -27.1   -26.6   0.41  210030.    61   -37    24   -66  -2.59
2024 286  7 19   -2.41   -1.79    5.24  -538.7   -27.1   -26.6   0.41  210030.    78   -38    40   -66  -2.83
2024 286  7 20   -2.36   -2.04    4.78  -538.7   -27.1   -26.6   0.41  210030.    84   -40    44   -66  -2.58
2024 286  7 21   -2.02   -2.12    4.87 99999.9 99999.9 99999.9 999.99 9999999.    70   -39    31   -65 999.99
2024 286  7 22   -1.59   -2.13    4.99  -513.8   -25.1   -26.3   0.56  249981.    53   -39    14   -65  -2.57
2024 286  7 23   -1.38   -2.03    4.95  -513.8   -25.1   -26.3   0.56  249981.    38   -41    -3   -65  -2.55
2024 286  7 24   -1.67   -2.91    4.01  -516.7   -31.6   -56.0   0.97  115166.    33   -42    -9   -65  -2.09
2024 286  7 25   -1.34   -2.76    4.36  -516.7   -31.6   -56.0   0.97  115166.    29   -39   -10   -64  -2.27
2024 286  7 26   -1.00   -1.42    5.04  -512.5   -22.1   -41.6   0.92  157197.    28   -38   -10   -63  -2.60
2024 286  7 27   -0.87   -1.43    5.00  -506.3   -15.5   -21.4   0.88  204002.    29   -36    -7   -62  -2.54
2024 286  7 28   -1.43   -2.13    4.71  -505.8   -23.8   -20.8   0.93  190416.    48   -35    13   -62  -2.39
2024 286  7 29   -1.32   -2.77    4.64  -522.7   -22.2   -40.1   0.87  218890.    69   -37    32   -62  -2.43
2024 286  7 30   -0.95   -1.97    5.57  -522.7   -22.2   -40.1   0.87  218890.    84   -40    44   -61  -2.92
2024 286  7 31   -1.31   -2.04    4.78  -525.8   -28.2   -56.0   0.90  204858.    87   -44    43   -62  -2.53
2024 286  7 32   -0.27   -0.85    5.51  -519.9   -17.7   -47.7   0.80  236230.    74   -49    25   -62  -2.88
2024 286  7 33   -3.14   -3.69    2.83  -511.4    -2.6   -35.6   0.65  281574.    50   -50     0   -62  -1.45
2024 286  7 34   -3.05   -4.07    2.25  -540.7   -38.7   -56.3   0.77  111034.    52   -51     1   -63  -1.23
2024 286  7 35   -3.02   -4.37    2.18  -540.7   -38.7   -56.3   0.77  111034.    55   -53     2   -63  -1.19
2024 286  7 36   -3.05   -4.32    1.97  -540.7   -38.7   -56.3   0.77  111034.    54   -50     4   -63  -1.07
2024 286  7 37   -3.16   -4.68    2.01 99999.9 99999.9 99999.9 999.99 9999999.    54   -49     5   -63 999.99
2024 286  7 38   -3.27   -2.86    3.94  -539.1   -52.0   -50.1   0.49  290406.    49   -45     4   -64  -2.14
2024 286  7 39   -0.83   -2.01    5.52  -541.2   -48.6   -67.5   0.54  261345.    42   -39     3   -63  -3.02
2024 286  7 40   -0.50   -1.89    5.71  -546.3   -27.1   -66.4   0.42  417038.    60   -35    25   -64  -3.15
2024 286  7 41   -0.43   -1.63    5.22  -544.4   -20.5   -64.3   0.43  458108.    85   -41    44   -64  -2.87
2024 286  7 42   -1.44   -2.01    4.88 99999.9 99999.9 99999.9 999.99 9999999.    92   -50    42   -65 999.99
2024 286  7 43   -1.92   -1.78    4.83  -533.1   -16.5   -57.7   0.40  433315.    88   -59    29   -66  -2.59
2024 286  7 44   -2.31   -1.65    4.74  -533.1   -16.5   -57.7   0.40  433315.    65   -62     3   -66  -2.54
2024 286  7 45   -2.05   -2.07    4.55  -539.7   -14.9   -68.9   0.43  490704.    48   -61   -13   -67  -2.48
2024 286  7 46    0.49   -3.14    5.33  -539.7   -14.9   -68.9   0.43  490704.    48   -60   -12   -67  -2.90
2024 286  7 47   -0.61   -2.41    5.72 99999.9 99999.9 99999.9 999.99 9999999.    59   -72   -13   -67 999.99
2024 286  7 48    0.07   -3.01    5.15 99999.9 99999.9 99999.9 999.99 9999999.    51   -65   -14   -67 999.99
2024 286  7 49   -1.84   -2.91    5.56 99999.9 99999.9 99999.9 999.99 9999999.    48   -62   -14   -67 999.99
2024 286  7 50   -0.99   -3.64    5.03  -522.5   -19.2   -50.4   0.35  309392.    52   -65   -13   -67  -2.64
2024 286  7 51   -2.11   -1.27    4.73  -524.4   -14.1   -52.5   0.35  326892.    53   -65   -12   -66  -2.50
2024 286  7 52   -2.29   -1.37    4.55  -540.8    -5.1   -66.5   0.82  227934.    49   -58    -9   -66  -2.48
2024 286  7 53   -1.55   -2.66    5.19  -540.8    -5.1   -66.5   0.82  227934.    40   -51   -11   -65  -2.83
2024 286  7 54   -2.75   -1.79    5.09  -540.8    -5.1   -66.5   0.82  227934.    38   -45    -7   -64  -2.77
2024 286  7 55   -1.38   -3.30    5.33  -511.9   -63.9   -62.3   0.77   70910.    37   -46    -9   -63  -2.77
2024 286  7 56   -1.65   -3.17    5.85  -514.3   -70.9   -59.8   0.99   50403.    47   -50    -3   -62  -3.06
2024 286  7 57   -1.71   -2.64    6.03  -513.1   -91.9   -59.6   1.00   42072.    50   -54    -4   -61  -3.16
2024 286  7 58   -1.50   -2.35    5.75  -512.8   -94.3   -59.7   0.99   41911.    42   -52   -10   -60  -3.02
2024 286  7 59   -1.18   -2.65    5.43 99999.9 99999.9 99999.9 999.99 9999999.    37   -46    -9   -59 999.99
2024 286  8  0   -1.57   -2.08    5.65  -493.2   -57.8   -55.9   1.47  100809.    36   -40    -4   -59  -2.82
2024 286  8  1   -2.13   -2.86    5.75  -501.8   -57.8   -52.1   1.40   88801.    42   -38     4   -59  -2.92
2024 286  8  2   -2.66   -2.52    4.75  -517.7   -51.5   -52.1   1.09   74368.    43   -36     7   -60  -2.48
2024 286  8  3   -2.83   -2.29    4.67  -514.3   -40.6   -65.8   0.83   92967.    46   -36    10   -60  -2.43
2024 286  8  4   -2.77   -2.01    5.26 99999.9 99999.9 99999.9 999.99 9999999.    51   -41    10   -61 999.99
2024 286  8  5   -2.65   -1.91    4.86 99999.9 99999.9 99999.9 999.99 9999999.    58   -48    10   -61 999.99
2024 286  8  6   -1.13   -3.66    5.39  -501.1   -76.0   -67.2   1.08   63354.    57   -49     8   -62  -2.76
2024 286  8  7   -0.79   -4.16    5.14  -501.1   -76.0   -67.2   1.08   63354.    60   -53     7   -62  -2.63
2024 286  8  8   -1.37   -3.80    5.33 99999.9 99999.9 99999.9 999.99 9999999.    60   -56     4   -62 999.99
2024 286  8  9   -1.44   -3.23    5.37  -508.7   -75.0   -79.2   1.18   96317.    54   -54     0   -63  -2.79
2024 286  8 10   -1.97   -2.04    5.05  -508.7   -75.0   -79.2   1.18   96317.    54   -58    -4   -63  -2.63
2024 286  8 11   -2.07   -2.32    5.81  -510.8   -25.5   -69.3   1.15  112803.    56   -64    -8   -62  -3.00
2024 286  8 12   -2.31   -2.35    6.18  -510.8   -25.5   -69.3   1.15  112803.    53   -62    -9   -62  -3.19
2024 286  8 13   -1.83   -2.39    5.62  -512.3   -50.1   -58.7   0.90  114481.    43   -51    -8   -61  -2.91
2024 286  8 14   -0.83   -2.58    5.10  -512.3   -50.1   -58.7   0.90  114481.    40   -43    -3   -61  -2.64
2024 286  8 15   -1.28   -2.22    5.89  -525.2   -31.2   -52.0   0.87   97625.    49   -45     4   -62  -3.11
2024 286  8 16   -1.19   -1.91    5.50  -525.2   -31.2   -52.0   0.87   97625.    55   -53     2   -63  -2.91
2024 286  8 17   -1.29   -1.80    5.37  -518.8   -29.0   -42.7   0.96  127880.    49   -55    -6   -63  -2.80
2024 286  8 18   -1.43   -1.46    5.20  -513.8   -15.1   -39.9   1.06  155860.    52   -57    -5   -64  -2.68
2024 286  8 19   -2.07   -1.83    5.10  -516.1    -4.9   -49.4   1.06  149703.    55   -56    -1   -64  -2.64
2024 286  8 20   -2.18   -2.22    5.12  -514.9    -2.1   -59.8   1.10  160648.    59   -56     3   -63  -2.65
2024 286  8 21   -2.19   -2.13    4.95  -513.7    -4.8   -53.8   0.96  180835.    57   -53     4   -63  -2.56
2024 286  8 22   -2.12   -2.16    4.74  -513.7    -5.1   -54.1   0.94  189418.    51   -49     2   -62  -2.45
2024 286  8 23   -2.06   -1.90    4.81  -514.3    -5.6   -59.4   0.84  234718.    50   -49     1   -62  -2.49
2024 286  8 24   -1.95   -1.95    4.81  -515.5     6.9   -60.2   0.80  279114.    55   -47     8   -62  -2.50
2024 286  8 25   -2.11   -2.15    4.69  -515.6     7.8   -60.3   0.80  282474.    58   -45    13   -62  -2.44
2024 286  8 26   -1.85   -1.81    4.69 99999.9 99999.9 99999.9 999.99 9999999.    62   -45    17   -62 999.99
2024 286  8 27   -1.65   -1.63    4.83  -525.5   -22.4   -74.4   0.55  408490.    56   -48     8   -62  -2.57
2024 286  8 28   -1.68   -1.52    4.54  -521.4   -13.8   -64.5   0.58  402171.    43   -44    -1   -63  -2.39
2024 286  8 29   -1.61   -1.35    4.88  -516.7    -1.4   -54.3   0.62  394076.    39   -43    -4   -64  -2.54
2024 286  8 30   -1.81   -1.29    4.65  -517.0     8.8   -57.5   0.64  388906.    45   -49    -4   -64  -2.42
2024 286  8 31   -1.95   -1.77    4.01  -533.5    10.5   -43.5   0.64  352791.    59   -61    -2   -65  -2.15
2024 286  8 32   -2.06   -2.16    3.77  -533.6     9.9   -43.4   0.64  352234.    67   -71    -4   -65  -2.02
2024 286  8 33   -1.95   -2.16    3.39 99999.9 99999.9 99999.9 999.99 9999999.    69   -75    -6   -65 999.99
2024 286  8 34   -2.16   -2.09    3.54  -531.6    -4.8   -60.3   0.73  360384.    64   -70    -6   -65  -1.89
2024 286  8 35   -1.79   -1.73    4.14  -529.7    -1.9   -62.0   0.71  361630.    57   -63    -6   -65  -2.21
2024 286  8 36   -1.54   -1.18    4.38  -520.6    13.3   -70.9   0.63  378768.    54   -60    -6   -64  -2.30
2024 286  8 37   -1.49   -0.83    4.39  -514.0    34.2   -82.2   0.63  471722.    52   -59    -7   -64  -2.29
2024 286  8 38   -1.27   -0.69    3.77  -516.6    24.1   -71.5   0.55  390744.    48   -57    -9   -64  -1.97
2024 286  8 39   -1.26   -0.68    3.51  -515.5    29.4   -78.5   0.59  425141.    52   -55    -3   -64  -1.83
2024 286  8 40   -1.03   -0.62    4.06  -513.3    40.6   -93.2   0.68  499680.    53   -51     2   -64  -2.12
2024 286  8 41   -0.88   -0.78    4.20  -502.0    36.4   -82.7   0.64  417427.    56   -50     6   -64  -2.14
2024 286  8 42   -1.08   -1.27    3.97  -501.9    36.4   -82.6   0.64  416784.    59   -52     7   -64  -2.02
2024 286  8 43   -1.85   -1.55    3.71  -507.2    43.2   -95.9   0.74  437360.    60   -57     3   -65  -1.92
2024 286  8 44   -2.35   -1.82    3.71  -506.2    43.4   -95.8   0.72  445136.    56   -61    -5   -64  -1.92
2024 286  8 45   -2.37   -1.60    3.94  -504.8    43.7   -95.4   0.70  455579.    56   -67   -11   -64  -2.03
2024 286  8 46   -2.59   -1.79    3.86  -513.5    46.6  -104.4   0.70  321257.    58   -66    -8   -64  -2.03
2024 286  8 47   -2.50   -1.80    3.88  -513.5    46.6  -104.4   0.70  321257.    55   -63    -8   -63  -2.04
2024 286  8 48   -2.63   -1.80    3.76  -511.1    53.1  -105.3   0.74  349940.    50   -61   -11   -62  -1.97
2024 286  8 49   -2.56   -2.27    3.36  -509.9    53.4  -110.9   0.75  355171.    48   -57    -9   -62  -1.76
2024 286  8 50   -2.22   -3.00    2.68  -507.4    50.0  -128.5   0.78  363995.    44   -53    -9   -62  -1.41
2024 286  8 51   -2.01   -3.16    2.47  -506.6    46.7  -128.4   0.85  310472.    41   -49    -8   -61  -1.30
2024 286  8 52   -2.26   -2.76    2.55  -508.5    49.1  -125.3   0.81  330954.    51   -47     4   -61  -1.34
2024 286  8 53   -2.36   -2.60    2.49  -507.5    53.0  -124.0   0.77  341822.    62   -48    14   -61  -1.31
2024 286  8 54   -2.30   -2.47    2.51  -498.0    63.7  -136.3   0.83  361412.    67   -48    19   -61  -1.31
2024 286  8 55 9999.99 9999.99 9999.99  -498.0    63.7  -136.3   0.83  361412.    69   -50    19   -61 999.99
2024 286  8 56   -2.34   -2.45    2.50 99999.9 99999.9 99999.9 999.99 9999999.    63   -52    11   -61 999.99
2024 286  8 57   -2.34   -2.45    2.50 99999.9 99999.9 99999.9 999.99 9999999.    57   -55     2   -61 999.99
2024 286  8 58 9999.99 9999.99 9999.99 99999.9 99999.9 99999.9 999.99 9999999.    53   -57    -4   -61 999.99
2024 286  8 59 9999.99 9999.99 9999.99 99999.9 99999.9 99999.9 999.99 9999999.    51   -60    -9   -62 999.99
2024 286  9  0 9999.99 9999.99 9999.99 99999.9 99999.9 99999.9 999.99 9999999.    51   -63   -12   -62 999.99
2024 286  9  1   -2.27   -2.49    2.24 99999.9 99999.9 99999.9 999.99 9999999.    49   -61   -12   -63 999.99
2024 286  9  2 9999.99 9999.99 9999.99 99999.9 99999.9 99999.9 999.99 9999999.    50   -62   -12   -63 999.99
2024 286  9  3    0.36    3.35   -0.40 99999.9 99999.9 99999.9 999.99 9999999.    55   -67   -12   -63 999.99
2024 286  9  4    1.64    3.13   -1.87  -570.8   -52.4   -79.2   0.55  213753.    59   -68    -9   -63   1.08
2024 286  9  5    2.26    2.59   -4.27  -570.1   -50.9   -75.8   0.53  213888.    54   -65   -11   -63   2.47
2024 286  9  6    1.49    2.01   -3.73  -547.8    -9.6   -80.6   0.58  304231.    49   -62   -13   -63   2.08
2024 286  9  7    2.10    2.26   -3.05  -561.0   -34.3   -94.0   0.65  259975.    45   -57   -12   -63   1.75
2024 286  9  8    3.48    3.26   -4.07  -583.8   -69.4   -95.7   0.65  194085.    63   -65    -2   -63   2.42
2024 286  9  9    2.19    1.57   -2.58  -583.8   -69.4   -95.7   0.65  194089.    69   -73    -4   -63   1.54
2024 286  9 10    2.15    2.31   -4.75 99999.9 99999.9 99999.9 999.99 9999999.    58   -72   -14   -62 999.99
2024 286  9 11    2.02    1.93   -4.45  -572.7   -72.6   -69.2   0.67  216061.    49   -63   -14   -62   2.59
2024 286  9 12    2.92    1.67   -5.35  -573.0   -67.4   -68.1   0.67  219201.    44   -55   -11   -61   3.11
2024 286  9 13    3.15    1.31   -5.33  -574.5   -40.8   -62.4   0.66  235175.    39   -46    -7   -61   3.09
2024 286  9 14    2.98    1.30   -5.48  -576.0   -51.2   -53.4   0.65  216471.    43   -40     3   -60   3.18
2024 286  9 15    2.83    1.16   -5.50  -578.0   -66.0   -41.4   0.64  190678.    60   -37    23   -60   3.21
2024 286  9 16    2.49   -0.29   -5.58  -576.8   -63.5   -40.6   0.64  196849.    90   -38    52   -60   3.25
2024 286  9 17    2.58   -0.63   -5.51  -569.3   -46.0   -35.3   0.67  236629.   110   -38    72   -60   3.15
2024 286  9 18    2.70   -0.38   -5.47  -577.7   -52.7   -44.1   0.61  183457.   119   -37    82   -60   3.18
2024 286  9 19    2.71   -0.39   -5.70  -578.9   -53.0   -42.1   0.59  172422.   132   -38    94   -60   3.32
2024 286  9 20    2.52   -0.23   -5.83  -578.8   -51.9   -35.3   0.58  165232.   135   -38    97   -60   3.39
2024 286  9 21    2.55   -0.14   -5.75  -581.1   -58.4   -40.3   0.58  146831.   134   -38    96   -60   3.37
2024 286  9 22    2.87   -0.80   -5.68  -581.9   -60.8   -42.2   0.58  139926.   129   -39    90   -60   3.33
2024 286  9 23    2.59   -1.89   -5.47  -577.7   -49.7   -42.5   0.64  142899.   133   -41    92   -60   3.18
2024 286  9 24    2.56   -1.08   -5.63  -581.6   -53.9   -37.3   0.67  158231.   149   -44   105   -60   3.30
2024 286  9 25    1.40   -3.76   -4.60  -588.7   -61.5   -30.2   0.74  173555.   180   -49   131   -59   2.73
2024 286  9 26    1.53   -3.49   -4.80  -603.4   -75.7   -30.9   0.91  118221.   209   -53   156   -59   2.92
2024 286  9 27    0.49   -5.30   -2.50  -619.3  -113.3    -4.9   1.10  108735.   240   -57   183   -58   1.57
2024 286  9 28    0.23   -5.33   -2.80  -621.4  -118.4    -1.4   1.13  107588.   262   -59   203   -57   1.77
2024 286  9 29   -0.20   -5.90   -2.26 99999.9 99999.9 99999.9 999.99 9999999.   287   -64   223   -56 999.99
2024 286  9 30   -0.02   -5.91   -2.54  -603.5   -68.8     8.9   1.05  125250.   327   -71   256   -55   1.54
2024 286  9 31    1.56   -4.25   -4.48  -603.2   -68.5     7.8   1.05  124988.   355   -80   275   -55   2.72
2024 286  9 32    1.28   -4.46   -4.38  -586.9   -53.7   -43.6   1.02  112368.   372   -91   281   -55   2.59
2024 286  9 33    1.23   -4.74   -4.25  -589.8   -50.6   -31.3   0.92  125286.   397  -100   297   -55   2.52
2024 286  9 34    0.79   -5.31   -3.87  -593.6   -48.5   -16.8   0.84  138869.   422  -106   316   -56   2.31
2024 286  9 35    0.81   -5.47   -3.82  -600.9   -45.0    10.0   1.11  172653.   434  -109   325   -58   2.30
2024 286  9 36    1.33   -5.21   -3.94  -601.0   -45.0    10.3   1.11  173037.   432  -109   323   -59   2.37
2024 286  9 37    1.30   -5.32   -3.82  -596.4   -41.9     1.8   0.95   97091.   425  -105   320   -60   2.28
2024 286  9 38    1.55   -4.98   -4.17  -596.4   -41.9     1.8   0.95   97091.   399   -95   304   -60   2.49
2024 286  9 39    1.70   -4.78   -4.35  -594.0   -34.1    -4.4   1.01  118367.   350   -87   263   -60   2.59
2024 286  9 40    1.59   -4.83   -4.23  -592.6   -30.1    -6.0   1.02  113008.   312   -82   230   -60   2.51
2024 286  9 41    1.36   -5.13   -4.02  -590.9   -23.1    -5.7   1.00   80276.   304   -85   219   -60   2.38
2024 286  9 42    0.84   -5.55   -3.48  -595.7   -21.6    -1.9   0.92   67289.   300   -88   212   -62   2.07
2024 286  9 43    0.65   -5.46   -3.58  -584.4   -16.4    -4.6   0.93   92960.   295   -91   204   -62   2.09
2024 286  9 44    0.88   -5.16   -3.97  -584.0   -16.2    -7.6   0.97   89704.   297   -93   204   -63   2.32
2024 286  9 45    0.70   -5.71   -2.92  -583.3   -15.7   -16.9   1.12   78452.   308   -96   212   -62   1.70
2024 286  9 46    1.81   -4.70   -3.99  -585.5    -3.9   -16.2   1.35   72902.   310   -98   212   -62   2.34
2024 286  9 47    1.23   -5.11   -3.57  -585.5    -3.8   -16.2   1.35   72847.   320   -98   222   -63   2.09
2024 286  9 48    1.01   -5.26   -3.58  -583.9     2.1    -9.4   1.45   87730.   324   -96   228   -63   2.09
2024 286  9 49    1.07   -5.30   -3.56  -583.9     2.1    -9.4   1.45   87730.   314   -94   220   -64   2.08
2024 286  9 50    1.05   -5.43   -3.46  -582.8    -5.6   -12.6   1.40   85623.   314   -97   217   -64   2.02
2024 286  9 51    1.07   -5.03   -3.95  -582.8    -5.6   -12.6   1.40   85623.   315  -102   213   -64   2.30
2024 286  9 52    1.39   -4.58   -4.38  -584.7    -0.8    -5.8   1.85   73479.   375  -155   220   -64   2.56
2024 286  9 53    2.21   -4.44   -4.04  -584.7    -0.8    -5.8   1.85   73479.   315  -105   210   -64   2.36
2024 286  9 54    2.06   -4.28   -4.27  -586.2    -3.3   -10.5   1.71   86674.   325  -134   191   -64   2.50
2024 286  9 55    1.77   -4.43   -4.48  -586.2    -3.3   -10.5   1.71   86674.   354  -201   153   -64   2.63
2024 286  9 56    1.84   -4.40   -4.47  -584.3    -1.5    -8.2   1.62   74498.   311  -163   148   -63   2.61
2024 286  9 57    2.04   -4.11   -4.64  -584.2    -1.4    -8.3   1.63   74283.   316  -173   143   -64   2.71
2024 286  9 58    2.29   -3.77   -4.81  -581.7     3.0    -9.9   1.78   69200.   349  -227   122   -65   2.80
2024 286  9 59    2.25   -3.78   -4.81  -581.6     3.1    -9.9   1.78   69077.   398  -270   128   -65   2.80
2024 286 10  0    2.28   -3.75   -4.87  -580.2    -1.7   -16.1   1.47   64218.   448  -320   128   -66   2.83
2024 286 10  1    2.28   -3.42   -5.13  -579.5    -0.9   -14.4   1.47   64052.   435  -311   124   -66   2.97
2024 286 10  2    2.33   -3.31   -5.19  -572.0     8.3     5.0   1.49   62146.   498  -362   136   -65   2.97
2024 286 10  3    2.28   -3.36   -5.16  -572.0     8.3     5.0   1.49   62146.   478  -353   125   -65   2.95
2024 286 10  4    2.44   -3.35   -5.14 99999.9 99999.9 99999.9 999.99 9999999.   515  -407   108   -65 999.99
2024 286 10  5    2.56   -3.20   -5.25  -574.0     4.0   -18.1   1.19   71136.   686  -597    89   -65   3.02
2024 286 10  6    2.71   -3.04   -5.26  -574.0     4.0   -18.1   1.19   71136.   884  -812    72   -65   3.02
2024 286 10  7    2.76   -2.72   -5.35  -576.3    12.0    -3.3   1.20   74962.   975  -907    68   -65   3.08
2024 286 10  8    2.62   -2.52   -5.36  -576.3    12.0    -3.3   1.20   74962.   874  -810    64   -64   3.09
2024 286 10  9    2.74   -2.86   -5.13  -576.3    12.0    -3.3   1.20   74962.   687  -623    64   -65   2.96
2024 286 10 10    2.78   -2.69   -5.39  -576.3    13.0    -3.4   1.14   89909.   606  -541    65   -64   3.11
2024 286 10 11    2.63   -2.65   -5.48  -576.3    13.0    -3.4   1.14   89909.   603  -534    69   -63   3.16
2024 286 10 12    2.62   -2.70   -4.98  -572.4    -1.7   -17.8   1.68   71219.   786  -714    72   -62   2.85
2024 286 10 13    2.38   -3.13   -4.62  -572.3    -1.8   -18.1   1.70   72412.   794  -723    71   -63   2.65
2024 286 10 14    2.44   -2.94   -4.70  -570.2    -3.8   -23.6   1.97   92304.   928  -853    75   -63   2.68
2024 286 10 15    2.32   -0.90   -5.46  -568.4    10.4   -30.2   1.76   80172.   673  -580    93   -64   3.11
2024 286 10 16    2.21   -1.15   -5.40  -567.7    15.5   -32.6   1.69   75773.   677  -573   104   -64   3.07
2024 286 10 17    2.21   -1.18   -5.51  -567.1    16.6   -35.3   1.60   63707.   675  -578    97   -64   3.13
2024 286 10 18    2.06   -0.98   -5.59  -567.2    16.5   -35.2   1.60   63870.   808  -733    75   -65   3.18
2024 286 10 19    1.92   -1.95   -5.34  -578.5     1.8   -21.0   1.40   83439.   871  -821    50   -64   3.09
2024 286 10 20    2.01   -1.00   -5.39  -576.5    17.8   -18.8   1.69   78137.   822  -769    53   -64   3.11
2024 286 10 21    2.35   -1.11   -5.56  -576.0    21.0   -18.4   1.74   76977.   745  -672    73   -64   3.21
2024 286 10 22    2.54   -0.54   -5.43  -582.0    33.4   -16.6   1.52   84670.  1300 -1219    81   -64   3.17
2024 286 10 23    2.45   -0.70   -5.30  -582.0    33.4   -16.6   1.52   84670.  1490 -1404    86   -65   3.09
2024 286 10 24    2.32   -0.18   -5.38  -581.1    22.2     4.9   2.35   67611.  1837 -1749    88   -68   3.13
2024 286 10 25    0.91    2.73   -4.35  -581.0    20.9     7.4   2.45   65645.  1432 -1348    84   -70   2.53
2024 286 10 26   -0.04    4.26   -3.77  -601.7    69.0    24.7   2.39   71843.  1223 -1155    68   -69   2.28
2024 286 10 27    0.92    3.18   -4.48  -601.7    69.0    24.7   2.39   71843.  1001  -947    54   -65   2.72
2024 286 10 28    1.47    1.97   -4.86  -592.5    63.9     8.6   2.99   68018.  1589 -1532    57   -61   2.90
2024 286 10 29    1.42    2.12   -4.81  -592.5    63.9     8.6   2.99   68018.  1474 -1393    81   -59   2.87
2024 286 10 30    0.91    2.76   -4.78 99999.9 99999.9 99999.9 999.99 9999999.  1685 -1572   113   -57 999.99
2024 286 10 31    0.94    3.12   -4.76  -592.6    56.2     7.6   2.69   92304.  1278 -1129   149   -56   2.83
2024 286 10 32    0.93    3.49   -4.76  -590.9    55.1     6.0   2.56   87243.  1562 -1390   172   -56   2.83
2024 286 10 33   -0.78    4.60   -4.04  -582.6    49.9    -1.6   1.98   62847.  1584 -1430   154   -57   2.36
2024 286 10 34   -1.03    4.21   -4.27  -586.2    57.7     2.5   2.40   54838.  1470 -1360   110   -58   2.52
2024 286 10 35   -0.57    4.29   -4.06  -586.6    58.4     2.9   2.44   54305.  1556 -1465    91   -61   2.39
2024 286 10 36   -0.54    4.63   -3.84  -583.3    50.5     1.5   2.46   62672.  1385 -1293    92   -63   2.25
2024 286 10 37   -0.51    4.88   -3.97  -581.3    45.6     0.6   2.47   67896.  1059  -954   105   -63   2.31
2024 286 10 38   -0.13    4.77   -4.44  -582.9    44.2     2.6   2.00   64963.  1065  -934   131   -61   2.60
2024 286 10 39   -0.05    4.36   -4.45  -586.0    44.6    -0.6   2.21   64937.   871  -734   137   -60   2.61
2024 286 10 40    0.21    3.51   -4.24  -589.6    46.9    -3.0   2.76   68370.   852  -697   155   -61   2.51
2024 286 10 41   -1.42    4.15   -3.98  -598.2    54.7    15.5   2.98   81620.   776  -633   143   -61   2.39
2024 286 10 42 9999.99 9999.99 9999.99  -598.2    54.7    15.5   2.98   81620.   783  -644   139   -60 999.99
2024 286 10 43   -0.62    3.91   -3.94  -588.7    57.4    -7.8   2.66   68628.   885  -736   149   -59   2.33
2024 286 10 44    0.15    3.70   -4.11  -581.8    52.8    -8.9   2.67   71164.  1001  -849   152   -58   2.40
2024 286 10 45    1.15    3.59   -4.29  -575.8    48.9    -9.8   2.69   73358.  1081  -933   148   -58   2.48
2024 286 10 46    1.30    3.55   -3.87  -574.6    39.9    -2.1   1.93   97916.  1204 -1031   173   -60   2.23
2024 286 10 47    1.71    2.14   -4.65  -575.1    41.7     3.6   1.86   83740.  1186 -1010   176   -61   2.68
2024 286 10 48    2.70   -2.90   -2.67  -576.4    28.7    -0.1   2.04   81453.  1162  -989   173   -62   1.54
2024 286 10 49    1.88   -5.06   -0.35  -577.5    12.6    -9.2   2.31   91223.  1144  -977   167   -62   0.20
2024 286 10 50    1.53   -5.75    1.57  -566.5   -28.0    -9.6   1.45  105970.  1160  -995   165   -61  -0.89
2024 286 10 51    1.31   -5.81    1.79  -570.7    -6.7   -15.2   1.11  111472.  1117  -967   150   -63  -1.02
2024 286 10 52    1.55   -5.79    1.59  -571.9    -0.5   -16.8   1.01  113064.  1024  -897   127   -64  -0.91
2024 286 10 53    1.58   -5.78    1.42  -577.5    -5.3    -6.0   1.06  113850.   909  -786   123   -64  -0.82
2024 286 10 54    1.45   -5.75    1.43  -577.5    -5.3    -6.0   1.06  113850.   901  -776   125   -65  -0.83
2024 286 10 55    1.08   -5.82    1.97 99999.9 99999.9 99999.9 999.99 9999999.   886  -759   127   -65 999.99
2024 286 10 56    1.17   -5.68    2.27  -576.6    -4.7   -24.4   0.99   99922.   874  -735   139   -66  -1.31
2024 286 10 57    1.21   -5.47    2.69  -576.6    -4.7   -24.4   0.99   99922.   851  -714   137   -68  -1.55
2024 286 10 58    1.13   -5.18    3.40  -576.6    -4.7   -24.4   0.99   99922.   790  -638   152   -69  -1.96
2024 286 10 59    1.52   -4.82    3.61  -583.1   -10.0   -42.7   1.01  110366.   739  -588   151   -69  -2.11
2024 286 11  0    1.30   -4.85    3.73  -579.2    -9.1   -43.7   1.03  127190.   699  -555   144   -69  -2.17
2024 286 11  1    0.58   -5.03    3.80  -571.9    -5.4   -47.9   0.96  118056.   669  -539   130   -69  -2.18
2024 286 11  2    1.13   -5.30    3.40  -568.2    -8.4   -44.8   0.94  112107.   649  -532   117   -69  -1.94
2024 286 11  3    0.78   -5.34    3.44  -568.7   -12.8   -43.8   0.90  112960.   619  -511   108   -70  -1.96
2024 286 11  4    0.29   -5.48    3.40  -566.1     0.3   -38.6   0.87  107588.   617  -499   118   -70  -1.93
2024 286 11  5    0.13   -5.39    3.64  -566.1     0.3   -38.6   0.87  107588.   594  -472   122   -70  -2.07
2024 286 11  6    0.06   -5.24    3.85 99999.9 99999.9 99999.9 999.99 9999999.   551  -433   118   -71 999.99
2024 286 11  7   -0.28   -5.32    3.76  -549.6     4.0   -39.7   0.95  109948.   517  -404   113   -71  -2.07
2024 286 11  8   -0.33   -5.27    3.92  -549.6     4.0   -39.7   0.95  109948.   493  -372   121   -71  -2.16
2024 286 11  9   -1.58   -4.22    4.85  -538.2     0.0   -50.7   0.84  100218.   473  -359   114   -72  -2.62
2024 286 11 10   -1.11   -4.50    4.73  -538.2     0.0   -50.7   0.84  100218.   452  -352   100   -73  -2.56
2024 286 11 11   -1.45   -4.35    4.91  -538.2     0.0   -50.7   0.84  100218.   429  -335    94   -73  -2.65
2024 286 11 12   -2.08   -3.92    5.14  -546.2     1.8   -53.4   0.80   94682.   417  -324    93   -74  -2.82
2024 286 11 13   -1.41   -4.47    4.85  -546.2     1.8   -53.4   0.80   94682.   439  -321   118   -74  -2.66
2024 286 11 14   -1.64   -4.26    5.05  -542.3     0.3   -58.5   0.87  118357.   427  -312   115   -75  -2.75
2024 286 11 15   -1.66   -4.54    4.87  -540.0    -0.6   -61.6   0.92  132679.   420  -305   115   -75  -2.65
2024 286 11 16   -1.40   -4.69    4.84  -540.0    -0.5   -61.6   0.92  132724.   418  -296   122   -75  -2.63
2024 286 11 17   -1.67   -4.47    5.09  -540.2     5.2   -59.8   0.92  134841.   418  -287   131   -75  -2.77
2024 286 11 18   -1.76   -4.39    5.16  -540.2     5.2   -59.8   0.92  134841.   408  -280   128   -75  -2.80
2024 286 11 19   -1.55   -4.67    4.91  -537.4     7.2   -65.2   0.87  130423.   390  -268   122   -75  -2.66
2024 286 11 20   -0.98   -5.25    4.52  -537.7     6.8   -66.1   0.88  129110.   375  -261   114   -75  -2.45
2024 286 11 21   -1.06   -4.67    5.05  -541.2     2.6   -76.5   0.93  114692.   362  -252   110   -76  -2.76
2024 286 11 22   -1.09   -4.61    5.11  -541.2     2.6   -76.5   0.93  114692.   345  -246    99   -76  -2.79
2024 286 11 23   -1.30   -4.36    5.44  -543.5     0.9   -64.5   0.86  140673.   328  -239    89   -75  -2.98
2024 286 11 24   -1.28   -4.39    5.40  -543.5     0.9   -64.5   0.86  140673.   319  -237    82   -75  -2.96
2024 286 11 25   -0.97   -4.67    5.28  -546.4     5.7   -64.0   0.86  148660.   307  -232    75   -75  -2.90
2024 286 11 26   -0.69   -4.74    5.26  -546.4     5.7   -64.0   0.86  148660.   296  -221    75   -75  -2.89
2024 286 11 27   -1.12   -4.61    5.42  -541.6    -0.4   -61.5   0.84  136733.   305  -213    92   -75  -2.95
2024 286 11 28   -1.05   -4.73    5.36  -544.3     1.8   -62.7   0.86  141773.   291  -201    90   -75  -2.94
2024 286 11 29   -0.59   -4.94    5.35  -551.0     7.2   -65.8   0.91  154449.   272  -187    85   -75  -2.97
2024 286 11 30   -0.91   -4.55    5.67  -547.3    -5.3   -68.7   0.87  160960.   272  -174    98   -75  -3.13
2024 286 11 31   -1.32   -4.76    5.46  -547.3    -5.3   -68.7   0.87  160960.   267  -157   110   -74  -3.01
2024 286 11 32   -1.13   -4.42    5.82  -545.1    -5.0   -59.1   0.91  178581.   255  -147   108   -74  -3.19
2024 286 11 33   -1.19   -3.63    6.37  -546.3    -3.3   -59.6   0.90  174240.   240  -138   102   -74  -3.50
2024 286 11 34   -1.18   -3.25    6.63  -551.6     4.1   -61.9   0.88  155699.   233  -131   102   -74  -3.68
2024 286 11 35   -1.38   -2.86    6.64  -554.7    -7.8   -63.5   0.95  149078.   229  -126   103   -74  -3.71
2024 286 11 36   -1.92   -2.78    6.49  -557.0    -8.5   -64.0   1.02  160031.   229  -120   109   -73  -3.64
2024 286 11 37   -1.42   -5.38    4.77  -561.9    -8.6   -64.8   1.14  186154.   220  -109   111   -73  -2.70
2024 286 11 38   -1.14   -5.97    4.55  -559.9    -4.9   -54.8   1.01  153742.   205   -92   113   -73  -2.56
2024 286 11 39   -1.17   -5.77    4.82  -559.9    -4.9   -54.8   1.01  153741.   194   -79   115   -72  -2.71
2024 286 11 40   -0.89   -5.63    4.97  -550.8    -6.6   -59.0   1.12  171550.   185   -69   116   -72  -2.75
2024 286 11 41   -0.77   -5.48    5.34  -552.2    -7.1   -60.0   1.10  169251.   176   -64   112   -72  -2.97
2024 286 11 42   -0.24   -3.82    6.76  -561.6   -10.0   -66.7   0.98  154180.   170   -62   108   -72  -3.82
2024 286 11 43   -0.09   -4.97    5.96  -562.1   -10.2   -67.1   0.97  153314.   166   -62   104   -72  -3.37
2024 286 11 44   -0.22   -4.82    6.09 99999.9 99999.9 99999.9 999.99 9999999.   169   -63   106   -71 999.99
2024 286 11 45   -0.20   -4.66    6.29  -564.4   -22.9   -59.4   1.05  152264.   169   -60   109   -71  -3.57
2024 286 11 46   -0.16   -5.28    5.97  -564.3   -24.8   -60.7   1.03  153734.   160   -51   109   -71  -3.39
2024 286 11 47   -0.39   -4.89    6.26  -565.7    -3.0   -50.1   0.83  101502.   162   -54   108   -70  -3.56
2024 286 11 48   -0.58   -4.20    6.82  -569.1   -11.0   -47.6   0.98  120898.   159   -51   108   -70  -3.90
2024 286 11 49   -0.72   -3.72    6.56  -570.4   -14.1   -46.7   1.05  128408.   154   -47   107   -69  -3.76
2024 286 11 50    1.88   -4.26   -5.11 99999.9 99999.9 99999.9 999.99 9999999.   144   -43   101   -69 999.99
2024 286 11 51    2.16   -3.21   -6.50 99999.9 99999.9 99999.9 999.99 9999999.   138   -45    93   -69 999.99
2024 286 11 52    1.56   -4.11   -5.86 99999.9 99999.9 99999.9 999.99 9999999.   142   -54    88   -68 999.99
2024 286 11 53    1.23   -6.37   -2.12  -589.7   -22.2   -32.3   3.51   91785.   162   -63    99   -65   1.25
2024 286 11 54    1.90   -6.36   -2.44  -589.7   -22.2   -32.3   3.51   91785.   138   -52    86   -64   1.44
2024 286 11 55    0.06   -1.77    2.76 99999.9 99999.9 99999.9 999.99 9999999.   116   -30    86   -63 999.99
2024 286 11 56   -0.43    3.66    4.42 99999.9 99999.9 99999.9 999.99 9999999.   108   -23    85   -58 999.99
2024 286 11 57   -0.45    3.48    4.32 99999.9 99999.9 99999.9 999.99 9999999.   127   -72    55   -53 999.99
2024 286 11 58   -0.86    4.04    3.54  -601.8     5.5    24.2   7.78   75047.   128   -46    82   -49  -2.13
2024 286 11 59   -0.99    4.22    3.29  -601.8     5.5    24.2   7.78   75047.   159   -54   105   -47  -1.98
2024 286 12  0   -0.88    4.31    3.16  -601.8     5.5    24.2   7.78   75047.   245   -82   163   -47  -1.90
2024 286 12  1   -0.60    3.51    3.44 99999.9 99999.9 99999.9 999.99 9999999.   252   -74   178   -47 999.99
2024 286 12  2    0.08   -1.57    0.97 99999.9 99999.9 99999.9 999.99 9999999.   225   -86   139   -46 999.99
2024 286 12  3    0.93   -1.75    2.09  -599.8    -4.5     7.8   7.24  171036.   245   -97   148   -47  -1.25
2024 286 12  4    1.08   -3.65   -1.76  -599.8    -4.5     7.8   7.24  171036.   208   -71   137   -46   1.06
2024 286 12  5    1.34   -1.54    1.37  -602.9     0.0     2.9   8.06  192107.   277   -76   201   -46  -0.83
2024 286 12  6    0.12   -1.77    0.19  -602.9     0.0     2.9   8.06  192107.   207   -45   162   -46  -0.11
2024 286 12  7    0.63   -1.62   -2.47  -602.9     0.0     2.9   8.06  192107.   145   -11   134   -46   1.49
2024 286 12  8   -0.68    2.06   -1.63  -614.5    31.6    11.6   8.20  233990.   138    16   154   -46   1.00
2024 286 12  9   -1.01    1.19   -1.54  -614.8    14.9    -1.8   6.48  163752.   152     9   161   -46   0.95
2024 286 12 10   -1.35   -0.70   -2.91  -616.6    -3.4   -22.4   4.11   63505.   152    12   164   -46   1.80
2024 286 12 11   -1.79    0.66   -3.47  -622.2    30.4   -21.6   5.19   99186.   173     9   182   -45   2.16
2024 286 12 12   -1.55   -0.77   -3.34  -622.2    30.4   -21.6   5.19   99186.   184     1   185   -46   2.08
2024 286 12 13   -1.49   -0.44   -3.13  -620.4    25.1   -21.1   5.42   57790.   223   -43   180   -47   1.94
2024 286 12 14   -0.16   -2.34   -2.76  -619.6     3.8   -20.5   4.22   67521.   243   -66   177   -47   1.71
2024 286 12 15    1.01   -3.31   -1.65  -619.3    -3.6   -20.3   3.81   70929.   259   -81   178   -47   1.02
2024 286 12 16   -0.11   -3.77   -2.18  -602.6    -6.1   -26.6   5.07   89144.   287   -88   199   -47   1.32
2024 286 12 17   -0.02   -3.51   -1.72  -616.1   -12.7   -19.6   4.27   77964.   226   -40   186   -46   1.06
2024 286 12 18    0.92   -2.26   -0.34  -622.4   -16.2   -15.2   4.10   74717.   203   -15   188   -46   0.21
2024 286 12 19    1.41   -0.68    1.23  -597.8     4.1    -4.7   6.42  126833.   209   -24   185   -45  -0.74
2024 286 12 20    0.37   -2.17    0.43  -601.0    -2.4    -5.1   6.52   97632.   265   -88   177   -44  -0.26
2024 286 12 21    0.04   -2.93    0.33  -600.4   -10.4   -22.5   3.75   78060.   262   -98   164   -45  -0.20
2024 286 12 22   -0.38   -3.25   -2.29  -607.4   -12.6   -18.7   3.65   74612.   253  -107   146   -46   1.39
2024 286 12 23   -0.30   -3.64   -2.33  -621.1   -16.8   -11.2   3.47   67858.   329  -169   160   -45   1.45
2024 286 12 24   -0.36   -3.51   -2.57 99999.9 99999.9 99999.9 999.99 9999999.   363  -218   145   -45 999.99
2024 286 12 25    0.20   -4.22   -2.58  -602.7   -15.7   -21.2   3.37   70391.   346  -223   123   -46   1.56
2024 286 12 26    0.32   -4.35   -2.27  -608.0   -12.1   -23.6   3.65   71577.   328  -210   118   -46   1.38
2024 286 12 27   -1.91   -3.43   -1.90  -618.9    -6.3   -24.7   3.83   69548.   277  -164   113   -46   1.18
2024 286 12 28   -1.21   -3.03   -1.02  -612.1     2.8   -15.8   5.44   87480.   286  -141   145   -46   0.62
2024 286 12 29   -0.42   -2.34   -0.48  -607.5    -1.0    -5.9   6.41  102619.   308  -160   148   -46   0.29
2024 286 12 30    0.52   -0.96    0.22  -607.2    -1.4    -5.1   6.47  103644.   316  -188   128   -46  -0.13
2024 286 12 31   -1.32   -3.34   -2.00  -629.0    -7.5   -25.0   4.80   57991.   363  -244   119   -46   1.26
2024 286 12 32   -2.38   -3.37   -2.28  -629.0    -7.5   -25.0   4.80   57991.   394  -274   120   -46   1.44
2024 286 12 33   -2.27   -3.58   -2.33 99999.9 99999.9 99999.9 999.99 9999999.   432  -310   122   -46 999.99
2024 286 12 34   -1.97   -2.99   -2.45 99999.9 99999.9 99999.9 999.99 9999999.   423  -308   115   -45 999.99
2024 286 12 35   -2.08   -3.15   -2.55  -622.9    -3.4   -26.2   4.78   54414.   403  -297   106   -45   1.59
2024 286 12 36   -1.84   -3.04   -2.60  -622.9    -3.4   -26.2   4.78   54414.   388  -282   106   -45   1.62
2024 286 12 37   -1.63   -2.91   -2.86  -622.9    -3.4   -26.2   4.78   54414.   373  -265   108   -45   1.78
2024 286 12 38   -1.79   -3.01   -3.06 99999.9 99999.9 99999.9 999.99 9999999.   384  -264   120   -46 999.99
2024 286 12 39   -0.78   -3.98   -1.18  -620.8     2.7   -29.8   3.50   59575.   384  -274   110   -46   0.73
2024 286 12 40   -0.27   -4.86   -0.14  -620.8     2.7   -29.8   3.50   59575.   380  -283    97   -46   0.09
2024 286 12 41   -0.60   -4.79   -0.55  -620.8     2.7   -29.8   3.50   59575.   390  -302    88   -46   0.34
2024 286 12 42   -0.54   -4.85   -0.28 99999.9 99999.9 99999.9 999.99 9999999.   407  -324    83   -47 999.99
2024 286 12 43   -0.70   -4.80   -0.19  -622.3    11.6   -24.5   2.42   68872.   400  -323    77   -47   0.12
2024 286 12 44   -0.88   -4.81    0.09  -622.3    11.6   -24.5   2.42   68872.   400  -312    88   -47  -0.06
2024 286 12 45   -0.69   -4.72   -0.05  -622.3    11.6   -24.5   2.42   68872.   399  -313    86   -46   0.03
2024 286 12 46   -0.37   -4.25   -0.83  -617.7   -12.9   -13.3   2.64  102895.   392  -311    81   -46   0.51
2024 286 12 47   -0.47   -3.38   -1.40  -617.7   -12.9   -13.3   2.64  102895.   402  -320    82   -47   0.87
2024 286 12 48   -0.34   -3.47   -0.93  -617.6   -15.3   -15.7   4.89   85050.   408  -327    81   -47   0.57
2024 286 12 49   -0.16   -3.11   -0.86  -618.2   -15.9   -18.8   5.22   81218.   426  -348    78   -47   0.53
2024 286 12 50   -0.28   -3.47   -0.92  -619.3   -15.3   -19.8   5.18   69864.   423  -348    75   -47   0.57
2024 286 12 51   -1.15   -3.71   -1.64  -623.5    -8.0   -22.0   4.90   56432.   414  -342    72   -48   1.02
2024 286 12 52   -1.09   -4.32   -1.29  -627.3   -12.4   -15.2   4.72   52442.   383  -313    70   -48   0.81
2024 286 12 53   -1.75   -4.10   -1.22  -629.1   -13.6   -12.2   4.00   47455.   348  -282    66   -49   0.77
2024 286 12 54   -1.37   -4.00   -0.87  -628.3    -8.1   -19.6   3.90   44990.   353  -291    62   -50   0.55
2024 286 12 55   -1.40   -3.86   -1.16  -624.3   -10.4   -21.2   4.18   50204.   378  -316    62   -50   0.72
2024 286 12 56   -1.17   -3.55   -1.14  -632.8     2.0   -27.5   4.14   52792.   374  -299    75   -51   0.72
2024 286 12 57   -1.24   -3.78   -0.65  -629.1    -4.5   -20.4   3.92   54223.   361  -292    69   -51   0.41
2024 286 12 58   -1.75   -3.60   -0.78  -628.1    -3.0   -20.7   3.86   53568.   361  -309    52   -50   0.49
2024 286 12 59   -1.69   -3.56   -0.90  -624.0    -0.8    -7.0   4.11   47942.   362  -316    46   -50   0.56
2024 286 13  0   -1.93   -3.44   -1.09  -624.0    -0.8    -7.0   4.11   47942.   352  -294    58   -51   0.68
2024 286 13  1   -1.96   -3.45   -0.95 99999.9 99999.9 99999.9 999.99 9999999.   352  -277    75   -51 999.99
2024 286 13  2   -2.18   -3.48   -0.61 99999.9 99999.9 99999.9 999.99 9999999.   346  -270    76   -51 999.99
2024 286 13  3   -2.31   -3.41   -0.35 99999.9 99999.9 99999.9 999.99 9999999.   325  -257    68   -51 999.99
2024 286 13  4   -2.51   -3.23   -0.18  -629.1   -12.8   -16.7   4.40   55361.   314  -251    63   -52   0.11
2024 286 13  5   -2.21   -3.39   -0.62  -629.1   -12.8   -16.7   4.40   55361.   342  -255    87   -52   0.39
2024 286 13  6   -2.26   -3.38   -0.70  -630.1    -6.5   -16.6   3.98   45421.   344  -249    95   -52   0.44
2024 286 13  7   -2.31   -3.46   -0.81  -630.1    -6.5   -16.6   3.98   45421.   294  -240    54   -52   0.51
2024 286 13  8   -2.24   -3.19   -0.95 99999.9 99999.9 99999.9 999.99 9999999.   279  -225    54   -52 999.99
2024 286 13  9   -2.27   -3.08   -0.90  -632.9    -2.5   -16.3   4.10   43421.   297  -206    91   -52   0.57
2024 286 13 10   -2.16   -2.92   -0.98  -632.9    -2.5   -16.3   4.10   43421.   312  -194   118   -52   0.62
2024 286 13 11   -1.91   -3.04   -0.51  -629.8    -6.1   -10.3   4.55   54280.   312  -189   123   -52   0.32
2024 286 13 12   -1.57   -2.83    0.23  -629.1   -11.0    -6.4   4.30   55289.   258  -181    77   -51  -0.14
2024 286 13 13   -0.93   -2.31    0.75  -630.7    -3.8   -13.2   4.22   42860.   211  -172    39   -51  -0.47
2024 286 13 14   -1.09   -2.36   -0.08 99999.9 99999.9 99999.9 999.99 9999999.   200  -162    38   -51 999.99
2024 286 13 15   -1.69   -1.78    0.10  -633.2    -1.2    -6.8   4.44   67815.   210  -149    61   -51  -0.06
2024 286 13 16   -2.88   -0.58    0.85  -633.2    -1.2    -6.8   4.44   67815.   266  -149   117   -52  -0.54
2024 286 13 17   -2.92   -0.78    0.88  -633.2    -1.2    -6.8   4.44   67815.   281  -129   152   -52  -0.56
2024 286 13 18   -2.95   -1.59    0.52 99999.9 99999.9 99999.9 999.99 9999999.   194  -114    80   -52 999.99
2024 286 13 19   -2.86   -1.90    0.09 99999.9 99999.9 99999.9 999.99 9999999.   155  -114    41   -53 999.99
2024 286 13 20   -2.70   -2.11   -0.34 99999.9 99999.9 99999.9 999.99 9999999.   211  -131    80   -53 999.99
2024 286 13 21   -2.27   -2.47   -0.87  -623.6     4.6   -23.8   4.54   51691.   335  -179   156   -52   0.54
2024 286 13 22   -2.46   -2.37   -0.81  -623.6     4.6   -23.8   4.54   51691.   319  -159   160   -54   0.51
2024 286 13 23   -2.34   -2.52   -1.10  -623.6     4.6   -23.8   4.54   51691.   280  -180   100   -56   0.69
2024 286 13 24   -2.31   -2.68   -0.87 99999.9 99999.9 99999.9 999.99 9999999.   253  -205    48   -56 999.99
2024 286 13 25   -2.15   -2.77   -1.08 99999.9 99999.9 99999.9 999.99 9999999.   317  -222    95   -56 999.99
2024 286 13 26   -1.89   -2.99   -1.05 99999.9 99999.9 99999.9 999.99 9999999.   372  -215   157   -56 999.99
2024 286 13 27   -1.83   -2.87   -1.35 99999.9 99999.9 99999.9 999.99 9999999.   338  -174   164   -55 999.99
2024 286 13 28   -2.33   -2.74   -0.50  -630.1    -2.8   -23.3   5.28   47602.   301  -168   133   -55   0.32
2024 286 13 29   -2.72   -2.27   -0.49  -630.1    -2.8   -23.3   5.28   47602.   246  -172    74   -55   0.31
2024 286 13 30   -2.58   -2.27    0.48  -630.1    -2.8   -23.3   5.28   47602.   232  -140    92   -55  -0.30
2024 286 13 31   -2.68   -2.50   -0.47 99999.9 99999.9 99999.9 999.99 9999999.   229  -120   109   -55 999.99
2024 286 13 32   -2.82   -2.28   -0.81 99999.9 99999.9 99999.9 999.99 9999999.   228  -131    97   -54 999.99
2024 286 13 33   -2.72   -2.43   -0.68 99999.9 99999.9 99999.9 999.99 9999999.   275  -175   100   -53 999.99
2024 286 13 34   -2.59   -2.50   -0.76 99999.9 99999.9 99999.9 999.99 9999999.   290  -206    84   -54 999.99
2024 286 13 35   -3.10   -2.23   -0.30  -634.3    -8.7   -17.0   4.15   51691.   313  -203   110   -55   0.19
2024 286 13 36   -3.00   -2.28   -0.78  -634.3    -8.7   -17.0   4.15   51691.   385  -197   188   -55   0.49
2024 286 13 37   -3.05   -2.08   -0.97  -634.3    -8.7   -17.0   4.15   51691.   401  -209   192   -55   0.62
2024 286 13 38   -3.00   -2.17   -1.05  -634.5    -2.3   -19.5   3.94   35197.   334  -215   119   -55   0.67
2024 286 13 39   -3.04   -1.75   -1.32  -634.5    -2.3   -19.5   3.94   35197.   248  -198    50   -54   0.84
2024 286 13 40   -3.31   -1.68   -0.70  -637.0    -8.5   -17.2   4.44   41906.   230  -184    46   -55   0.45
2024 286 13 41   -3.33   -1.52   -0.86  -637.0    -8.5   -17.2   4.44   41943.   277  -172   105   -54   0.55
2024 286 13 42   -3.18   -1.47   -1.05  -637.0    -8.5   -17.2   4.44   41943.   320  -169   151   -54   0.67
2024 286 13 43   -2.30   -0.55   -0.42  -623.7     5.8   -16.6   5.75   48880.   327  -155   172   -53   0.26
2024 286 13 44   -1.64   -1.21   -0.74  -621.3     5.1   -19.0   5.78   51105.   289  -170   119   -53   0.46
2024 286 13 45   -3.15   -1.55   -1.25  -623.3     1.9   -18.8   5.51   53262.   335  -215   120   -53   0.78
2024 286 13 46   -2.87   -1.33   -0.93  -630.6    -1.1   -17.4   4.84   51192.   398  -243   155   -54   0.59
2024 286 13 47 9999.99 9999.99 9999.99  -633.3    -1.3   -21.2   4.83   49384.   327  -229    98   -54 999.99
2024 286 13 48   -0.56   -1.05   -0.91  -633.6    -1.0   -22.0   4.81   49003.   424  -230   194   -54   0.58
2024 286 13 49 9999.99 9999.99 9999.99 99999.9 99999.9 99999.9 999.99 9999999.   375  -194   181   -53 999.99
2024 286 13 50   -0.99   -1.38   -1.71  -610.1     9.6   -16.4   6.53   57542.   308  -250    58   -52   1.04
2024 286 13 51   -0.99   -1.38   -1.71  -610.1     9.6   -16.4   6.53   57542.   424  -311   113   -53   1.04
2024 286 13 52 9999.99 9999.99 9999.99  -610.1     9.6   -16.4   6.53   57542.   456  -314   142   -54 999.99
2024 286 13 53    0.13   -0.75   -2.59 99999.9 99999.9 99999.9 999.99 9999999.   430  -291   139   -53 999.99
2024 286 13 54 9999.99 9999.99 9999.99 99999.9 99999.9 99999.9 999.99 9999999.   413  -230   183   -52 999.99
2024 286 13 55    0.28   -0.16   -2.84 99999.9 99999.9 99999.9 999.99 9999999.   390  -207   183   -52 999.99
2024 286 13 56 9999.99 9999.99 9999.99 99999.9 99999.9 99999.9 999.99 9999999.   404  -277   127   -52 999.99
2024 286 13 57   -2.12   -2.14   -1.04 99999.9 99999.9 99999.9 999.99 9999999.   406  -305   101   -51 999.99
2024 286 13 58   -2.12   -2.14   -1.04 99999.9 99999.9 99999.9 999.99 9999999.   430  -327   103   -51 999.99
2024 286 13 59 9999.99 9999.99 9999.99 99999.9 99999.9 99999.9 999.99 9999999.   473  -353   120   -51 999.99
2024 286 14  0   -2.05   -2.05   -0.95 99999.9 99999.9 99999.9 999.99 9999999.   453  -337   116   -50 999.99
2024 286 14  1 9999.99 9999.99 9999.99 99999.9 99999.9 99999.9 999.99 9999999.   447  -338   109   -49 999.99
2024 286 14  2   -1.61   -2.26   -0.82 99999.9 99999.9 99999.9 999.99 9999999.   467  -369    98   -49 999.99
2024 286 14  3   -1.61   -2.26   -0.82 99999.9 99999.9 99999.9 999.99 9999999.   466  -393    73   -49 999.99
2024 286 14  4 9999.99 9999.99 9999.99 99999.9 99999.9 99999.9 999.99 9999999.   461  -398    63   -50 999.99
2024 286 14  5   -1.09   -2.40   -1.27 99999.9 99999.9 99999.9 999.99 9999999.   452  -359    93   -51 999.99
2024 286 14  6 9999.99 9999.99 9999.99 99999.9 99999.9 99999.9 999.99 9999999.   479  -364   115   -50 999.99
2024 286 14  7 9999.99 9999.99 9999.99  -612.1    -1.2   -22.8   6.02   56984.   410  -298   112   -50 999.99
2024 286 14  8   -0.50   -2.56   -1.02  -612.1    -1.2   -22.8   6.02   56984.   353  -257    96   -51   0.62
2024 286 14  9 9999.99 9999.99 9999.99  -612.1    -1.2   -22.8   6.02   56984.   334  -250    84   -50 999.99
2024 286 14 10   -0.21   -2.70   -0.85 99999.9 99999.9 99999.9 999.99 9999999.   303  -227    76   -50 999.99
2024 286 14 11   -0.21   -2.70   -0.85 99999.9 99999.9 99999.9 999.99 9999999.   259  -195    64   -47 999.99
2024 286 14 12 9999.99 9999.99 9999.99 99999.9 99999.9 99999.9 999.99 9999999.   279  -206    73   -47 999.99
2024 286 14 13   -0.48   -2.80   -0.63 99999.9 99999.9 99999.9 999.99 9999999.   355  -260    95   -47 999.99
2024 286 14 14 9999.99 9999.99 9999.99 99999.9 99999.9 99999.9 999.99 9999999.   411  -305   106   -47 999.99
2024 286 14 15 9999.99 9999.99 9999.99 99999.9 99999.9 99999.9 999.99 9999999.   398  -307    91   -47 999.99
2024 286 14 16   -0.16   -2.28    0.02 99999.9 99999.9 99999.9 999.99 9999999.   370  -306    64   -48 999.99
2024 286 14 17 9999.99 9999.99 9999.99 99999.9 99999.9 99999.9 999.99 9999999.   364  -302    62   -49 999.99
2024 286 14 18 9999.99 9999.99 9999.99 99999.9 99999.9 99999.9 999.99 9999999.   372  -307    65   -50 999.99
2024 286 14 19   -0.27   -2.61   -0.20 99999.9 99999.9 99999.9 999.99 9999999.   396  -322    74   -51 999.99
2024 286 14 20 9999.99 9999.99 9999.99 99999.9 99999.9 99999.9 999.99 9999999.   426  -351    75   -51 999.99
2024 286 14 21 9999.99 9999.99 9999.99 99999.9 99999.9 99999.9 999.99 9999999.   410  -351    59   -52 999.99
2024 286 14 22   -0.44   -2.25   -0.55 99999.9 99999.9 99999.9 999.99 9999999.   371  -327    44   -52 999.99
2024 286 14 23   -0.44   -2.25   -0.55 99999.9 99999.9 99999.9 999.99 9999999.   319  -276    43   -51 999.99
2024 286 14 24 9999.99 9999.99 9999.99 99999.9 99999.9 99999.9 999.99 9999999.   285  -239    46   -51 999.99
2024 286 14 25 9999.99 9999.99 9999.99 99999.9 99999.9 99999.9 999.99 9999999.   257  -213    44   -51 999.99
2024 286 14 26    0.32   -2.31   -1.08 99999.9 99999.9 99999.9 999.99 9999999.   265  -223    42   -51 999.99
2024 286 14 27 9999.99 9999.99 9999.99 99999.9 99999.9 99999.9 999.99 9999999.   332  -281    51   -51 999.99
2024 286 14 28 9999.99 9999.99 9999.99 99999.9 99999.9 99999.9 999.99 9999999.   379  -319    60   -52 999.99
2024 286 14 29   -0.03   -2.14   -1.57  -608.1     0.1   -20.1   5.65   54305.   424  -368    56   -54   0.96
2024 286 14 30    3.39   -2.97    0.39  -608.1     0.1   -20.1   5.65   54305.   478  -406    72   -60  -0.24
2024 286 14 31    2.20   -2.99   -0.25  -592.7   -11.7   -19.1   2.14  108303.   500  -409    91   -63   0.15
2024 286 14 32    1.92   -2.70   -0.19  -596.3    -7.8   -18.5   3.69   85739.   481  -367   114   -64   0.11
2024 286 14 33    2.08   -2.94   -0.22  -598.7     0.5   -17.6   5.29   55074.   413  -286   127   -64   0.13
2024 286 14 34    2.86   -3.41    0.52  -593.0   -20.6    -9.2   3.38   77251.   411  -277   134   -63  -0.31
2024 286 14 35    2.69   -3.17    0.35  -591.5   -41.1    -8.2   1.89   79932.   351  -218   133   -63  -0.21
2024 286 14 36    3.24   -3.17    0.45  -593.1   -11.0   -16.5   1.92  112519.   314  -205   109   -61  -0.27
2024 286 14 37    2.68   -3.51    0.28  -593.1    -7.9   -17.3   2.27  104925.   293  -224    69   -61  -0.17
2024 286 14 38    2.18   -3.73   -0.02  -594.3    -7.1   -21.0   2.42   90014.   284  -236    48   -61   0.01
2024 286 14 39    2.32   -3.79   -0.08  -594.3    -5.8   -22.5   2.16   92837.   262  -213    49   -61   0.05
2024 286 14 40    2.11   -3.68    0.17  -593.5    -5.5   -21.3   2.02  104114.   262  -204    58   -61  -0.10
2024 286 14 41    3.00   -2.76    1.39  -600.3     2.4   -17.2   2.59   83358.   261  -196    65   -60  -0.83
2024 286 14 42    2.95   -2.52    1.76  -607.1    13.2    -6.6   3.16   53325.   254  -182    72   -60  -1.07
2024 286 14 43    2.94   -2.58    1.64  -607.4    10.7    -5.0   3.18   49914.   245  -168    77   -59  -1.00
2024 286 14 44    2.96   -2.51    1.78  -607.9    -0.1    -1.6   3.17   51021.   237  -162    75   -59  -1.08
2024 286 14 45    2.86   -2.36    2.03  -607.9     0.5    -1.8   3.17   50922.   234  -162    72   -59  -1.23
2024 286 14 46    2.93   -2.44    1.81  -607.3    13.1    -5.8   3.16   48763.   251  -180    71   -59  -1.10
2024 286 14 47    2.82   -2.45    1.95  -607.4    13.2    -5.5   3.14   49463.   274  -206    68   -59  -1.18
2024 286 14 48    2.86   -2.25    2.03  -607.7    13.3    -4.5   3.10   51514.   280  -216    64   -59  -1.23
2024 286 14 49    3.12   -2.31    1.61  -605.8     9.0    -1.7   2.85   51201.   274  -207    67   -60  -0.98
2024 286 14 50    3.09   -2.41    1.88  -606.0     2.3     5.3   2.62   58485.   283  -212    71   -60  -1.14
2024 286 14 51    2.92   -1.73    2.66  -606.5    -7.0    15.2   2.33   69281.   310  -237    73   -60  -1.61
2024 286 14 52    2.71   -1.46    2.98 99999.9 99999.9 99999.9 999.99 9999999.   335  -262    73   -60 999.99
2024 286 14 53    2.78   -1.65    2.78  -612.9    29.5    14.9   2.29   54196.   357  -286    71   -61  -1.71
2024 286 14 54    2.99   -2.81    1.78  -612.9    29.5    14.9   2.29   54196.   372  -303    69   -61  -1.09
2024 286 14 55    3.07   -2.92    1.39  -605.8    12.3     6.6   1.94  110301.   364  -291    73   -61  -0.84
2024 286 14 56    2.87   -3.38    0.72  -603.9    15.5    -5.0   1.84  141661.   349  -270    79   -62  -0.44
2024 286 14 57    2.82   -3.54    0.22  -603.4    16.3    -7.8   1.82  149264.   331  -251    80   -63  -0.13
2024 286 14 58    2.85   -3.58    0.31  -604.6    -1.1    -6.9   2.10   95546.   309  -231    78   -63  -0.19
2024 286 14 59    2.79   -3.58    0.21  -604.6    -1.1    -6.9   2.10   95546.   296  -219    77   -64  -0.13
2024 286 15  0    2.85   -3.53    0.31 99999.9 99999.9 99999.9 999.99 9999999.   281  -207    74   -64 999.99
2024 286 15  1    2.96   -3.35    0.55  -599.7     9.9     3.3   1.74  100069.   279  -213    66   -64  -0.33
2024 286 15  2    3.15   -2.73    1.66  -599.8     9.7     3.4   1.74   99700.   298  -237    61   -65  -1.00
2024 286 15  3    3.27   -2.71    1.54 99999.9 99999.9 99999.9 999.99 9999999.   331  -269    62   -64 999.99
2024 286 15  4    3.31   -2.71    1.61  -575.4   -10.8    -6.0   0.84  119536.   349  -284    65   -65  -0.93
2024 286 15  5    3.39   -2.07    2.17  -575.4   -10.8    -6.0   0.84  119536.   339  -278    61   -65  -1.25
2024 286 15  6    3.20   -1.77    2.68  -575.4   -10.8    -6.0   0.84  119536.   313  -251    62   -65  -1.54
2024 286 15  7    2.70    0.19    3.29  -585.0     3.3    25.8   1.23   59309.   265  -209    56   -65  -1.93
2024 286 15  8    2.56    0.95    3.29  -585.4     2.4    24.0   1.40   56206.   215  -170    45   -64  -1.93
2024 286 15  9    2.69    0.54    3.32  -586.4    -2.9    21.2   1.91   49442.   256  -151   105   -64  -1.95
2024 286 15 10    2.72    0.53    3.31  -584.5    -7.2    24.9   2.00   44894.   254  -159    95   -64  -1.94
2024 286 15 11    2.65    0.39    3.45  -583.2    -8.0    22.1   1.96   36416.   206  -180    26   -64  -2.01
2024 286 15 12    2.73    0.25    3.44  -584.9   -10.4    13.5   1.80   33982.   254  -207    47   -63  -2.01
2024 286 15 13    2.80   -0.53    3.20  -579.2    -8.6    24.2   1.48   47198.   233  -220    13   -63  -1.86
2024 286 15 14    2.81   -0.48    3.22  -579.2    -8.6    24.3   1.48   47263.   213  -198    15   -62  -1.87
2024 286 15 15    2.95   -0.72    3.08  -579.5    -3.6    28.1   1.35   47669.   168  -153    15   -62  -1.79
2024 286 15 16    2.98   -1.50    2.88  -579.3    -3.5    28.5   1.32   50132.   144  -128    16   -62  -1.67
2024 286 15 17    3.14   -2.32    2.38  -577.2    -2.8    32.4   1.05   72512.   174  -138    36   -62  -1.38
2024 286 15 18    2.92   -3.29    1.44  -574.5   -15.1    19.9   0.93   78912.   184  -161    23   -62  -0.83
2024 286 15 19    2.85   -3.39    1.22  -573.5   -19.4    15.5   0.89   81176.   218  -193    25   -63  -0.70
2024 286 15 20    2.63   -3.54    1.19  -570.1   -19.0    24.3   0.82   83719.   243  -216    27   -64  -0.68
2024 286 15 21    2.77   -3.44    1.22  -570.0   -19.6    24.5   0.84   86106.   242  -215    27   -65  -0.70
2024 286 15 22    2.81   -3.35    1.29  -569.6   -21.7    25.2   0.88   94826.   220  -189    31   -65  -0.74
2024 286 15 23    2.50   -3.76    0.60  -569.6   -21.7    25.2   0.88   94826.   190  -155    35   -65  -0.34
2024 286 15 24    2.83   -3.35    1.11  -571.7   -20.3     7.6   0.78   75175.   178  -140    38   -65  -0.64
2024 286 15 25    2.80   -3.25    1.35  -566.9   -20.6    22.3   0.79   85106.   197  -151    46   -65  -0.77
2024 286 15 26    2.68   -3.46    1.00  -565.5   -24.1    26.2   0.80   81337.   221  -170    51   -65  -0.57
2024 286 15 27    2.77   -2.93    1.85  -566.9   -29.7    21.1   0.81   67532.   242  -186    56   -66  -1.05
2024 286 15 28    2.82   -2.83    2.10  -565.3   -12.3    43.4   0.78   65446.   239  -188    51   -65  -1.19
2024 286 15 29    2.76   -3.08    1.73  -565.3   -12.3    43.4   0.78   65446.   223  -179    44   -65  -0.98
2024 286 15 30    2.74   -2.92    2.02  -564.1   -13.4    42.6   0.74   60487.   194  -152    42   -65  -1.14
2024 286 15 31    3.07   -2.59    2.25  -562.3   -15.0    41.3   0.69   53079.   151  -108    43   -65  -1.27
2024 286 15 32    2.91   -2.69    2.42  -563.2   -15.7    37.2   0.68   52777.   113   -67    46   -65  -1.37
2024 286 15 33    3.03   -2.48    2.43  -566.7   -18.4    21.6   0.63   51620.   103   -57    46   -65  -1.38
2024 286 15 34    3.00   -2.74    2.36  -566.8   -18.4    21.4   0.63   51476.   102   -56    46   -65  -1.34
2024 286 15 35    3.19   -2.57    2.15  -568.3   -17.6    15.5   0.65   48401.   100   -56    44   -65  -1.22
2024 286 15 36    3.03   -3.32    0.95  -568.9   -25.3    -0.1   0.63   53442.   102   -61    41   -65  -0.54
2024 286 15 37    3.00   -3.49    0.50  -569.0   -26.9    -3.4   0.62   54523.    94   -60    34   -65  -0.28
2024 286 15 38    3.22   -3.35    0.68  -568.2   -16.9    -8.8   0.63   47229.    79   -54    25   -65  -0.39
2024 286 15 39    3.50   -2.81    1.18  -568.2   -16.9    -8.8   0.63   47229.    68   -55    13   -65  -0.67
2024 286 15 40    3.53   -2.87    1.12  -572.6   -13.5     8.3   0.72   73774.    56   -54     2   -65  -0.64
2024 286 15 41    3.39   -2.90    1.25  -572.6   -13.5     8.3   0.72   73774.    47   -52    -5   -65  -0.72
2024 286 15 42    3.38   -2.16    2.02  -572.6   -13.5     8.3   0.72   73774.    42   -57   -15   -65  -1.16
2024 286 15 43    3.46   -2.28    2.06  -566.7    -6.2    17.9   0.68   46421.    43   -57   -14   -64  -1.17
2024 286 15 44    3.29   -2.55    1.99  -566.7    -6.2    17.9   0.68   46421.    43   -57   -14   -64  -1.13
2024 286 15 45    3.12   -2.43    2.37  -571.8    -5.4    24.3   0.70   43649.    39   -55   -16   -64  -1.36
2024 286 15 46    3.05   -2.41    2.47  -570.5    -6.3    31.5   0.65   41319.    41   -53   -12   -64  -1.41
2024 286 15 47    3.09   -2.66    2.17  -571.4   -16.0    20.2   0.66   47527.    47   -56    -9   -64  -1.24
2024 286 15 48    3.00   -2.50    2.42  -571.7   -17.0    17.6   0.67   48660.    54   -56    -2   -64  -1.38
2024 286 15 49    2.99   -2.45    2.45  -574.6   -10.7    22.4   0.76   54559.    68   -58    10   -64  -1.41
2024 286 15 50    3.24   -2.13    2.46  -574.6   -10.7    22.4   0.76   54559.    76   -59    17   -65  -1.41
2024 286 15 51    3.41   -2.12    2.34  -568.3    -4.6    20.3   0.64   37330.    80   -61    19   -64  -1.33
2024 286 15 52    3.43   -1.85    2.46  -568.2    -4.4    20.6   0.64   37293.    83   -62    21   -64  -1.40
2024 286 15 53    3.23   -1.38    2.92  -567.1    -2.5    24.0   0.62   36910.    79   -59    20   -64  -1.66
2024 286 15 54    2.95   -0.78    3.38  -567.1    -2.5    24.0   0.62   36910.    74   -57    17   -64  -1.92
2024 286 15 55    2.93   -1.17    3.25  -573.7    -7.8    42.7   0.64   49799.    66   -52    14   -64  -1.87
2024 286 15 56    2.75   -1.19    3.42  -571.8    -4.8    36.8   0.64   48523.    59   -47    12   -64  -1.96
2024 286 15 57    2.85   -1.29    3.31  -575.1    -8.7    38.3   0.66   47882.    79   -46    33   -64  -1.91
2024 286 15 58    2.99   -0.55    3.30  -574.9    -9.7    42.3   0.66   48516.   105   -46    59   -64  -1.90
2024 286 15 59    2.94   -0.59    3.37  -569.5    -1.1    43.7   0.66   52945.   128   -46    82   -64  -1.92
2024 286 16  0    2.90   -0.45    3.32  -570.6     3.1    43.9   0.65   50132.   145   -48    97   -64  -1.90
2024 286 16  1    3.17    0.30    3.18  -568.4     5.3    42.9   0.64   43001.   150   -48   102   -64  -1.81
2024 286 16  2    3.08   -0.07    3.27 99999.9 99999.9 99999.9 999.99 9999999.   144   -48    96   -63 999.99
2024 286 16  3    2.93   -0.04    3.51  -567.6     3.6    42.7   0.64   49764.   124   -45    79   -63  -2.00
2024 286 16  4    2.66    0.07    3.65  -568.2     2.8    43.9   0.64   49562.   105   -45    60   -63  -2.08
2024 286 16  5    2.80    0.14    3.51  -571.3    -0.8    49.8   0.69   48591.    83   -44    39   -63  -2.01
2024 286 16  6    2.71    0.29    3.70  -571.3    -0.8    49.8   0.69   48591.    64   -45    19   -63  -2.12
2024 286 16  7    2.88    0.08    3.33  -569.4     7.6    47.9   0.58   42872.    54   -45     9   -63  -1.90
2024 286 16  8    2.94   -0.00    3.38  -569.4     7.6    47.9   0.58   42872.    53   -44     9   -63  -1.93
2024 286 16  9    2.79   -0.45    3.40  -569.4     7.6    47.9   0.58   42872.    54   -45     9   -63  -1.94
2024 286 16 10    2.81    0.33    3.34  -574.5    14.8    58.1   0.69   66284.    55   -46     9   -63  -1.93
2024 286 16 11    2.85    0.41    3.37  -574.4    14.7    58.0   0.69   66170.    56   -47     9   -63  -1.95
2024 286 16 12    3.11   -1.20    2.61  -568.0     2.1    39.4   0.67   48398.    58   -46    12   -63  -1.49
2024 286 16 13    3.28   -2.73    1.58  -569.8    -8.1    24.3   0.67   41446.    54   -45     9   -63  -0.90
2024 286 16 14    3.28   -2.35    1.98  -576.5   -17.9     3.3   0.67   40302.    51   -43     8   -63  -1.14
2024 286 16 15    3.32   -2.54    1.96  -576.5   -17.9     3.3   0.67   40302.    50   -41     9   -63  -1.13
2024 286 16 16    3.34   -1.99    2.27  -571.3    -5.4    10.7   0.63   34126.    51   -41    10   -63  -1.30
2024 286 16 17    3.32   -1.76    2.54  -571.3    -4.8    11.9   0.63   34341.    55   -45    10   -64  -1.45
2024 286 16 18    3.26   -2.05    2.33  -571.6     0.0    22.6   0.66   35795.    58   -50     8   -63  -1.33
2024 286 16 19    3.19   -2.19    2.30  -573.3    -8.9    16.0   0.57   28219.    53   -49     4   -63  -1.32
2024 286 16 20    3.24   -1.98    2.38  -572.4    -6.8    16.2   0.64   36154.    51   -45     6   -63  -1.36
2024 286 16 21    3.29   -1.69    2.51  -572.2    -6.0    16.1   0.65   38593.    50   -43     7   -63  -1.44
2024 286 16 22    3.34   -1.42    2.74  -572.5    -6.0    15.3   0.64   37841.    51   -43     8   -63  -1.57
2024 286 16 23    3.52   -1.29    2.54 99999.9 99999.9 99999.9 999.99 9999999.    57   -50     7   -63 999.99
2024 286 16 24    3.33   -1.15    2.83  -569.0    -4.2    19.2   0.68   35960.    60   -53     7   -63  -1.61
2024 286 16 25    3.38   -0.84    2.85  -569.0    -4.2    19.3   0.68   36097.    57   -51     6   -63  -1.62
2024 286 16 26    3.47   -1.01    2.72  -569.9    -1.6    26.3   0.72   47602.    49   -46     3   -63  -1.55
2024 286 16 27    3.23   -1.52    2.76  -571.1    -6.1    20.3   0.68   41985.    43   -42     1   -63  -1.58
2024 286 16 28    3.04   -1.43    2.98  -574.9    -7.5    16.6   0.65   36427.    42   -43    -1   -63  -1.71
2024 286 16 29    2.89   -1.09    3.27  -577.1   -11.8    25.2   0.68   32153.    38   -45    -7   -62  -1.89
2024 286 16 30    2.86   -1.19    3.25  -577.2   -14.3    31.1   0.71   31120.    39   -49   -10   -62  -1.88
2024 286 16 31    2.92   -1.50    2.97  -570.7   -16.9    22.0   0.72   38389.    38   -50   -12   -62  -1.70
2024 286 16 32    2.92   -1.62    3.03  -570.8   -20.7    22.9   0.68   38183.    35   -47   -12   -63  -1.73
2024 286 16 33    2.81   -1.57    3.12  -570.9   -23.0    23.5   0.65   38055.    38   -46    -8   -63  -1.78
2024 286 16 34    3.10   -1.78    2.62  -567.4   -24.2     9.6   0.74   49452.    38   -46    -8   -63  -1.49
2024 286 16 35    3.01   -1.54    2.77  -567.4   -24.2     9.6   0.74   49448.    34   -46   -12   -63  -1.57
2024 286 16 36    3.12   -1.16    2.94  -569.0   -18.7    23.9   0.68   38523.    34   -45   -11   -63  -1.68
2024 286 16 37    3.02   -1.20    2.88  -569.0   -18.7    23.9   0.68   38511.    34   -44   -10   -63  -1.64
2024 286 16 38    3.09   -1.24    2.78  -569.1    -1.1    25.9   0.67   36374.    35   -44    -9   -62  -1.58
2024 286 16 39    3.23   -1.11    2.75  -569.0    -1.4    25.9   0.67   37063.    39   -45    -6   -62  -1.57
2024 286 16 40    3.30   -1.74    2.22  -566.9    -8.1    26.3   0.65   51693.    40   -45    -5   -62  -1.26
2024 286 16 41    2.87   -2.36    1.95  -566.4   -10.8    24.6   0.71   47332.    40   -46    -6   -62  -1.11
2024 286 16 42    2.97   -1.35    2.92  -567.7    -9.7    28.8   0.74   44141.    43   -48    -5   -62  -1.66
2024 286 16 43    3.04   -1.32    2.85  -568.4    -9.0    31.0   0.74   42807.    43   -47    -4   -62  -1.62
2024 286 16 44    2.97   -1.33    2.89  -564.9   -19.3    21.9   0.90   40811.    44   -48    -4   -62  -1.63
2024 286 16 45    2.98   -0.99    3.01  -565.1   -17.5    23.1   0.89   40696.    40   -44    -4   -62  -1.70
2024 286 16 46    3.00   -0.99    3.00  -567.3    -4.2    31.8   0.84   39181.    40   -45    -5   -62  -1.70
2024 286 16 47    2.90   -0.65    3.19  -568.0    -3.5    32.4   0.85   38652.    44   -48    -4   -62  -1.81
2024 286 16 48    2.91   -0.38    3.17 99999.9 99999.9 99999.9 999.99 9999999.    46   -50    -4   -62 999.99
2024 286 16 49    3.09   -0.40    2.96  -569.5    -0.7    31.8   0.84   37180.    48   -51    -3   -62  -1.69
2024 286 16 50    2.81   -0.23    3.26  -569.1     0.2    36.0   0.91   41348.    48   -52    -4   -62  -1.86
2024 286 16 51    2.93   -0.17    3.22  -568.6     1.3    41.7   0.98   46991.    48   -50    -2   -62  -1.84
2024 286 16 52    2.73    0.10    3.30  -570.5    11.7    41.0   0.85   42052.    44   -44     0   -62  -1.89
2024 286 16 53    2.79   -0.41    3.27  -571.5     6.1    40.9   0.92   42657.    43   -44    -1   -62  -1.87
2024 286 16 54    2.69   -0.36    3.30  -572.2     2.3    40.8   0.95   43065.    46   -46     0   -62  -1.89
2024 286 16 55    2.57    0.66    3.44  -577.7    10.3    46.3   0.88   38237.    52   -51     1   -62  -1.99
2024 286 16 56    2.50    0.80    3.44  -578.1    11.2    43.9   0.85   39665.    56   -54     2   -62  -1.99
2024 286 16 57    2.70    0.25    3.34  -578.1    13.2    40.8   0.84   44253.    63   -55     8   -62  -1.94
2024 286 16 58    2.48    0.52    3.35 99999.9 99999.9 99999.9 999.99 9999999.    70   -52    18   -61 999.99
2024 286 16 59    2.50    0.26    3.51 99999.9 99999.9 99999.9 999.99 9999999.    72   -50    22   -62 999.99
2024 286 17  0    2.54   -0.05    3.49 99999.9 99999.9 99999.9 999.99 9999999.    77   -54    23   -62 999.99
2024 286 17  1 9999.99 9999.99 9999.99 99999.9 99999.9 99999.9 999.99 9999999.    73   -52    21   -61 999.99
2024 286 17  2    2.50    0.84    3.46  -578.4    11.7    32.9   0.79   35990.    75   -51    24   -61  -2.00
2024 286 17  3    2.48    0.84    3.46  -578.4    11.7    32.9   0.79   35990.    87   -57    30   -61  -2.00
2024 286 17  4    2.15    1.75    3.08  -578.4    11.7    32.9   0.79   35990.    94   -55    39   -61  -1.78
2024 286 17  5    2.56    0.57    3.05  -583.4    19.4    47.2   0.80   37450.    96   -49    47   -61  -1.79
2024 286 17  6    2.28    1.40    3.26  -583.4    19.4    47.2   0.80   37450.    90   -47    43   -61  -1.91
2024 286 17  7    3.52   -0.78    1.70  -583.4    19.4    47.2   0.80   37450.    89   -48    41   -61  -1.00
2024 286 17  8    3.05   -1.17    2.17 99999.9 99999.9 99999.9 999.99 9999999.    77   -45    32   -61 999.99
2024 286 17  9    3.24   -1.19    2.48  -568.6     0.2    29.1   0.71   35139.    68   -45    23   -61  -1.41
2024 286 17 10    3.28   -1.07    2.61  -568.6     0.2    29.1   0.71   35139.    67   -53    14   -62  -1.49
2024 286 17 11    2.50   -0.64    2.35  -589.0    15.5    18.8   1.41   82597.    59   -54     5   -62  -1.39
2024 286 17 12    3.01   -1.13    2.73  -584.2    14.3    29.3   1.16   63144.    45   -45     0   -62  -1.60
2024 286 17 13    2.72   -0.52    3.01  -576.2    -5.1    14.8   0.95   57375.    43   -43     0   -61  -1.74
2024 286 17 14    2.15   -1.08    2.16  -575.6    -7.3    11.6   0.95   59309.    44   -45    -1   -60  -1.24
2024 286 17 15    2.53   -0.12    2.17  -599.9    16.2    21.7   1.57  103444.    44   -44     0   -58  -1.30
2024 286 17 16    2.65    0.25    2.56  -596.9    17.1    23.8   1.42   96347.    89   -53    36   -58  -1.53
2024 286 17 17    2.91   -0.45    2.64  -589.0    19.3    29.3   1.01   78084.   105   -57    48   -56  -1.56
2024 286 17 18    2.57    0.40    2.99  -608.3    28.1    57.5   1.33  104782.   221   -89   132   -56  -1.83
2024 286 17 19    2.76    0.36    3.19  -598.7    29.8    54.4   1.41   86724.   316  -111   205   -57  -1.92
2024 286 17 20    2.67    0.14    2.95  -583.8    16.8    42.3   1.23   53451.   366  -151   215   -59  -1.73
2024 286 17 21    2.78   -0.22    2.73  -580.9     3.5    34.7   0.99   42752.   269  -119   150   -61  -1.59
2024 286 17 22    2.59    0.91    3.15  -584.2    16.9    42.5   0.89   36943.    98   -76    22   -62  -1.85
2024 286 17 23    2.63    0.67    3.26  -584.3    17.2    42.7   0.89   36821.   136  -110    26   -62  -1.91
2024 286 17 24    2.60    0.65    3.23 99999.9 99999.9 99999.9 999.99 9999999.   254  -200    54   -60 999.99
2024 286 17 25    2.43    1.10    3.11  -582.7    21.0    44.1   1.04   33991.   280  -212    68   -59  -1.82
2024 286 17 26    2.42   -0.23    2.84  -580.8    16.5    44.6   1.12   33991.   122  -116     6   -57  -1.66
2024 286 17 27    2.22    0.23    3.18  -574.9    -1.2    39.1   1.63   53190.   117   -72    45   -56  -1.83
2024 286 17 28    1.89    1.14    3.36  -574.9    -0.9    39.2   1.64   53242.   225   -82   143   -57  -1.94
2024 286 17 29    1.83    1.86    3.11  -585.6    11.5    33.6   1.34   29309.   241   -99   142   -58  -1.82
2024 286 17 30    1.71    2.27    2.76  -586.5    14.5    33.7   1.26   29632.   130   -73    57   -59  -1.62
2024 286 17 31    1.46    2.85    2.15  -585.3    16.1    35.4   1.36   30696.    63   -53    10   -59  -1.26
2024 286 17 32    1.65    2.73    2.13  -581.3    17.6    39.9   1.72   33269.   147  -136    11   -59  -1.24
2024 286 17 33   -0.30    3.89   -0.03  -597.1    37.2    21.9   2.00   27248.   215  -175    40   -58   0.02
2024 286 17 34    0.05    3.71    0.86  -598.9    39.4    19.9   2.02   26579.   180  -142    38   -57  -0.52
2024 286 17 35    0.19    3.43    1.57  -605.8    31.9    25.6   2.12   30616.   102   -98     4   -56  -0.95
2024 286 17 36    0.02    3.53    1.61  -606.9    30.7    26.6   2.14   31285.   114   -84    30   -56  -0.98
2024 286 17 37   -0.18    3.53    0.93 99999.9 99999.9 99999.9 999.99 9999999.   119   -69    50   -55 999.99
2024 286 17 38   -0.13    3.59    1.07 99999.9 99999.9 99999.9 999.99 9999999.    71   -50    21   -55 999.99
2024 286 17 39   -0.71    3.51   -1.27 99999.9 99999.9 99999.9 999.99 9999999.    49   -44     5   -55 999.99
2024 286 17 40   -0.33    3.59   -1.37  -605.2    36.4     5.0   1.83   26579.    65   -65     0   -56   0.83
2024 286 17 41    0.55    3.46   -0.36  -604.3    36.1     5.0   1.85   27828.    84   -81     3   -55   0.22
2024 286 17 42   -0.77    3.56    0.22  -589.4    30.4     5.9   2.34   49398.    84   -85    -1   -55  -0.13
2024 286 17 43   -0.46    2.49   -0.17  -589.3    30.4     5.9   2.34   49521.   117  -113     4   -55   0.10
2024 286 17 44    1.35    1.35   -0.02 99999.9 99999.9 99999.9 999.99 9999999.   132  -127     5   -55 999.99
2024 286 17 45    3.16    1.16    1.67  -584.7     7.3    29.9   2.51  106564.   120  -121    -1   -55  -0.98
2024 286 17 46    3.19    1.20    1.47  -583.8    -4.1    32.3   2.89   92196.   103   -98     5   -55  -0.86
2024 286 17 47    3.37    0.92    1.58  -586.6     2.0    28.9   3.00  100231.   109  -101     8   -55  -0.93
2024 286 17 48    2.74    1.55    0.90  -588.4     2.7    22.3   2.91   74909.   123  -117     6   -55  -0.53
2024 286 17 49    2.83    1.84    0.99  -578.7     7.6    22.7   2.32   59728.   130  -122     8   -55  -0.57
2024 286 17 50    2.79    1.56    1.22  -571.2    16.5    26.2   2.13   46801.   148  -141     7   -55  -0.70
2024 286 17 51    3.24   -0.19    2.75  -591.5    11.5    30.0   3.29   80513.   139  -137     2   -55  -1.63
2024 286 17 52    3.16   -0.46    2.75  -591.5    11.5    30.0   3.29   80513.   124  -115     9   -55  -1.63
2024 286 17 53    3.26   -0.62    2.58  -589.4     2.5    28.4   4.13   70639.   106   -95    11   -55  -1.52
2024 286 17 54    3.67   -0.75    1.85  -589.4     2.5    28.4   4.13   70639.    87   -75    12   -55  -1.09
2024 286 17 55    2.96   -1.52    2.24 99999.9 99999.9 99999.9 999.99 9999999.    72   -64     8   -55 999.99
2024 286 17 56    3.49   -0.55    2.06  -573.4     0.3    33.5   2.84   65168.    73   -64     9   -56  -1.18
2024 286 17 57    3.49   -0.32    1.84  -573.4     0.3    33.5   2.84   65168.    80   -69    11   -56  -1.06
2024 286 17 58    3.48   -0.27    1.94  -574.4     0.2    14.3   2.92   86589.   145  -138     7   -57  -1.11
2024 286 17 59    3.83   -0.02    1.27  -577.4    -0.8     7.4   3.09   93538.   233  -232     1   -57  -0.73
2024 286 18  0    4.05    0.46    0.64  -589.6    -5.7    17.6   3.72   78815.   285  -273    12   -56  -0.38
2024 286 18  1    3.91    0.25    1.59  -589.8    -5.8    17.7   3.73   78626.   215  -207     8   -57  -0.94
2024 286 18  2    3.04   -1.61    1.68 99999.9 99999.9 99999.9 999.99 9999999.   148  -131    17   -56 999.99
2024 286 18  3    2.91   -1.63    1.54  -573.1    -3.1     9.6   2.77   76359.   177  -118    59   -56  -0.88
2024 286 18  4    2.52   -2.48    1.72  -575.9   -20.4    11.5   2.40   59439.   194   -91   103   -56  -0.99
2024 286 18  5    3.67   -1.31    2.00  -572.7   -23.4    17.9   1.81   41482.   118   -73    45   -57  -1.15
2024 286 18  6    3.40   -1.77    2.07  -569.3   -10.1    21.0   1.43   47016.   102   -92    10   -58  -1.18
2024 286 18  7    3.24   -1.69    2.36  -570.0   -10.6    20.7   1.53   50530.   265  -254    11   -58  -1.35
2024 286 18  8    3.07   -1.83    2.49  -570.0   -10.6    20.7   1.53   50530.   383  -363    20   -59  -1.42
2024 286 18  9    2.90   -2.06    2.43  -572.8   -14.4    18.0   1.71   56276.   401  -384    17   -59  -1.39
2024 286 18 10    2.65   -2.22    2.39  -573.2   -14.7    15.9   1.72   61137.   258  -249     9   -59  -1.37
2024 286 18 11    2.54   -2.35    2.21  -573.7   -15.2    12.7   1.74   68180.   110  -102     8   -60  -1.27
2024 286 18 12    2.50   -2.38    2.20 99999.9 99999.9 99999.9 999.99 9999999.   115   -93    22   -59 999.99
2024 286 18 13    2.35   -2.38    2.24  -581.0    -6.1     9.5   1.99   89319.    91   -63    28   -59  -1.30
2024 286 18 14    2.02   -2.58    2.27  -580.8    -9.1    10.1   1.92   89491.    69   -39    30   -58  -1.32
2024 286 18 15    1.90   -2.66    2.18  -580.4   -15.1    11.1   1.79   89851.   104   -77    27   -57  -1.27
2024 286 18 16    1.73   -2.88    2.23  -581.0   -30.1    15.3   2.11   48950.   164  -138    26   -58  -1.30
2024 286 18 17    2.04   -2.48    2.39  -581.0   -30.0    15.5   2.11   48608.   140  -116    24   -58  -1.39
2024 286 18 18    1.94   -2.37    2.51  -572.7   -28.5    23.1   2.25   58743.   108   -81    27   -58  -1.44
2024 286 18 19    0.91   -0.20    0.02  -577.2   -21.8    17.5   2.24   54529.   111   -85    26   -58  -0.01
2024 286 18 20    0.71    1.25   -1.56  -589.0    -2.3     6.8   2.49   48489.   101   -78    23   -58   0.92
2024 286 18 21    1.61    1.78   -2.05  -581.9     7.3     3.3   2.63   44386.    89   -70    19   -58   1.19
2024 286 18 22    2.29    1.52   -1.49  -579.8    10.7     2.2   2.68   41498.    80   -67    13   -58   0.86
2024 286 18 23    2.57    1.04   -0.15  -566.7    18.9    14.2   2.59   52223.    75   -65    10   -58   0.09
2024 286 18 24    2.41    0.32    2.15  -566.8    18.9    14.2   2.59   52225.    73   -65     8   -57  -1.22
2024 286 18 25    2.32    1.37    0.64  -577.4    11.2     9.9   2.91   53878.    74   -65     9   -57  -0.37
2024 286 18 26    2.36    0.78    2.51  -573.5     3.8    26.6   2.88   65180.    74   -63    11   -56  -1.44
2024 286 18 27    2.81   -0.40    2.31  -564.7    -1.9    30.0   2.37   64118.    72   -61    11   -56  -1.31
2024 286 18 28    3.23   -0.42    1.80  -563.7    -2.3    29.9   2.32   63628.    68   -55    13   -55  -1.02
2024 286 18 29    3.30   -0.48    1.80 99999.9 99999.9 99999.9 999.99 9999999.    72   -57    15   -55 999.99
2024 286 18 30    3.26   -0.56    1.81 99999.9 99999.9 99999.9 999.99 9999999.    78   -63    15   -54 999.99
2024 286 18 31    3.13   -0.57    1.99 99999.9 99999.9 99999.9 999.99 9999999.    85   -68    17   -54 999.99
2024 286 18 32    3.13   -0.57    1.99 99999.9 99999.9 99999.9 999.99 9999999.    90   -71    19   -54 999.99
2024 286 18 33    3.05   -0.68    2.07  -559.7   -10.5    29.9   2.15   44137.    88   -67    21   -54  -1.16
2024 286 18 34 9999.99 9999.99 9999.99  -559.7   -10.5    29.9   2.15   44137.    86   -63    23   -54 999.99
2024 286 18 35 9999.99 9999.99 9999.99 99999.9 99999.9 99999.9 999.99 9999999.    85   -60    25   -54 999.99
2024 286 18 36 9999.99 9999.99 9999.99 99999.9 99999.9 99999.9 999.99 9999999.    83   -57    26   -54 999.99
2024 286 18 37 9999.99 9999.99 9999.99 99999.9 99999.9 99999.9 999.99 9999999.    82   -54    28   -54 999.99
2024 286 18 38 9999.99 9999.99 9999.99 99999.9 99999.9 99999.9 999.99 9999999.    79   -55    24   -54 999.99
2024 286 18 39 9999.99 9999.99 9999.99 99999.9 99999.9 99999.9 999.99 9999999.    89   -68    21   -53 999.99
2024 286 18 40 9999.99 9999.99 9999.99 99999.9 99999.9 99999.9 999.99 9999999.    90   -68    22   -53 999.99
2024 286 18 41    3.11   -0.49    2.02 99999.9 99999.9 99999.9 999.99 9999999.    91   -70    21   -52 999.99
2024 286 18 42    3.13   -1.80    2.59 99999.9 99999.9 99999.9 999.99 9999999.    90   -70    20   -51 999.99
2024 286 18 43    3.09   -1.73    2.45 99999.9 99999.9 99999.9 999.99 9999999.   101   -75    26   -51 999.99
2024 286 18 44    2.97   -1.68    2.46 99999.9 99999.9 99999.9 999.99 9999999.   100   -73    27   -52 999.99
2024 286 18 45    2.84   -1.33    2.19  -564.1   -12.7    29.6   1.75   66124.    97   -69    28   -53  -1.24
2024 286 18 46    2.74   -1.04    2.03  -564.4   -13.3    27.7   1.75   64424.    96   -66    30   -53  -1.15
2024 286 18 47    2.56   -0.95    1.78  -567.0   -17.5    14.1   1.79   52066.    99   -71    28   -54  -1.01
2024 286 18 48    2.99   -1.79    2.41  -567.0   -17.5    14.0   1.79   52010.   120   -94    26   -54  -1.37
2024 286 18 49 9999.99 9999.99 9999.99 99999.9 99999.9 99999.9 999.99 9999999.   127  -107    20   -55 999.99
2024 286 18 50    3.09   -1.86    2.25 99999.9 99999.9 99999.9 999.99 9999999.    88   -70    18   -57 999.99
2024 286 18 51    2.69   -1.78    1.70 99999.9 99999.9 99999.9 999.99 9999999.    79   -63    16   -57 999.99
2024 286 18 52    2.69   -1.78    1.70 99999.9 99999.9 99999.9 999.99 9999999.    75   -62    13   -57 999.99
2024 286 18 53    2.47   -1.72    1.55 99999.9 99999.9 99999.9 999.99 9999999.    84   -71    13   -57 999.99
2024 286 18 54 9999.99 9999.99 9999.99 99999.9 99999.9 99999.9 999.99 9999999.    77   -65    12   -57 999.99
2024 286 18 55    2.52   -1.61    1.55  -560.9   -19.6    23.9   1.99   58931.    76   -66    10   -57  -0.87
2024 286 18 56 9999.99 9999.99 9999.99  -560.9   -19.6    23.9   1.99   58931.    80   -72     8   -57 999.99
2024 286 18 57    2.60   -1.53    1.66 99999.9 99999.9 99999.9 999.99 9999999.    87   -80     7   -58 999.99
2024 286 18 58    1.54   -1.09   -0.54 99999.9 99999.9 99999.9 999.99 9999999.    94   -87     7   -59 999.99
2024 286 18 59 9999.99 9999.99 9999.99 99999.9 99999.9 99999.9 999.99 9999999.    85   -80     5   -59 999.99
2024 286 19  0    2.15   -1.58    1.83 99999.9 99999.9 99999.9 999.99 9999999.    62   -58     4   -60 999.99
2024 286 19  1    0.60    0.01   -2.12  -582.6    11.1     1.1   2.33   68221.    71   -59    12   -60   1.24
2024 286 19  2    1.30   -0.94   -0.21  -583.1    10.1     1.6   2.69   67287.    74   -51    23   -60   0.12
2024 286 19  3    1.56   -0.89   -0.13  -579.6    -0.8    11.3   3.91   58012.    49   -47     2   -59   0.08
2024 286 19  4    1.56   -0.96    0.79  -578.3    -1.1    11.8   3.88   54701.    95   -93     2   -60  -0.46
2024 286 19  5    0.54   -0.17   -1.42  -588.4     7.8    -0.3   4.88   66138.   102   -98     4   -60   0.84
2024 286 19  6    0.99   -0.60   -0.08  -576.0    -5.0    15.1   3.44   61574.    73   -66     7   -59   0.05
2024 286 19  7    0.77   -0.48   -1.54  -577.1    -3.1    14.5   3.52   60695.    90   -81     9   -59   0.89
2024 286 19  8    0.75   -0.84   -1.47  -579.1    -0.2    11.1   3.77   59822.    73   -66     7   -59   0.85
2024 286 19  9    0.63   -0.39   -1.76  -584.2     4.3     8.2   4.48   58772.    62   -59     3   -60   1.03
2024 286 19 10    0.59   -0.61   -1.68  -588.8     8.2     6.5   5.02   59469.   123  -119     4   -59   0.99
2024 286 19 11    0.76   -1.00   -2.06  -586.0    10.3     6.3   4.14   56885.   134  -130     4   -60   1.21
2024 286 19 12    0.89   -1.31   -1.77  -585.9    13.2     5.2   4.21   48355.    92   -87     5   -59   1.04
2024 286 19 13    0.88   -1.38   -1.72  -587.0    12.1     6.2   5.30   44479.    64   -62     2   -59   1.01
2024 286 19 14    0.87   -1.08   -2.28  -587.0    11.2     7.1   5.33   44760.    62   -63    -1   -59   1.34
2024 286 19 15    1.00   -1.02   -2.38  -584.9     9.1     8.7   4.70   56755.    64   -68    -4   -58   1.39
2024 286 19 16    1.13   -0.58   -3.09  -585.0     9.0     8.7   4.68   56487.    66   -67    -1   -57   1.81
2024 286 19 17    1.62   -0.50   -3.59  -584.0     9.2    19.2   2.64   66364.    67   -64     3   -56   2.10
2024 286 19 18    1.22   -0.55   -3.42  -582.7    10.4    21.9   2.49   70137.    69   -67     2   -55   1.99
2024 286 19 19    0.18   -0.64   -2.43 99999.9 99999.9 99999.9 999.99 9999999.    77   -68     9   -54 999.99
2024 286 19 20    0.29   -0.62   -2.27 99999.9 99999.9 99999.9 999.99 9999999.    85   -70    15   -52 999.99
2024 286 19 21    0.39   -0.48   -2.30  -586.0     5.6     9.1   4.86   49417.   129   -79    50   -50   1.35
2024 286 19 22    0.39   -0.48   -2.30  -586.0     5.6     9.1   4.86   49417.   160  -123    37   -49   1.35
2024 286 19 23    0.47   -0.34   -2.16  -586.0     5.6     9.1   4.86   49417.   247  -177    70   -48   1.27
2024 286 19 24    0.27   -0.51   -2.16 99999.9 99999.9 99999.9 999.99 9999999.   338  -174   164   -46 999.99
2024 286 19 25    0.23   -0.59   -2.15 99999.9 99999.9 99999.9 999.99 9999999.   276  -127   149   -44 999.99
2024 286 19 26   -1.00   -1.11   -1.50 99999.9 99999.9 99999.9 999.99 9999999.   172  -110    62   -45 999.99
2024 286 19 27   -1.00   -1.11   -1.50 99999.9 99999.9 99999.9 999.99 9999999.   343  -265    78   -45 999.99
2024 286 19 28   -0.56   -0.92   -1.71 99999.9 99999.9 99999.9 999.99 9999999.   166  -108    58   -46 999.99
2024 286 19 29    0.09   -0.35   -2.16 99999.9 99999.9 99999.9 999.99 9999999.    92   -49    43   -46 999.99
2024 286 19 30    0.04   -0.29   -2.34  -583.8     5.4     6.6   4.72   51939.    97   -52    45   -46   1.37
2024 286 19 31    0.03   -0.33   -2.60  -583.8     5.4     6.6   4.72   51939.    86   -64    22   -45   1.52
2024 286 19 32    0.13   -0.39   -1.50  -583.8     5.4     6.6   4.72   51939.   158  -135    23   -45   0.88
2024 286 19 33    0.03   -0.42   -1.65 99999.9 99999.9 99999.9 999.99 9999999.   202  -155    47   -44 999.99
2024 286 19 34    0.26   -0.33   -2.22 99999.9 99999.9 99999.9 999.99 9999999.   166  -117    49   -44 999.99
2024 286 19 35    0.55   -0.78   -1.59  -584.0     8.9     6.2   5.37   49937.   118   -70    48   -43   0.93
2024 286 19 36    0.57   -0.98   -1.39  -584.0     8.8     6.6   5.33   50247.   113   -68    45   -43   0.81
2024 286 19 37    0.64   -0.93   -1.39  -584.1     8.4     7.0   5.18   49031.   167  -120    47   -42   0.81
2024 286 19 38    0.68   -0.74   -1.70  -584.9     9.0     5.3   4.89   46463.   211  -159    52   -41   0.99
2024 286 19 39    0.66   -0.61   -1.89  -583.2     7.4     7.3   4.95   51871.   215  -158    57   -41   1.10
2024 286 19 40    0.44   -0.37   -2.06  -583.5     5.3     7.8   5.03   54678.   188  -131    57   -41   1.20
2024 286 19 41 9999.99 9999.99 9999.99  -584.2     6.2     7.6   5.13   52506.   171  -118    53   -42 999.99
2024 286 19 42 9999.99 9999.99 9999.99 99999.9 99999.9 99999.9 999.99 9999999.   172  -127    45   -43 999.99
2024 286 19 43    0.09   -0.42   -0.63 99999.9 99999.9 99999.9 999.99 9999999.   169  -129    40   -44 999.99
2024 286 19 44    0.09   -0.42   -0.63 99999.9 99999.9 99999.9 999.99 9999999.   159  -118    41   -44 999.99
2024 286 19 45 9999.99 9999.99 9999.99 99999.9 99999.9 99999.9 999.99 9999999.   139   -96    43   -44 999.99
2024 286 19 46 9999.99 9999.99 9999.99 99999.9 99999.9 99999.9 999.99 9999999.   132   -84    48   -44 999.99
2024 286 19 47 9999.99 9999.99 9999.99 99999.9 99999.9 99999.9 999.99 9999999.   151  -102    49   -43 999.99
2024 286 19 48 9999.99 9999.99 9999.99 99999.9 99999.9 99999.9 999.99 9999999.   164  -117    47   -44 999.99
2024 286 19 49 9999.99 9999.99 9999.99 99999.9 99999.9 99999.9 999.99 9999999.   160  -117    43   -45 999.99
2024 286 19 50 9999.99 9999.99 9999.99 99999.9 99999.9 99999.9 999.99 9999999.   133   -87    46   -44 999.99
2024 286 19 51 9999.99 9999.99 9999.99 99999.9 99999.9 99999.9 999.99 9999999.   112   -68    44   -44 999.99
2024 286 19 52 9999.99 9999.99 9999.99 99999.9 99999.9 99999.9 999.99 9999999.   127   -84    43   -45 999.99
2024 286 19 53 9999.99 9999.99 9999.99 99999.9 99999.9 99999.9 999.99 9999999.   142  -100    42   -46 999.99
2024 286 19 54    0.15   -0.53   -0.77  -582.2     9.4     3.7   5.33   50880.   124   -87    37   -47   0.45
2024 286 19 55    0.04   -0.42   -0.17  -582.4     9.1     3.3   5.20   48808.   114   -82    32   -47   0.10
2024 286 19 56   -0.24   -0.55   -0.15  -583.3     7.9     1.4   4.69   40209.   103   -74    29   -47   0.09
2024 286 19 57   -0.20   -0.42   -0.72  -583.1     6.9     4.0   5.40   51500.    97   -69    28   -47   0.42
2024 286 19 58   -0.02   -0.10   -0.73  -583.1     6.8     4.3   5.49   53037.   102   -70    32   -47   0.43
2024 286 19 59   -0.16    0.26    0.35  -582.0     6.1     3.8   5.37   54845.   110   -81    29   -47  -0.20
2024 286 20  0   -0.59    0.75    0.25  -583.0     5.7     4.7   5.33   59239.   112   -81    31   -50  -0.15
2024 286 20  1   -0.77    0.78   -0.26  -583.4     5.6     5.1   5.32   60949.   114   -81    33   -50   0.15
2024 286 20  2   -0.79    0.73   -0.71  -582.1     6.6     2.6   5.32   62573.   101   -76    25   -48   0.41
2024 286 20  3   -0.61    0.77   -1.18  -582.2     6.9     2.0   5.31   61567.   107   -62    45   -46   0.69
2024 286 20  4   -0.25    0.36   -1.06  -583.0     8.1     0.4   5.24   58207.    96   -65    31   -45   0.62
2024 286 20  5   -0.15    0.12   -0.62  -586.3    12.1     3.7   5.02   59876.   112   -73    39   -45   0.36
2024 286 20  6   -0.34    0.50   -0.53  -587.1    11.9     1.2   4.77   60883.    97   -61    36   -45   0.31
2024 286 20  7   -0.65    1.08    0.17  -587.9    12.1    -0.4   4.82   63134.    81   -49    32   -46  -0.10
2024 286 20  8   -1.16    1.50    0.27  -588.3    12.1    -0.8   4.81   65009.    71   -36    35   -47  -0.16
2024 286 20  9   -1.09    1.50    0.33  -588.2    11.1     3.5   4.19   70391.    67   -29    38   -48  -0.19
2024 286 20 10   -0.89    1.49    0.14  -587.1    13.6     7.1   4.38   65789.    70   -36    34   -49  -0.08
2024 286 20 11   -0.82    1.14    0.20  -588.0    12.9     8.2   4.58   67884.    77   -45    32   -49  -0.12
2024 286 20 12   -1.13    1.15    0.61  -585.8    10.3     7.1   4.57   60443.    67   -37    30   -49  -0.36
2024 286 20 13   -0.82    1.21   -0.24  -587.0     9.7     8.3   4.77   65362.    57   -25    32   -48   0.14
2024 286 20 14   -0.63    1.57   -0.69  -585.7    12.3     2.6   4.63   67237.    58   -29    29   -48   0.40
2024 286 20 15   -0.12    1.27    0.18  -585.2    12.2     4.1   4.56   65842.    66   -39    27   -48  -0.11
2024 286 20 16   -0.05    1.23    0.63  -583.5    11.8     8.8   4.37   61565.    60   -34    26   -47  -0.37
2024 286 20 17    0.07    1.27    0.52  -583.5    11.8     8.8   4.37   61565.    74   -46    28   -47  -0.30
2024 286 20 18 9999.99 9999.99 9999.99 99999.9 99999.9 99999.9 999.99 9999999.   152  -124    28   -48 999.99
2024 286 20 19   -0.02    1.15   -1.11  -577.8    13.3    25.5   4.98   53115.   193  -162    31   -48   0.64
2024 286 20 20   -0.30    1.57   -0.31  -577.8    13.3    25.5   4.98   53115.   179  -145    34   -48   0.18
2024 286 20 21    0.05    0.97   -1.44  -582.0    12.3     8.2   4.67   39700.   133   -97    36   -47   0.84
2024 286 20 22   -0.03    0.83   -1.46  -582.4    12.2     6.6   4.65   38716.   188  -144    44   -47   0.85
2024 286 20 23    0.17    0.70   -1.44  -585.7    11.9    -5.0   5.16   54196.   212  -162    50   -46   0.84
2024 286 20 24   -0.01    0.13   -1.91  -585.7    11.9    -5.0   5.16   54196.   200  -151    49   -44   1.12
2024 286 20 25   -0.08    0.10   -1.94  -586.7    12.2    -0.1   4.87   59347.   212  -170    42   -43   1.14
2024 286 20 26    0.23   -0.06   -1.72  -586.7    12.2    -0.1   4.87   59347.   221  -178    43   -43   1.01
2024 286 20 27    0.25   -0.09   -1.66  -587.2    11.0    -1.7   4.96   49590.   256  -213    43   -43   0.98
2024 286 20 28    0.15   -0.02   -1.75  -587.2    11.0    -1.7   4.96   49590.   195  -156    39   -43   1.03
2024 286 20 29    0.28   -0.37   -1.57 99999.9 99999.9 99999.9 999.99 9999999.   174  -134    40   -43 999.99
2024 286 20 30    0.17   -0.20   -1.63  -584.6    13.9    10.7   5.00   49590.   223  -188    35   -42   0.95
2024 286 20 31    0.32   -0.18   -1.59  -584.6    13.9    10.7   5.00   49590.   190  -143    47   -42   0.93
2024 286 20 32 9999.99 9999.99 9999.99 99999.9 99999.9 99999.9 999.99 9999999.   269  -207    62   -43 999.99
2024 286 20 33 9999.99 9999.99 9999.99 99999.9 99999.9 99999.9 999.99 9999999.   292  -232    60   -43 999.99
2024 286 20 34 9999.99 9999.99 9999.99 99999.9 99999.9 99999.9 999.99 9999999.   334  -272    62   -43 999.99
2024 286 20 35 9999.99 9999.99 9999.99 99999.9 99999.9 99999.9 999.99 9999999.   359  -295    64   -43 999.99
2024 286 20 36    0.54   -0.43   -1.36 99999.9 99999.9 99999.9 999.99 9999999.   376  -318    58   -41 999.99
2024 286 20 37    0.54   -0.30   -1.45  -598.2    -2.5   -17.4   4.72   42326.   322  -281    41   -40   0.87
2024 286 20 38    0.69   -0.13   -1.30  -598.2    -2.5   -17.4   4.72   42326.   346  -300    46   -40   0.78
2024 286 20 39    0.46   -0.30   -1.59 99999.9 99999.9 99999.9 999.99 9999999.   315  -260    55   -42 999.99
2024 286 20 40    0.34   -0.07   -1.62 99999.9 99999.9 99999.9 999.99 9999999.   365  -286    79   -42 999.99
2024 286 20 41    0.46   -0.02   -1.38 99999.9 99999.9 99999.9 999.99 9999999.   419  -353    66   -41 999.99
2024 286 20 42    0.50   -0.01   -1.43 99999.9 99999.9 99999.9 999.99 9999999.   440  -381    59   -40 999.99
2024 286 20 43    0.50   -0.01   -1.43 99999.9 99999.9 99999.9 999.99 9999999.   442  -377    65   -41 999.99
2024 286 20 44    0.54   -0.01   -1.42 99999.9 99999.9 99999.9 999.99 9999999.   461  -395    66   -41 999.99
2024 286 20 45    0.41   -0.16   -1.66  -589.1    14.0    -6.1   5.00   51126.   462  -399    63   -40   0.98
2024 286 20 46    0.54   -0.09   -1.51  -589.1    14.0    -6.1   5.00   51126.   453  -392    61   -41   0.89
2024 286 20 47 9999.99 9999.99 9999.99  -589.1    14.0    -6.1   5.00   51126.   452  -385    67   -39 999.99
2024 286 20 48    0.51   -0.14   -1.45  -591.0    14.9    -7.6   4.89   49937.   372  -310    62   -40   0.86
2024 286 20 49 9999.99 9999.99 9999.99  -591.0    14.9    -7.6   4.89   49937.   367  -306    61   -40 999.99
2024 286 20 50   -0.19    0.15   -0.70 99999.9 99999.9 99999.9 999.99 9999999.   422  -370    52   -40 999.99
2024 286 20 51    0.54   -0.22   -1.37 99999.9 99999.9 99999.9 999.99 9999999.   439  -393    46   -40 999.99
2024 286 20 52    0.47   -0.29   -1.28 99999.9 99999.9 99999.9 999.99 9999999.   481  -431    50   -40 999.99
2024 286 20 53    0.26   -0.21   -0.93 99999.9 99999.9 99999.9 999.99 9999999.   509  -467    42   -40 999.99
2024 286 20 54    0.50   -0.42   -1.35 99999.9 99999.9 99999.9 999.99 9999999.   477  -440    37   -41 999.99
2024 286 20 55 9999.99 9999.99 9999.99 99999.9 99999.9 99999.9 999.99 9999999.   457  -416    41   -41 999.99
2024 286 20 56    0.43   -0.56   -1.42  -590.1    14.9    -8.0   4.89   53366.   439  -396    43   -41   0.84
2024 286 20 57    0.29   -0.44   -1.24  -590.1    14.9    -8.0   4.89   53366.   431  -376    55   -41   0.73
2024 286 20 58    0.46   -0.47   -1.35  -590.8    15.1    -7.7   4.88   51974.   414  -360    54   -41   0.80
2024 286 20 59    0.39   -0.49   -1.17  -590.8    15.1    -7.7   4.88   51974.   388  -339    49   -41   0.69
2024 286 21  0    0.38   -0.54   -1.12  -594.2    16.4    -5.0   5.06   57281.   360  -318    42   -41   0.67
2024 286 21  1   -0.54   -0.05   -1.17  -594.2    16.4    -5.0   5.06   57281.   340  -301    39   -41   0.70
2024 286 21  2   -0.59    0.21   -1.16  -588.7    14.4     4.3   4.32   70105.   362  -327    35   -41   0.68
2024 286 21  3    1.84   -0.87   -0.63  -588.1    14.0     3.2   4.30   67299.   379  -347    32   -41   0.37
2024 286 21  4    2.01   -0.98   -0.41  -588.7    13.4    -2.8   4.95   44082.   355  -321    34   -41   0.24
2024 286 21  5    2.61   -1.27    0.43  -587.4    12.1    -3.4   5.13   41552.   349  -314    35   -41  -0.25
2024 286 21  6    2.38   -1.22    0.35  -574.9     1.7     7.8   3.38   56026.   383  -346    37   -42  -0.20
2024 286 21  7    2.08   -1.30    0.39  -591.4    11.6     6.3   4.38   59197.   348  -315    33   -42  -0.23
2024 286 21  8    2.54   -1.62    1.16  -564.9   -10.0     9.8   2.81   53726.   368  -333    35   -43  -0.66
2024 286 21  9    2.96   -1.69    1.19  -564.9   -10.0     9.8   2.81   53726.   397  -363    34   -43  -0.67
2024 286 21 10    2.78   -1.84    1.37  -558.6    -8.6     6.3   2.29   69484.   386  -348    38   -44  -0.77
2024 286 21 11    2.92   -1.71    0.70  -558.8    -9.8     6.9   2.27   69132.   389  -345    44   -45  -0.39
2024 286 21 12    2.80   -1.44    0.19  -564.2    -3.5     1.6   2.54   58591.   389  -341    48   -47  -0.11
2024 286 21 13    2.60   -1.58    0.78  -567.3    -5.7     6.0   2.71   63398.   409  -363    46   -48  -0.44
2024 286 21 14    2.80   -1.64    0.56  -568.6    -6.6     7.8   2.78   65406.   391  -326    65   -49  -0.32
2024 286 21 15    2.67   -1.69    0.68  -565.7    -0.7     5.8   2.67   65088.   392  -358    34   -48  -0.38
2024 286 21 16    2.82   -1.71    0.69  -567.7    -2.7     8.4   2.65   63310.   416  -382    34   -49  -0.39
2024 286 21 17    2.54   -1.86    0.42  -571.3    -3.5    11.0   2.72   62907.   430  -401    29   -49  -0.24
2024 286 21 18    2.21   -2.01    0.34  -576.6    -2.5    13.6   2.92   64218.   414  -379    35   -49  -0.20
2024 286 21 19    2.58   -2.02    0.32  -578.4    -6.7     9.4   3.82   65347.   433  -374    59   -48  -0.19
2024 286 21 20    2.75   -1.99    0.32  -578.7    -7.4     8.7   3.96   65526.   420  -356    64   -47  -0.19
2024 286 21 21    2.78   -1.91    0.35  -578.7    -7.4     8.7   3.96   65526.   405  -358    47   -47  -0.20
2024 286 21 22    2.88   -1.93    0.58  -573.0   -68.5   -21.8   1.92  107690.   361  -341    20   -46  -0.33
2024 286 21 23    2.79   -1.94    0.34  -579.5   -12.1   -11.2   2.86   75228.   352  -331    21   -46  -0.20
2024 286 21 24    2.77   -1.96    0.65  -583.9    23.1    -5.3   3.50   57714.   367  -333    34   -45  -0.38
2024 286 21 25    2.69   -1.85    0.81  -591.1    14.2     0.3   4.04   80577.   373  -323    50   -45  -0.48
2024 286 21 26    2.80   -1.84    1.05  -589.9    12.8     9.4   3.41   49546.   367  -322    45   -44  -0.62
2024 286 21 27    3.03   -1.70    0.96  -585.0     0.4    29.4   2.53   66778.   336  -316    20   -43  -0.56
2024 286 21 28    2.99   -1.87    1.04  -583.5    -3.0    25.8   2.45   72233.   311  -290    21   -43  -0.61
2024 286 21 29    3.04   -2.01    1.34  -575.1   -15.9     3.4   2.27  108167.   272  -254    18   -43  -0.77
2024 286 21 30    3.05   -1.97    1.57  -582.7    11.5    16.5   3.29   95407.   287  -275    12   -43  -0.92
2024 286 21 31    3.08   -2.08    1.44 99999.9 99999.9 99999.9 999.99 9999999.   323  -274    49   -43 999.99
2024 286 21 32    3.07   -2.07    1.44 99999.9 99999.9 99999.9 999.99 9999999.   334  -317    17   -43 999.99
2024 286 21 33    3.07   -2.08    1.44 99999.9 99999.9 99999.9 999.99 9999999.   374  -350    24   -45 999.99
2024 286 21 34    3.09   -2.11    1.54 99999.9 99999.9 99999.9 999.99 9999999.   407  -379    28   -47 999.99
2024 286 21 35    3.16   -2.16    1.39 99999.9 99999.9 99999.9 999.99 9999999.   425  -389    36   -48 999.99
2024 286 21 36    3.16   -2.16    1.39 99999.9 99999.9 99999.9 999.99 9999999.   404  -361    43   -49 999.99
2024 286 21 37    3.30   -2.30    1.59  -560.8    -1.6    14.7   2.02   85393.   419  -324    95   -50  -0.89
2024 286 21 38    3.35   -2.22    1.61  -563.6     5.4    19.0   1.85  119876.   421  -309   112   -51  -0.91
2024 286 21 39    3.36   -2.16    1.52  -564.6    -5.0    21.0   2.09   82529.   356  -292    64   -51  -0.86
2024 286 21 40    3.34   -2.14    1.63  -560.3   -19.6    22.1   1.85   67336.   314  -288    26   -51  -0.91
2024 286 21 41    3.34   -2.32    1.43  -557.1   -17.9    18.0   1.61   70944.   291  -281    10   -51  -0.80
2024 286 21 42    3.69   -2.44    1.33  -555.5   -16.0    15.7   1.48   73390.   292  -283     9   -50  -0.74
2024 286 21 43    3.77   -2.42    1.15  -564.3   -18.0    24.6   2.12   55728.   304  -281    23   -51  -0.65
2024 286 21 44    3.77   -2.46    1.04  -564.3   -18.0    24.6   2.12   55728.   307  -293    14   -50  -0.59
2024 286 21 45    3.77   -2.46    1.04  -564.3   -18.0    24.6   2.12   55728.   308  -304     4   -50  -0.59
2024 286 21 46    3.94   -2.22    1.28  -562.4   -17.2    17.8   1.86   57430.   304  -298     6   -50  -0.72
2024 286 21 47    3.99   -2.21    1.37  -562.4   -17.2    17.8   1.86   57430.   300  -295     5   -51  -0.77
2024 286 21 48    4.06   -2.17    1.31  -561.1   -16.7    12.8   1.96   57430.   303  -290    13   -51  -0.74
2024 286 21 49    4.07   -2.15    1.35  -561.1   -16.6    12.7   1.96   57517.   298  -279    19   -51  -0.76
2024 286 21 50    4.01   -2.21    1.41  -558.9    -9.1    13.7   1.83   60169.   286  -276    10   -50  -0.79
2024 286 21 51    4.03   -1.88    1.84  -553.1    11.5    23.5   1.78   59159.   275  -271     4   -50  -1.02
2024 286 21 52    4.00   -1.89    1.91  -551.6    16.9    26.1   1.76   58893.   276  -273     3   -50  -1.06
2024 286 21 53    3.87   -2.37    1.66 99999.9 99999.9 99999.9 999.99 9999999.   273  -262    11   -50 999.99
2024 286 21 54    3.88   -2.44    1.43  -557.0     5.6    25.9   1.70   71510.   254  -246     8   -49  -0.80
2024 286 21 55    3.60   -2.33    2.05  -556.3     3.9    24.9   1.70   70968.   237  -236     1   -49  -1.14
2024 286 21 56    3.53   -2.52    1.92  -543.7   -28.3     5.7   1.74   60479.   229  -230    -1   -49  -1.05
2024 286 21 57    3.56   -2.77    1.61  -556.4    -5.1    20.6   1.82   62815.   230  -230     0   -48  -0.90
2024 286 21 58    3.55   -2.80    1.61  -560.2   -19.8    10.4   1.89   58667.   231  -229     2   -48  -0.90
2024 286 21 59    3.33   -2.41    2.35  -563.3   -10.3    27.2   1.71   67324.   227  -223     4   -48  -1.33
2024 286 22  0    3.12   -2.38    2.65  -564.9   -13.1    29.0   1.65   67570.   227  -221     6   -48  -1.50
2024 286 22  1    3.16   -2.40    2.56  -568.8   -24.3    39.3   1.82   56391.   218  -213     5   -48  -1.46
2024 286 22  2    2.80   -2.13    3.06 99999.9 99999.9 99999.9 999.99 9999999.   221  -205    16   -48 999.99
2024 286 22  3    3.15   -1.66    3.05 99999.9 99999.9 99999.9 999.99 9999999.   214  -196    18   -47 999.99
2024 286 22  4    3.04   -1.41    3.24  -570.8    -6.4    41.9   1.90   71053.   193  -191     2   -47  -1.85
2024 286 22  5    2.90   -1.71    3.25  -570.8    -6.4    41.9   1.90   71053.   188  -187     1   -47  -1.86
2024 286 22  6    3.26   -1.88    2.78  -570.8    -6.4    41.9   1.90   71053.   187  -184     3   -47  -1.59
2024 286 22  7    2.34   -1.96    3.43 99999.9 99999.9 99999.9 999.99 9999999.   185  -181     4   -47 999.99
2024 286 22  8    2.11   -1.15    3.78  -582.2    10.9    47.5   1.21   43098.   177  -172     5   -46  -2.21
2024 286 22  9    2.48   -1.49    3.79  -582.2    10.9    47.5   1.21   43098.   172  -168     4   -46  -2.21
2024 286 22 10    2.49   -1.67    3.80  -582.2    10.9    47.5   1.21   43098.   165  -162     3   -46  -2.22
2024 286 22 11    2.77   -1.82    3.26  -569.7     2.0    37.8   1.02   41213.   160  -157     3   -46  -1.86
2024 286 22 12    2.50   -1.71    3.75  -569.7     2.0    37.8   1.02   41213.   153  -152     1   -45  -2.14
2024 286 22 13    2.46   -1.77    3.75  -569.7     2.0    37.8   1.02   41213.   146  -145     1   -45  -2.14
2024 286 22 14    2.07   -1.81    3.97 99999.9 99999.9 99999.9 999.99 9999999.   140  -139     1   -45 999.99
2024 286 22 15    2.50   -2.05    3.62 99999.9 99999.9 99999.9 999.99 9999999.   135  -129     6   -45 999.99
2024 286 22 16    2.54   -1.99    3.62  -569.1    -5.4    32.0   1.17   48797.   137  -120    17   -45  -2.06
2024 286 22 17    2.61   -2.17    3.45  -569.1    -5.4    32.0   1.17   48797.   138  -114    24   -44  -1.97
2024 286 22 18    2.66   -2.16    3.43  -569.1    -5.4    32.0   1.17   48797.   134  -112    22   -44  -1.96
2024 286 22 19    3.00   -2.04    3.20 99999.9 99999.9 99999.9 999.99 9999999.   149  -108    41   -44 999.99
2024 286 22 20    3.09   -1.96    3.17  -559.8   -10.3    32.4   1.09   51868.   153  -103    50   -44  -1.78
2024 286 22 21    2.98   -2.00    3.27  -560.0   -10.8    31.8   1.09   51800.   137   -95    42   -44  -1.83
2024 286 22 22    2.86   -2.12    3.39  -561.7   -14.4    27.7   1.12   51320.   120   -89    31   -44  -1.91
2024 286 22 23    2.72   -2.08    3.50  -561.8   -14.5    27.5   1.12   51302.    98   -82    16   -44  -1.97
2024 286 22 24    2.83   -2.15    3.26 99999.9 99999.9 99999.9 999.99 9999999.    91   -76    15   -44 999.99
2024 286 22 25    2.51   -2.10    3.47 99999.9 99999.9 99999.9 999.99 9999999.    94   -71    23   -44 999.99
2024 286 22 26    2.38   -2.21    3.48  -564.7    -5.1    26.1   1.06   43454.    90   -64    26   -44  -1.97
2024 286 22 27    2.64   -2.17    3.33  -564.7    -5.1    26.1   1.06   43454.    87   -54    33   -45  -1.88
2024 286 22 28 9999.99 9999.99 9999.99 99999.9 99999.9 99999.9 999.99 9999999.    86   -48    38   -45 999.99
2024 286 22 29    2.92   -1.96    3.11 99999.9 99999.9 99999.9 999.99 9999999.    86   -44    42   -44 999.99
2024 286 22 30    3.29   -2.06    2.62  -553.6    -9.2    13.5   1.09   69473.    87   -46    41   -44  -1.45
2024 286 22 31    4.03   -2.14    1.49  -558.3    -6.8    20.6   1.10   58148.    75   -45    30   -44  -0.83
2024 286 22 32    4.00   -2.15    1.50  -564.5    -3.7    29.8   1.10   43486.    60   -44    16   -44  -0.85
2024 286 22 33    4.03   -2.18    1.37 99999.9 99999.9 99999.9 999.99 9999999.    59   -42    17   -44 999.99
2024 286 22 34    4.08   -2.01    1.41 99999.9 99999.9 99999.9 999.99 9999999.    56   -40    16   -43 999.99
2024 286 22 35    4.07   -2.02    1.45 99999.9 99999.9 99999.9 999.99 9999999.    58   -40    18   -43 999.99
2024 286 22 36    3.98   -2.08    1.53 99999.9 99999.9 99999.9 999.99 9999999.    62   -41    21   -43 999.99
2024 286 22 37    3.96   -2.22    1.36 99999.9 99999.9 99999.9 999.99 9999999.    74   -46    28   -43 999.99
2024 286 22 38    4.25   -1.95    0.94  -552.2     6.1     1.1   1.64   63510.    81   -46    35   -43  -0.52
2024 286 22 39    4.04   -2.06    1.32  -553.3    -7.1    10.1   1.46   90382.    66   -45    21   -43  -0.73
2024 286 22 40    4.03   -2.03    1.35  -554.5   -16.7    16.9   1.37  113122.    58   -41    17   -43  -0.75
2024 286 22 41    4.14   -2.04    0.91  -553.4    -4.2    18.9   1.45   78972.    53   -35    18   -43  -0.50
2024 286 22 42    4.17   -1.96    0.95  -553.3    -1.8    14.7   1.54   76656.    50   -30    20   -43  -0.53
2024 286 22 43    4.12   -1.95    1.22  -553.2     7.2     7.7   1.49   98673.    53   -28    25   -43  -0.68
2024 286 22 44    4.14   -1.87    1.30  -558.4    -9.2    -2.3   1.44  102580.    66   -26    40   -43  -0.73
2024 286 22 45    4.11   -2.02    1.11 99999.9 99999.9 99999.9 999.99 9999999.    65   -28    37   -43 999.99
2024 286 22 46    4.06   -1.93    1.31  -548.4     5.1    20.3   1.63   65485.    49   -28    21   -43  -0.72
2024 286 22 47    4.11   -1.22    2.08  -548.0     5.0    12.2   1.69   61535.    40   -24    16   -43  -1.14
2024 286 22 48    4.09   -1.49    1.88  -562.3     5.6     3.7   1.52  110516.    39   -21    18   -43  -1.06
2024 286 22 49    4.11   -2.00    1.30  -562.3     5.6     3.7   1.52  110516.    41   -19    22   -43  -0.73
2024 286 22 50    3.94   -2.50    0.44  -558.5     1.5     6.7   1.47  101417.    43   -18    25   -44  -0.25
2024 286 22 51    3.84   -2.53    0.56  -548.9    -8.5    15.9   1.33   77832.    41   -17    24   -43  -0.31
2024 286 22 52    3.70   -2.86    0.07  -542.5   -10.6    30.8   1.05   60981.    45   -17    28   -43  -0.04
2024 286 22 53    3.74   -0.82    2.54  -563.4    -4.3    36.4   2.19   39206.    53   -18    35   -43  -1.43
2024 286 22 54    3.57   -0.78    2.79  -563.4    -2.9    35.7   2.18   40117.    50   -16    34   -43  -1.57
2024 286 22 55    3.80   -1.34    2.27  -557.2     8.5    27.5   1.68   55178.    51   -17    34   -43  -1.27
2024 286 22 56    3.67   -1.29    2.46  -557.2     8.5    27.5   1.68   55178.    39   -15    24   -43  -1.37
2024 286 22 57    3.87   -0.83    2.34  -559.2     0.8    33.8   2.19   43313.    46   -13    33   -42  -1.31
2024 286 22 58    3.61   -1.58    2.45  -560.7    -2.6    33.1   2.23   48610.    63   -24    39   -42  -1.38
2024 286 22 59    3.46   -2.06    2.27  -566.6   -22.4    35.2   1.58   79644.    69   -29    40   -42  -1.29
2024 286 23  0    3.59   -1.63    2.37 99999.9 99999.9 99999.9 999.99 9999999.    57   -20    37   -42 999.99
2024 286 23  1    3.58   -0.36    3.03  -568.0   -17.5    39.6   1.49   93584.    43   -14    29   -42  -1.73
2024 286 23  2    3.60   -0.80    2.93  -568.0   -17.5    39.6   1.49   93584.    41   -15    26   -42  -1.67
2024 286 23  3    3.62   -1.04    2.81 99999.9 99999.9 99999.9 999.99 9999999.    44   -15    29   -41 999.99
2024 286 23  4    3.52   -1.73    2.57 99999.9 99999.9 99999.9 999.99 9999999.    48   -14    34   -42 999.99
2024 286 23  5    3.30   -1.99    2.70 99999.9 99999.9 99999.9 999.99 9999999.    58   -15    43   -42 999.99
2024 286 23  6    3.39   -1.73    2.76 99999.9 99999.9 99999.9 999.99 9999999.    59   -14    45   -42 999.99
2024 286 23  7    3.50   -1.21    2.87 99999.9 99999.9 99999.9 999.99 9999999.    61   -15    46   -42 999.99
2024 286 23  8    3.52   -1.19    2.79  -569.6   -12.8    51.1   2.46   39495.    52   -18    34   -42  -1.60
2024 286 23  9    3.55   -1.08    2.79  -569.6   -12.8    51.1   2.46   39495.    62   -19    43   -42  -1.60
2024 286 23 10    3.51   -1.31    2.72  -564.3    13.2    23.8   1.62   75602.    51   -17    34   -42  -1.54
2024 286 23 11    2.85   -2.73    2.66  -564.3    13.2    23.8   1.62   75602.    36   -14    22   -41  -1.50
2024 286 23 12    2.82   -2.61    2.64  -564.3    13.2    23.8   1.62   75602.    47   -19    28   -41  -1.49
2024 286 23 13    3.92   -1.18    2.27 99999.9 99999.9 99999.9 999.99 9999999.    67   -27    40   -41 999.99
2024 286 23 14    3.83   -1.41    2.23 99999.9 99999.9 99999.9 999.99 9999999.    70   -27    43   -40 999.99
2024 286 23 15    3.84   -1.59    2.07  -555.4    -2.5    24.3   1.78   44459.    64   -24    40   -40  -1.15
2024 286 23 16    3.43   -1.90    2.54  -557.8    -5.2    25.4   1.96   42875.    49   -17    32   -40  -1.42
2024 286 23 17    3.59   -1.99    2.27 99999.9 99999.9 99999.9 999.99 9999999.    40   -10    30   -40 999.99
2024 286 23 18    3.56   -2.03    2.23 99999.9 99999.9 99999.9 999.99 9999999.    44   -11    33   -40 999.99
2024 286 23 19    3.64   -2.04    2.11 99999.9 99999.9 99999.9 999.99 9999999.    47   -12    35   -40 999.99
2024 286 23 20    3.59   -2.01    2.22 99999.9 99999.9 99999.9 999.99 9999999.    48   -11    37   -40 999.99
2024 286 23 21    4.05   -1.95    1.30  -553.8   -13.7    -8.2   2.45   36493.    48   -10    38   -40  -0.72
2024 286 23 22    4.09   -1.92    1.28  -554.8    -9.9     1.6   2.29   40696.    47   -12    35   -40  -0.71
2024 286 23 23    4.11   -1.98    1.17  -556.1    -5.4    13.4   2.10   45786.    43   -13    30   -40  -0.65
2024 286 23 24    4.06   -1.96    1.25  -558.0   -13.2    20.0   2.37   39880.    34   -12    22   -40  -0.70
2024 286 23 25    4.13   -1.87    0.60  -554.1   -16.7    22.7   2.27   41201.    33   -11    22   -40  -0.33
2024 286 23 26    4.17   -1.88    0.28  -551.4   -11.9    -0.3   2.01   46945.    40   -11    29   -40  -0.15
2024 286 23 27    4.09   -1.95    0.43  -551.8    -9.2    -8.8   1.97   48385.    43   -14    29   -41  -0.24
2024 286 23 28    3.96   -2.23    0.22  -544.9   -23.7    -9.1   1.35   72196.    42   -14    28   -41  -0.12
2024 286 23 29    4.06   -2.02    0.03  -545.5   -19.0    -5.6   1.45   68512.    48   -12    36   -40  -0.02
2024 286 23 30    3.75   -2.45    0.80  -546.8   -10.9    -0.3   1.66   61455.    51   -12    39   -40  -0.44
2024 286 23 31    4.08   -1.96   -0.05 99999.9 99999.9 99999.9 999.99 9999999.    44   -13    31   -40 999.99
2024 286 23 32    4.17   -1.77   -0.07 99999.9 99999.9 99999.9 999.99 9999999.    49   -15    34   -40 999.99
2024 286 23 33    4.02   -1.99    0.49 99999.9 99999.9 99999.9 999.99 9999999.    42   -16    26   -40 999.99
2024 286 23 34    4.02   -2.01    0.45  -545.4   -16.0     1.2   1.50   67325.    37   -17    20   -40  -0.25
2024 286 23 35    4.11   -1.86    0.21  -545.3   -15.6     0.9   1.50   67559.    36   -24    12   -40  -0.11
2024 286 23 36    4.11   -1.86    0.21 99999.9 99999.9 99999.9 999.99 9999999.    40   -23    17   -40 999.99
2024 286 23 37    4.00   -2.04    0.59 99999.9 99999.9 99999.9 999.99 9999999.    39   -11    28   -39 999.99
2024 286 23 38 9999.99 9999.99 9999.99 99999.9 99999.9 99999.9 999.99 9999999.    49   -11    38   -39 999.99
2024 286 23 39    4.10   -1.64    0.06 99999.9 99999.9 99999.9 999.99 9999999.    48   -14    34   -39 999.99
2024 286 23 40 9999.99 9999.99 9999.99 99999.9 99999.9 99999.9 999.99 9999999.    49   -16    33   -38 999.99
2024 286 23 41    4.15   -1.73    0.18 99999.9 99999.9 99999.9 999.99 9999999.    56   -25    31   -38 999.99
2024 286 23 42 9999.99 9999.99 9999.99 99999.9 99999.9 99999.9 999.99 9999999.    33   -22    11   -37 999.99
2024 286 23 43    4.07   -1.91    0.42 99999.9 99999.9 99999.9 999.99 9999999.    32   -23     9   -37 999.99
2024 286 23 44 9999.99 9999.99 9999.99 99999.9 99999.9 99999.9 999.99 9999999.    41   -21    20   -37 999.99
2024 286 23 45    3.97   -1.71    0.20  -542.3    -6.7    14.2   1.58   63805.    40    -8    32   -37  -0.11
2024 286 23 46    4.19   -1.69    0.10  -538.9     4.9    14.5   1.53   70334.    48   -11    37   -36  -0.05
2024 286 23 47    4.14   -1.69    0.19  -538.6   -17.9   -11.6   1.87   49416.    85   -45    40   -37  -0.10
2024 286 23 48    4.19   -1.54    0.19  -540.6   -18.0    -2.5   1.70   58094.    96   -63    33   -37  -0.10
2024 286 23 49    4.17   -1.53    0.21  -543.6   -16.2    12.9   1.42   72680.    83   -49    34   -37  -0.11
2024 286 23 50    4.17   -1.59    0.23 99999.9 99999.9 99999.9 999.99 9999999.    91   -48    43   -37 999.99
2024 286 23 51    4.21   -1.55    0.26 99999.9 99999.9 99999.9 999.99 9999999.    89   -46    43   -38 999.99
2024 286 23 52    4.22   -1.55    0.42  -540.9   -17.5     1.1   1.24   95017.   128   -49    79   -38  -0.23
2024 286 23 53    4.20   -1.62    0.41  -540.9   -17.5     1.1   1.24   95017.   142   -47    95   -39  -0.22
2024 286 23 54    4.21   -1.56    0.53 99999.9 99999.9 99999.9 999.99 9999999.   131   -42    89   -39 999.99
2024 286 23 55    4.23   -1.48    0.54 99999.9 99999.9 99999.9 999.99 9999999.   113   -35    78   -39 999.99
2024 286 23 56    4.26   -1.31    0.67  -534.4   -12.8     9.3   1.24   72428.    77   -25    52   -39  -0.36
2024 286 23 57    4.23   -1.30    0.82  -534.4   -12.8     9.3   1.24   72428.    35   -16    19   -39  -0.44
2024 286 23 58    4.21   -1.32    0.93  -534.4   -12.8     9.3   1.24   72428.    38   -16    22   -39  -0.50
2024 286 23 59    4.20   -1.20    1.07 99999.9 99999.9 99999.9 999.99 9999999.    40   -26    14   -39 999.99
</pre><hr><HR>
<ADDRESS>
<table>
<tr>
<td>
If you have any questions about OMNIWeb Plus Interface,contact:<br>
<A HREF="mailto:Natalia.E.Papitashvili@nasa.gov">
Dr. Natalia Papitashvili</A>, Code 672, Greenbelt, MD 20771.
</ADDRESS>
</td></tr>
</table>
<HR>
<H6>Last Update: June 03, 2025, NEP.</H6>
</BODY>
</HTML>
